<COLLADA xmlns="http://www.collada.org/2005/11/COLLADASchema" version="1.4.1">
  <asset>
    <contributor/>
    <created>2025-09-05T08:30:01.383724</created>
    <modified>2025-09-05T08:30:01.383724</modified>
    <unit name="meter" meter="1.0"/>
    <up_axis>Z_UP</up_axis>
  </asset>
  <library_effects>
    <effect id="effect_Mesh005" name="effect_Mesh005">
      <profile_COMMON>
        <technique sid="common">
          <phong>
            <emission>
              <color>0.0 0.0 0.0 1.0</color>
            </emission>
            <ambient>
              <color>0.0 0.0 0.0 1.0</color>
            </ambient>
            <diffuse>
              <color>0.6784313917160034 0.7098039388656616 0.7411764860153198 1.0</color>
            </diffuse>
            <specular>
              <color>1 1 1 1.0</color>
            </specular>
            <shininess>
              <float>0.0</float>
            </shininess>
            <reflective>
              <color>0.0 0.0 0.0 1.0</color>
            </reflective>
            <reflectivity>
              <float>0.0</float>
            </reflectivity>
            <transparent>
              <color>0.0 0.0 0.0 1.0</color>
            </transparent>
            <transparency>
              <float>1.0</float>
            </transparency>
          </phong>
        </technique>
        <extra>
          <technique profile="GOOGLEEARTH">
            <double_sided>0</double_sided>
          </technique>
        </extra>
      </profile_COMMON>
    </effect>
  </library_effects>
  <library_geometries>
    <geometry id="geometry0" name="Mesh005">
      <mesh>
        <source id="cubeverts-array0">
          <float_array count="13962" id="cubeverts-array0-array">0.0179166 0.05 0.0565 0.01789137 0.04959893 0.0565 0.0179166 0.05 0.0665 0.01789137 0.04959893 0.0665 0.01781607 0.04920419 0.0565 0.01781607 0.04920419 0.0665 0.01769188 0.048822 0.0565 0.01769188 0.048822 0.0665 0.01752078 0.04845839 0.0565 0.01752078 0.04845839 0.0665 0.01730545 0.04811909 0.0565 0.01730545 0.04811909 0.0665 0.0170493 0.04780945 0.0565 0.0170493 0.04780945 0.0665 0.01675636 0.04753436 0.0565 0.01675636 0.04753436 0.0665 0.01643125 0.04729815 0.0565 0.01643125 0.04729815 0.0665 0.01607909 0.04710455 0.0565 0.01607909 0.04710455 0.0665 0.01570545 0.04695662 0.0565 0.01570545 0.04695662 0.0665 0.01531622 0.04685668 0.0665 0.01531622 0.04685668 0.0565 0.01491753 0.04680632 0.0565 0.01491753 0.04680632 0.0665 0.01451567 0.04680632 0.0665 0.01451567 0.04680632 0.0565 0.01411698 0.04685668 0.0565 0.01411698 0.04685668 0.0665 0.01372775 0.04695662 0.0565 0.01372775 0.04695662 0.0665 0.01335411 0.04710455 0.0565 0.01335411 0.04710455 0.0665 0.01300195 0.04729815 0.0565 0.01300195 0.04729815 0.0665 0.01267684 0.04753436 0.0565 0.01267684 0.04753436 0.0665 0.0123839 0.04780945 0.0565 0.0123839 0.04780945 0.0665 0.01212775 0.04811909 0.0565 0.01212775 0.04811909 0.0665 0.01191242 0.04845839 0.0565 0.01191242 0.04845839 0.0665 0.01174131 0.048822 0.0565 0.01174131 0.048822 0.0665 0.01161713 0.04920419 0.0565 0.01161713 0.04920419 0.0665 0.01154183 0.04959893 0.0565 0.01154183 0.04959893 0.0665 0.0115166 0.05 0.0665 0.0115166 0.05 0.0565 0.0329166 0.05 0.0565 0.03289137 0.04959893 0.0565 0.0329166 0.05 0.0665 0.03289137 0.04959893 0.0665 0.03281607 0.04920419 0.0565 0.03281607 0.04920419 0.0665 0.03269188 0.048822 0.0565 0.03269188 0.048822 0.0665 0.03252078 0.04845839 0.0565 0.03252078 0.04845839 0.0665 0.03230545 0.04811909 0.0565 0.03230545 0.04811909 0.0665 0.0320493 0.04780945 0.0565 0.0320493 0.04780945 0.0665 0.03175636 0.04753436 0.0565 0.03175636 0.04753436 0.0665 0.03143125 0.04729815 0.0565 0.03143125 0.04729815 0.0665 0.03107909 0.04710455 0.0565 0.03107909 0.04710455 0.0665 0.03070545 0.04695662 0.0565 0.03070545 0.04695662 0.0665 0.03031622 0.04685668 0.0665 0.03031622 0.04685668 0.0565 0.02991753 0.04680632 0.0565 0.02991753 0.04680632 0.0665 0.02951567 0.04680632 0.0665 0.02951567 0.04680632 0.0565 0.02911698 0.04685668 0.0565 0.02911698 0.04685668 0.0665 0.02872775 0.04695662 0.0565 0.02872775 0.04695662 0.0665 0.02835411 0.04710455 0.0565 0.02835411 0.04710455 0.0665 0.02800196 0.04729815 0.0565 0.02800196 0.04729815 0.0665 0.02767684 0.04753436 0.0565 0.02767684 0.04753436 0.0665 0.0273839 0.04780945 0.0565 0.0273839 0.04780945 0.0665 0.02712774 0.04811909 0.0565 0.02712774 0.04811909 0.0665 0.02691242 0.04845839 0.0565 0.02691242 0.04845839 0.0665 0.02674132 0.048822 0.0565 0.02674132 0.048822 0.0665 0.02661713 0.04920419 0.0565 0.02661713 0.04920419 0.0665 0.02654183 0.04959893 0.0565 0.02654183 0.04959893 0.0665 0.0265166 0.05 0.0665 0.0265166 0.05 0.0565 0.0029166 0.05 0.0565 0.002891367 0.04959893 0.0565 0.0029166 0.05 0.0665 0.002891367 0.04959893 0.0665 0.002816066 0.04920419 0.0565 0.002816066 0.04920419 0.0665 0.002691885 0.048822 0.0565 0.002691885 0.048822 0.0665 0.002520781 0.04845839 0.0565 0.002520781 0.04845839 0.0665 0.002305454 0.04811909 0.0565 0.002305454 0.04811909 0.0665 0.0020493 0.04780945 0.0565 0.0020493 0.04780945 0.0665 0.001756357 0.04753436 0.0565 0.001756357 0.04753436 0.0665 0.001431246 0.04729815 0.0565 0.001431246 0.04729815 0.0665 0.001079094 0.04710455 0.0565 0.001079094 0.04710455 0.0665 0.0007054544 0.04695662 0.0565 0.0007054544 0.04695662 0.0665 0.0003162202 0.04685668 0.0665 0.0003162202 0.04685668 0.0565 -8.247034e-05 0.04680632 0.0565 -8.247034e-05 0.04680632 0.0665 -0.0004843297 0.04680632 0.0665 -0.0004843297 0.04680632 0.0565 -0.0008830202 0.04685668 0.0565 -0.0008830202 0.04685668 0.0665 -0.001272254 0.04695662 0.0565 -0.001272254 0.04695662 0.0665 -0.001645894 0.04710455 0.0565 -0.001645894 0.04710455 0.0665 -0.001998046 0.04729815 0.0565 -0.001998046 0.04729815 0.0665 -0.002323157 0.04753436 0.0565 -0.002323157 0.04753436 0.0665 -0.0026161 0.04780945 0.0565 -0.0026161 0.04780945 0.0665 -0.002872254 0.04811909 0.0565 -0.002872254 0.04811909 0.0665 -0.003087581 0.04845839 0.0565 -0.003087581 0.04845839 0.0665 -0.003258685 0.048822 0.0565 -0.003258685 0.048822 0.0665 -0.003382866 0.04920419 0.0565 -0.003382866 0.04920419 0.0665 -0.003458167 0.04959893 0.0565 -0.003458167 0.04959893 0.0665 -0.0034834 0.05 0.0665 -0.0034834 0.05 0.0565 -0.0120834 0.05 0.0565 -0.01210863 0.04959893 0.0565 -0.0120834 0.05 0.0665 -0.01210863 0.04959893 0.0665 -0.01218393 0.04920419 0.0565 -0.01218393 0.04920419 0.0665 -0.01230812 0.048822 0.0665 -0.01230812 0.048822 0.0565 -0.01247922 0.04845839 0.0565 -0.01247922 0.04845839 0.0665 -0.01269455 0.04811909 0.0565 -0.01269455 0.04811909 0.0665 -0.0129507 0.04780945 0.0565 -0.0129507 0.04780945 0.0665 -0.01324364 0.04753436 0.0565 -0.01324364 0.04753436 0.0665 -0.01356875 0.04729815 0.0665 -0.01356875 0.04729815 0.0565 -0.01392091 0.04710455 0.0565 -0.01392091 0.04710455 0.0665 -0.01429455 0.04695662 0.0565 -0.01429455 0.04695662 0.0665 -0.01468378 0.04685668 0.0565 -0.01468378 0.04685668 0.0665 -0.01508247 0.04680632 0.0665 -0.01508247 0.04680632 0.0565 -0.01548433 0.04680632 0.0565 -0.01548433 0.04680632 0.0665 -0.01588302 0.04685668 0.0565 -0.01588302 0.04685668 0.0665 -0.01627225 0.04695662 0.0665 -0.01627225 0.04695662 0.0565 -0.01664589 0.04710455 0.0565 -0.01664589 0.04710455 0.0665 -0.01699804 0.04729815 0.0565 -0.01699804 0.04729815 0.0665 -0.01732316 0.04753436 0.0565 -0.01732316 0.04753436 0.0665 -0.0176161 0.04780945 0.0565 -0.0176161 0.04780945 0.0665 -0.01787226 0.04811909 0.0565 -0.01787226 0.04811909 0.0665 -0.01808758 0.04845839 0.0565 -0.01808758 0.04845839 0.0665 -0.01825868 0.048822 0.0565 -0.01825868 0.048822 0.0665 -0.01838287 0.04920419 0.0565 -0.01838287 0.04920419 0.0665 -0.01845817 0.04959893 0.0565 -0.01845817 0.04959893 0.0665 -0.0184834 0.05 0.0565 -0.0184834 0.05 0.0665 -0.0270834 0.05 0.0565 -0.02710863 0.04959893 0.0565 -0.0270834 0.05 0.0665 -0.02710863 0.04959893 0.0665 -0.02718393 0.04920419 0.0565 -0.02718393 0.04920419 0.0665 -0.02730812 0.048822 0.0665 -0.02730812 0.048822 0.0565 -0.02747922 0.04845839 0.0565 -0.02747922 0.04845839 0.0665 -0.02769455 0.04811909 0.0565 -0.02769455 0.04811909 0.0665 -0.0279507 0.04780945 0.0565 -0.0279507 0.04780945 0.0665 -0.02824364 0.04753436 0.0565 -0.02824364 0.04753436 0.0665 -0.02856875 0.04729815 0.0665 -0.02856875 0.04729815 0.0565 -0.02892091 0.04710455 0.0565 -0.02892091 0.04710455 0.0665 -0.02929455 0.04695662 0.0565 -0.02929455 0.04695662 0.0665 -0.02968378 0.04685668 0.0565 -0.02968378 0.04685668 0.0665 -0.03008247 0.04680632 0.0665 -0.03008247 0.04680632 0.0565 -0.03048433 0.04680632 0.0565 -0.03048433 0.04680632 0.0665 -0.03088302 0.04685668 0.0565 -0.03088302 0.04685668 0.0665 -0.03127225 0.04695662 0.0665 -0.03127225 0.04695662 0.0565 -0.03164589 0.04710455 0.0565 -0.03164589 0.04710455 0.0665 -0.03199804 0.04729815 0.0565 -0.03199804 0.04729815 0.0665 -0.03232316 0.04753436 0.0565 -0.03232316 0.04753436 0.0665 -0.0326161 0.04780945 0.0565 -0.0326161 0.04780945 0.0665 -0.03287225 0.04811909 0.0565 -0.03287225 0.04811909 0.0665 -0.03308758 0.04845839 0.0565 -0.03308758 0.04845839 0.0665 -0.03325869 0.048822 0.0565 -0.03325869 0.048822 0.0665 -0.03338287 0.04920419 0.0565 -0.03338287 0.04920419 0.0665 -0.03345817 0.04959893 0.0565 -0.03345817 0.04959893 0.0665 -0.0334834 0.05 0.0565 -0.0334834 0.05 0.0665 -0.03345817 0.05040107 0.0565 -0.03345817 0.05040107 0.0665 -0.03338287 0.05079581 0.0665 -0.03338287 0.05079581 0.0565 -0.03325869 0.051178 0.0665 -0.03325869 0.051178 0.0565 -0.03308758 0.05154161 0.0565 -0.03308758 0.05154161 0.0665 -0.03287225 0.05188091 0.0565 -0.03287225 0.05188091 0.0665 -0.0326161 0.05219055 0.0565 -0.0326161 0.05219055 0.0665 -0.03232316 0.05246564 0.0565 -0.03232316 0.05246564 0.0665 -0.03199804 0.05270185 0.0565 -0.03199804 0.05270185 0.0665 -0.03164589 0.05289545 0.0665 -0.03164589 0.05289545 0.0565 -0.03127225 0.05304338 0.0665 -0.03127225 0.05304338 0.0565 -0.03088302 0.05314332 0.0565 -0.03088302 0.05314332 0.0665 -0.03048433 0.05319368 0.0565 -0.03048433 0.05319368 0.0665 -0.03008247 0.05319368 0.0565 -0.03008247 0.05319368 0.0665 -0.02968378 0.05314332 0.0565 -0.02968378 0.05314332 0.0665 -0.02929455 0.05304338 0.0565 -0.02929455 0.05304338 0.0665 -0.02892091 0.05289545 0.0565 -0.02892091 0.05289545 0.0665 -0.02856875 0.05270185 0.0665 -0.02856875 0.05270185 0.0565 -0.02824364 0.05246564 0.0565 -0.02824364 0.05246564 0.0665 -0.0279507 0.05219055 0.0565 -0.0279507 0.05219055 0.0665 -0.02769455 0.05188091 0.0565 -0.02769455 0.05188091 0.0665 -0.02747922 0.05154161 0.0565 -0.02747922 0.05154161 0.0665 -0.02730812 0.051178 0.0565 -0.02730812 0.051178 0.0665 -0.02718393 0.05079581 0.0565 -0.02718393 0.05079581 0.0665 -0.02710863 0.05040107 0.0565 -0.02710863 0.05040107 0.0665 -0.01845817 0.05040107 0.0565 -0.01845817 0.05040107 0.0665 -0.01838287 0.05079581 0.0565 -0.01838287 0.05079581 0.0665 -0.01825868 0.051178 0.0565 -0.01825868 0.051178 0.0665 -0.01808758 0.05154161 0.0565 -0.01808758 0.05154161 0.0665 -0.01787226 0.05188091 0.0565 -0.01787226 0.05188091 0.0665 -0.0176161 0.05219055 0.0665 -0.0176161 0.05219055 0.0565 -0.01732316 0.05246564 0.0565 -0.01732316 0.05246564 0.0665 -0.01699804 0.05270185 0.0565 -0.01699804 0.05270185 0.0665 -0.01664589 0.05289545 0.0665 -0.01664589 0.05289545 0.0565 -0.01627225 0.05304338 0.0565 -0.01627225 0.05304338 0.0665 -0.01588302 0.05314332 0.0565 -0.01588302 0.05314332 0.0665 -0.01548433 0.05319368 0.0665 -0.01548433 0.05319368 0.0565 -0.01508247 0.05319368 0.0665 -0.01508247 0.05319368 0.0565 -0.01468378 0.05314332 0.0565 -0.01468378 0.05314332 0.0665 -0.01429455 0.05304338 0.0565 -0.01429455 0.05304338 0.0665 -0.01392091 0.05289545 0.0565 -0.01392091 0.05289545 0.0665 -0.01356875 0.05270185 0.0565 -0.01356875 0.05270185 0.0665 -0.01324364 0.05246564 0.0565 -0.01324364 0.05246564 0.0665 -0.0129507 0.05219055 0.0565 -0.0129507 0.05219055 0.0665 -0.01269455 0.05188091 0.0565 -0.01269455 0.05188091 0.0665 -0.01247922 0.05154161 0.0565 -0.01247922 0.05154161 0.0665 -0.01230812 0.051178 0.0565 -0.01230812 0.051178 0.0665 -0.01218393 0.05079581 0.0565 -0.01218393 0.05079581 0.0665 -0.01210863 0.05040107 0.0565 -0.01210863 0.05040107 0.0665 -0.003458167 0.05040107 0.0565 -0.003458167 0.05040107 0.0665 -0.003382866 0.05079581 0.0665 -0.003382866 0.05079581 0.0565 -0.003258685 0.051178 0.0665 -0.003258685 0.051178 0.0565 -0.003087581 0.05154161 0.0565 -0.003087581 0.05154161 0.0665 -0.002872254 0.05188091 0.0565 -0.002872254 0.05188091 0.0665 -0.0026161 0.05219055 0.0565 -0.0026161 0.05219055 0.0665 -0.002323157 0.05246564 0.0565 -0.002323157 0.05246564 0.0665 -0.001998046 0.05270185 0.0565 -0.001998046 0.05270185 0.0665 -0.001645894 0.05289545 0.0665 -0.001645894 0.05289545 0.0565 -0.001272254 0.05304338 0.0665 -0.001272254 0.05304338 0.0565 -0.0008830202 0.05314332 0.0565 -0.0008830202 0.05314332 0.0665 -0.0004843297 0.05319368 0.0565 -0.0004843297 0.05319368 0.0665 -8.247034e-05 0.05319368 0.0565 -8.247034e-05 0.05319368 0.0665 0.0003162202 0.05314332 0.0565 0.0003162202 0.05314332 0.0665 0.0007054544 0.05304338 0.0565 0.0007054544 0.05304338 0.0665 0.001079094 0.05289545 0.0565 0.001079094 0.05289545 0.0665 0.001431246 0.05270185 0.0665 0.001431246 0.05270185 0.0565 0.001756357 0.05246564 0.0565 0.001756357 0.05246564 0.0665 0.0020493 0.05219055 0.0565 0.0020493 0.05219055 0.0665 0.002305454 0.05188091 0.0565 0.002305454 0.05188091 0.0665 0.002520781 0.05154161 0.0565 0.002520781 0.05154161 0.0665 0.002691885 0.051178 0.0565 0.002691885 0.051178 0.0665 0.002816066 0.05079581 0.0565 0.002816066 0.05079581 0.0665 0.002891367 0.05040107 0.0565 0.002891367 0.05040107 0.0665 -0.0377834 0.059 0.0665 0.0372166 0.059 0.0665 -0.0377834 0.059 0.0565 0.0372166 0.059 0.0565 -0.0377834 0.035 0.0665 -0.0377834 0.035 0.0565 0.0372166 0.035 0.0665 0.0372166 0.035 0.0565 0.03269188 0.051178 0.0665 0.03252078 0.05154161 0.0665 0.03281607 0.05079581 0.0665 0.03289137 0.05040107 0.0665 0.03175636 0.05246564 0.0665 0.03143125 0.05270185 0.0665 0.0320493 0.05219055 0.0665 0.03230545 0.05188091 0.0665 0.03107909 0.05289545 0.0665 0.03070545 0.05304338 0.0665 0.03031622 0.05314332 0.0665 0.02991753 0.05319368 0.0665 0.02951567 0.05319368 0.0665 0.02911698 0.05314332 0.0665 0.02872775 0.05304338 0.0665 0.01789137 0.05040107 0.0665 0.02654183 0.05040107 0.0665 0.02661713 0.05079581 0.0665 0.01781607 0.05079581 0.0665 0.02674132 0.051178 0.0665 0.01769188 0.051178 0.0665 0.02691242 0.05154161 0.0665 0.01752078 0.05154161 0.0665 0.01730545 0.05188091 0.0665 0.02712774 0.05188091 0.0665 0.0273839 0.05219055 0.0665 0.0170493 0.05219055 0.0665 0.01675636 0.05246564 0.0665 0.02767684 0.05246564 0.0665 0.02800196 0.05270185 0.0665 0.01643125 0.05270185 0.0665 0.02835411 0.05289545 0.0665 0.01607909 0.05289545 0.0665 0.01570545 0.05304338 0.0665 0.01531622 0.05314332 0.0665 0.01491753 0.05319368 0.0665 0.01154183 0.05040107 0.0665 0.01161713 0.05079581 0.0665 0.01174131 0.051178 0.0665 0.01191242 0.05154161 0.0665 0.01212775 0.05188091 0.0665 0.0123839 0.05219055 0.0665 0.01267684 0.05246564 0.0665 0.01300195 0.05270185 0.0665 0.01335411 0.05289545 0.0665 0.01372775 0.05304338 0.0665 0.01411698 0.05314332 0.0665 0.01451567 0.05319368 0.0665 0.03175636 0.05246564 0.0565 0.03143125 0.05270185 0.0565 0.0320493 0.05219055 0.0565 0.03230545 0.05188091 0.0565 0.03252078 0.05154161 0.0565 0.03269188 0.051178 0.0565 0.03281607 0.05079581 0.0565 0.03289137 0.05040107 0.0565 0.03107909 0.05289545 0.0565 0.03070545 0.05304338 0.0565 0.03031622 0.05314332 0.0565 0.02991753 0.05319368 0.0565 0.02951567 0.05319368 0.0565 0.02911698 0.05314332 0.0565 0.02872775 0.05304338 0.0565 0.01789137 0.05040107 0.0565 0.02654183 0.05040107 0.0565 0.01781607 0.05079581 0.0565 0.02661713 0.05079581 0.0565 0.01769188 0.051178 0.0565 0.02674132 0.051178 0.0565 0.02691242 0.05154161 0.0565 0.01752078 0.05154161 0.0565 0.02712774 0.05188091 0.0565 0.01730545 0.05188091 0.0565 0.0170493 0.05219055 0.0565 0.0273839 0.05219055 0.0565 0.01675636 0.05246564 0.0565 0.02767684 0.05246564 0.0565 0.02800196 0.05270185 0.0565 0.01643125 0.05270185 0.0565 0.02835411 0.05289545 0.0565 0.01607909 0.05289545 0.0565 0.01570545 0.05304338 0.0565 0.01531622 0.05314332 0.0565 0.01491753 0.05319368 0.0565 0.01154183 0.05040107 0.0565 0.01161713 0.05079581 0.0565 0.01174131 0.051178 0.0565 0.01191242 0.05154161 0.0565 0.01212775 0.05188091 0.0565 0.0123839 0.05219055 0.0565 0.01267684 0.05246564 0.0565 0.01300195 0.05270185 0.0565 0.01335411 0.05289545 0.0565 0.01372775 0.05304338 0.0565 0.01411698 0.05314332 0.0565 0.01451567 0.05319368 0.0565 -0.0184834 -0.05 0.0565 -0.01845817 -0.04959893 0.0565 -0.0184834 -0.05 0.0665 -0.01845817 -0.04959893 0.0665 -0.01838287 -0.04920419 0.0565 -0.01838287 -0.04920419 0.0665 -0.01825868 -0.048822 0.0665 -0.01825868 -0.048822 0.0565 -0.01808758 -0.04845839 0.0565 -0.01808758 -0.04845839 0.0665 -0.01787226 -0.04811909 0.0565 -0.01787226 -0.04811909 0.0665 -0.0176161 -0.04780945 0.0565 -0.0176161 -0.04780945 0.0665 -0.01732316 -0.04753436 0.0565 -0.01732316 -0.04753436 0.0665 -0.01699804 -0.04729815 0.0665 -0.01699804 -0.04729815 0.0565 -0.01664589 -0.04710455 0.0565 -0.01664589 -0.04710455 0.0665 -0.01627225 -0.04695662 0.0565 -0.01627225 -0.04695662 0.0665 -0.01588302 -0.04685668 0.0565 -0.01588302 -0.04685668 0.0665 -0.01548433 -0.04680632 0.0665 -0.01548433 -0.04680632 0.0565 -0.01508247 -0.04680632 0.0565 -0.01508247 -0.04680632 0.0665 -0.01468378 -0.04685668 0.0565 -0.01468378 -0.04685668 0.0665 -0.01429455 -0.04695662 0.0665 -0.01429455 -0.04695662 0.0565 -0.01392091 -0.04710455 0.0565 -0.01392091 -0.04710455 0.0665 -0.01356875 -0.04729815 0.0565 -0.01356875 -0.04729815 0.0665 -0.01324364 -0.04753436 0.0565 -0.01324364 -0.04753436 0.0665 -0.0129507 -0.04780945 0.0565 -0.0129507 -0.04780945 0.0665 -0.01269455 -0.04811909 0.0565 -0.01269455 -0.04811909 0.0665 -0.01247922 -0.04845839 0.0565 -0.01247922 -0.04845839 0.0665 -0.01230812 -0.048822 0.0565 -0.01230812 -0.048822 0.0665 -0.01218393 -0.04920419 0.0565 -0.01218393 -0.04920419 0.0665 -0.01210863 -0.04959893 0.0565 -0.01210863 -0.04959893 0.0665 -0.0120834 -0.05 0.0565 -0.0120834 -0.05 0.0665 -0.0334834 -0.05 0.0565 -0.03345817 -0.04959893 0.0565 -0.0334834 -0.05 0.0665 -0.03345817 -0.04959893 0.0665 -0.03338287 -0.04920419 0.0565 -0.03338287 -0.04920419 0.0665 -0.03325869 -0.048822 0.0565 -0.03325869 -0.048822 0.0665 -0.03308758 -0.04845839 0.0565 -0.03308758 -0.04845839 0.0665 -0.03287225 -0.04811909 0.0565 -0.03287225 -0.04811909 0.0665 -0.0326161 -0.04780945 0.0565 -0.0326161 -0.04780945 0.0665 -0.03232316 -0.04753436 0.0565 -0.03232316 -0.04753436 0.0665 -0.03199804 -0.04729815 0.0565 -0.03199804 -0.04729815 0.0665 -0.03164589 -0.04710455 0.0565 -0.03164589 -0.04710455 0.0665 -0.03127225 -0.04695662 0.0565 -0.03127225 -0.04695662 0.0665 -0.03088302 -0.04685668 0.0665 -0.03088302 -0.04685668 0.0565 -0.03048433 -0.04680632 0.0565 -0.03048433 -0.04680632 0.0665 -0.03008247 -0.04680632 0.0665 -0.03008247 -0.04680632 0.0565 -0.02968378 -0.04685668 0.0565 -0.02968378 -0.04685668 0.0665 -0.02929455 -0.04695662 0.0565 -0.02929455 -0.04695662 0.0665 -0.02892091 -0.04710455 0.0565 -0.02892091 -0.04710455 0.0665 -0.02856875 -0.04729815 0.0565 -0.02856875 -0.04729815 0.0665 -0.02824364 -0.04753436 0.0565 -0.02824364 -0.04753436 0.0665 -0.0279507 -0.04780945 0.0565 -0.0279507 -0.04780945 0.0665 -0.02769455 -0.04811909 0.0565 -0.02769455 -0.04811909 0.0665 -0.02747922 -0.04845839 0.0565 -0.02747922 -0.04845839 0.0665 -0.02730812 -0.048822 0.0565 -0.02730812 -0.048822 0.0665 -0.02718393 -0.04920419 0.0565 -0.02718393 -0.04920419 0.0665 -0.02710863 -0.04959893 0.0565 -0.02710863 -0.04959893 0.0665 -0.0270834 -0.05 0.0665 -0.0270834 -0.05 0.0565 -0.0034834 -0.05 0.0565 -0.003458167 -0.04959893 0.0565 -0.0034834 -0.05 0.0665 -0.003458167 -0.04959893 0.0665 -0.003382866 -0.04920419 0.0565 -0.003382866 -0.04920419 0.0665 -0.003258685 -0.048822 0.0565 -0.003258685 -0.048822 0.0665 -0.003087581 -0.04845839 0.0565 -0.003087581 -0.04845839 0.0665 -0.002872254 -0.04811909 0.0565 -0.002872254 -0.04811909 0.0665 -0.0026161 -0.04780945 0.0565 -0.0026161 -0.04780945 0.0665 -0.002323157 -0.04753436 0.0565 -0.002323157 -0.04753436 0.0665 -0.001998046 -0.04729815 0.0565 -0.001998046 -0.04729815 0.0665 -0.001645894 -0.04710455 0.0565 -0.001645894 -0.04710455 0.0665 -0.001272254 -0.04695662 0.0565 -0.001272254 -0.04695662 0.0665 -0.0008830202 -0.04685668 0.0665 -0.0008830202 -0.04685668 0.0565 -0.0004843297 -0.04680632 0.0565 -0.0004843297 -0.04680632 0.0665 -8.247034e-05 -0.04680632 0.0665 -8.247034e-05 -0.04680632 0.0565 0.0003162202 -0.04685668 0.0565 0.0003162202 -0.04685668 0.0665 0.0007054544 -0.04695662 0.0565 0.0007054544 -0.04695662 0.0665 0.001079094 -0.04710455 0.0565 0.001079094 -0.04710455 0.0665 0.001431246 -0.04729815 0.0565 0.001431246 -0.04729815 0.0665 0.001756357 -0.04753436 0.0565 0.001756357 -0.04753436 0.0665 0.0020493 -0.04780945 0.0565 0.0020493 -0.04780945 0.0665 0.002305454 -0.04811909 0.0565 0.002305454 -0.04811909 0.0665 0.002520781 -0.04845839 0.0565 0.002520781 -0.04845839 0.0665 0.002691885 -0.048822 0.0565 0.002691885 -0.048822 0.0665 0.002816066 -0.04920419 0.0565 0.002816066 -0.04920419 0.0665 0.002891367 -0.04959893 0.0565 0.002891367 -0.04959893 0.0665 0.0029166 -0.05 0.0665 0.0029166 -0.05 0.0565 0.0115166 -0.05 0.0565 0.01154183 -0.04959893 0.0565 0.0115166 -0.05 0.0665 0.01154183 -0.04959893 0.0665 0.01161713 -0.04920419 0.0565 0.01161713 -0.04920419 0.0665 0.01174131 -0.048822 0.0565 0.01174131 -0.048822 0.0665 0.01191242 -0.04845839 0.0565 0.01191242 -0.04845839 0.0665 0.01212775 -0.04811909 0.0565 0.01212775 -0.04811909 0.0665 0.0123839 -0.04780945 0.0565 0.0123839 -0.04780945 0.0665 0.01267684 -0.04753436 0.0565 0.01267684 -0.04753436 0.0665 0.01300195 -0.04729815 0.0565 0.01300195 -0.04729815 0.0665 0.01335411 -0.04710455 0.0565 0.01335411 -0.04710455 0.0665 0.01372775 -0.04695662 0.0565 0.01372775 -0.04695662 0.0665 0.01411698 -0.04685668 0.0665 0.01411698 -0.04685668 0.0565 0.01451567 -0.04680632 0.0565 0.01451567 -0.04680632 0.0665 0.01491753 -0.04680632 0.0665 0.01491753 -0.04680632 0.0565 0.01531622 -0.04685668 0.0565 0.01531622 -0.04685668 0.0665 0.01570545 -0.04695662 0.0565 0.01570545 -0.04695662 0.0665 0.01607909 -0.04710455 0.0565 0.01607909 -0.04710455 0.0665 0.01643125 -0.04729815 0.0565 0.01643125 -0.04729815 0.0665 0.01675636 -0.04753436 0.0565 0.01675636 -0.04753436 0.0665 0.0170493 -0.04780945 0.0565 0.0170493 -0.04780945 0.0665 0.01730545 -0.04811909 0.0565 0.01730545 -0.04811909 0.0665 0.01752078 -0.04845839 0.0565 0.01752078 -0.04845839 0.0665 0.01769188 -0.048822 0.0565 0.01769188 -0.048822 0.0665 0.01781607 -0.04920419 0.0565 0.01781607 -0.04920419 0.0665 0.01789137 -0.04959893 0.0565 0.01789137 -0.04959893 0.0665 0.0179166 -0.05 0.0665 0.0179166 -0.05 0.0565 0.0265166 -0.05 0.0565 0.02654183 -0.04959893 0.0565 0.0265166 -0.05 0.0665 0.02654183 -0.04959893 0.0665 0.02661713 -0.04920419 0.0565 0.02661713 -0.04920419 0.0665 0.02674132 -0.048822 0.0565 0.02674132 -0.048822 0.0665 0.02691242 -0.04845839 0.0565 0.02691242 -0.04845839 0.0665 0.02712774 -0.04811909 0.0565 0.02712774 -0.04811909 0.0665 0.0273839 -0.04780945 0.0565 0.0273839 -0.04780945 0.0665 0.02767684 -0.04753436 0.0565 0.02767684 -0.04753436 0.0665 0.02800196 -0.04729815 0.0565 0.02800196 -0.04729815 0.0665 0.02835411 -0.04710455 0.0565 0.02835411 -0.04710455 0.0665 0.02872775 -0.04695662 0.0565 0.02872775 -0.04695662 0.0665 0.02911698 -0.04685668 0.0665 0.02911698 -0.04685668 0.0565 0.02951567 -0.04680632 0.0565 0.02951567 -0.04680632 0.0665 0.02991753 -0.04680632 0.0665 0.02991753 -0.04680632 0.0565 0.03031622 -0.04685668 0.0565 0.03031622 -0.04685668 0.0665 0.03070545 -0.04695662 0.0565 0.03070545 -0.04695662 0.0665 0.03107909 -0.04710455 0.0565 0.03107909 -0.04710455 0.0665 0.03143125 -0.04729815 0.0565 0.03143125 -0.04729815 0.0665 0.03175636 -0.04753436 0.0565 0.03175636 -0.04753436 0.0665 0.0320493 -0.04780945 0.0565 0.0320493 -0.04780945 0.0665 0.03230545 -0.04811909 0.0565 0.03230545 -0.04811909 0.0665 0.03252078 -0.04845839 0.0565 0.03252078 -0.04845839 0.0665 0.03269188 -0.048822 0.0565 0.03269188 -0.048822 0.0665 0.03281607 -0.04920419 0.0565 0.03281607 -0.04920419 0.0665 0.03289137 -0.04959893 0.0565 0.03289137 -0.04959893 0.0665 0.0329166 -0.05 0.0665 0.0329166 -0.05 0.0565 0.03289137 -0.05040107 0.0565 0.03289137 -0.05040107 0.0665 0.03281607 -0.05079581 0.0665 0.03281607 -0.05079581 0.0565 0.03269188 -0.051178 0.0665 0.03269188 -0.051178 0.0565 0.03252078 -0.05154161 0.0565 0.03252078 -0.05154161 0.0665 0.03230545 -0.05188091 0.0565 0.03230545 -0.05188091 0.0665 0.0320493 -0.05219055 0.0565 0.0320493 -0.05219055 0.0665 0.03175636 -0.05246564 0.0565 0.03175636 -0.05246564 0.0665 0.03143125 -0.05270185 0.0565 0.03143125 -0.05270185 0.0665 0.03107909 -0.05289545 0.0665 0.03107909 -0.05289545 0.0565 0.03070545 -0.05304338 0.0665 0.03070545 -0.05304338 0.0565 0.03031622 -0.05314332 0.0565 0.03031622 -0.05314332 0.0665 0.02991753 -0.05319368 0.0565 0.02991753 -0.05319368 0.0665 0.02951567 -0.05319368 0.0565 0.02951567 -0.05319368 0.0665 0.02911698 -0.05314332 0.0565 0.02911698 -0.05314332 0.0665 0.02872775 -0.05304338 0.0565 0.02872775 -0.05304338 0.0665 0.02835411 -0.05289545 0.0565 0.02835411 -0.05289545 0.0665 0.02800196 -0.05270185 0.0665 0.02800196 -0.05270185 0.0565 0.02767684 -0.05246564 0.0565 0.02767684 -0.05246564 0.0665 0.0273839 -0.05219055 0.0565 0.0273839 -0.05219055 0.0665 0.02712774 -0.05188091 0.0565 0.02712774 -0.05188091 0.0665 0.02691242 -0.05154161 0.0565 0.02691242 -0.05154161 0.0665 0.02674132 -0.051178 0.0565 0.02674132 -0.051178 0.0665 0.02661713 -0.05079581 0.0565 0.02661713 -0.05079581 0.0665 0.02654183 -0.05040107 0.0565 0.02654183 -0.05040107 0.0665 0.01789137 -0.05040107 0.0565 0.01789137 -0.05040107 0.0665 0.01781607 -0.05079581 0.0665 0.01781607 -0.05079581 0.0565 0.01769188 -0.051178 0.0665 0.01769188 -0.051178 0.0565 0.01752078 -0.05154161 0.0565 0.01752078 -0.05154161 0.0665 0.01730545 -0.05188091 0.0565 0.01730545 -0.05188091 0.0665 0.0170493 -0.05219055 0.0565 0.0170493 -0.05219055 0.0665 0.01675636 -0.05246564 0.0565 0.01675636 -0.05246564 0.0665 0.01643125 -0.05270185 0.0565 0.01643125 -0.05270185 0.0665 0.01607909 -0.05289545 0.0665 0.01607909 -0.05289545 0.0565 0.01570545 -0.05304338 0.0665 0.01570545 -0.05304338 0.0565 0.01531622 -0.05314332 0.0565 0.01531622 -0.05314332 0.0665 0.01491753 -0.05319368 0.0565 0.01491753 -0.05319368 0.0665 0.01451567 -0.05319368 0.0565 0.01451567 -0.05319368 0.0665 0.01411698 -0.05314332 0.0565 0.01411698 -0.05314332 0.0665 0.01372775 -0.05304338 0.0565 0.01372775 -0.05304338 0.0665 0.01335411 -0.05289545 0.0565 0.01335411 -0.05289545 0.0665 0.01300195 -0.05270185 0.0665 0.01300195 -0.05270185 0.0565 0.01267684 -0.05246564 0.0565 0.01267684 -0.05246564 0.0665 0.0123839 -0.05219055 0.0565 0.0123839 -0.05219055 0.0665 0.01212775 -0.05188091 0.0565 0.01212775 -0.05188091 0.0665 0.01191242 -0.05154161 0.0565 0.01191242 -0.05154161 0.0665 0.01174131 -0.051178 0.0565 0.01174131 -0.051178 0.0665 0.01161713 -0.05079581 0.0565 0.01161713 -0.05079581 0.0665 0.01154183 -0.05040107 0.0565 0.01154183 -0.05040107 0.0665 0.002891367 -0.05040107 0.0565 0.002891367 -0.05040107 0.0665 0.002816066 -0.05079581 0.0665 0.002816066 -0.05079581 0.0565 0.002691885 -0.051178 0.0665 0.002691885 -0.051178 0.0565 0.002520781 -0.05154161 0.0565 0.002520781 -0.05154161 0.0665 0.002305454 -0.05188091 0.0565 0.002305454 -0.05188091 0.0665 0.0020493 -0.05219055 0.0565 0.0020493 -0.05219055 0.0665 0.001756357 -0.05246564 0.0565 0.001756357 -0.05246564 0.0665 0.001431246 -0.05270185 0.0565 0.001431246 -0.05270185 0.0665 0.001079094 -0.05289545 0.0665 0.001079094 -0.05289545 0.0565 0.0007054544 -0.05304338 0.0665 0.0007054544 -0.05304338 0.0565 0.0003162202 -0.05314332 0.0565 0.0003162202 -0.05314332 0.0665 -8.247034e-05 -0.05319368 0.0565 -8.247034e-05 -0.05319368 0.0665 -0.0004843297 -0.05319368 0.0565 -0.0004843297 -0.05319368 0.0665 -0.0008830202 -0.05314332 0.0565 -0.0008830202 -0.05314332 0.0665 -0.001272254 -0.05304338 0.0565 -0.001272254 -0.05304338 0.0665 -0.001645894 -0.05289545 0.0565 -0.001645894 -0.05289545 0.0665 -0.001998046 -0.05270185 0.0665 -0.001998046 -0.05270185 0.0565 -0.002323157 -0.05246564 0.0565 -0.002323157 -0.05246564 0.0665 -0.0026161 -0.05219055 0.0565 -0.0026161 -0.05219055 0.0665 -0.002872254 -0.05188091 0.0565 -0.002872254 -0.05188091 0.0665 -0.003087581 -0.05154161 0.0565 -0.003087581 -0.05154161 0.0665 -0.003258685 -0.051178 0.0565 -0.003258685 -0.051178 0.0665 -0.003382866 -0.05079581 0.0565 -0.003382866 -0.05079581 0.0665 -0.003458167 -0.05040107 0.0565 -0.003458167 -0.05040107 0.0665 0.0372166 -0.059 0.0665 -0.0377834 -0.059 0.0665 0.0372166 -0.059 0.0565 -0.0377834 -0.059 0.0565 0.0372166 -0.035 0.0665 0.0372166 -0.035 0.0565 -0.0377834 -0.035 0.0665 -0.0377834 -0.035 0.0565 -0.03325869 -0.051178 0.0665 -0.03308758 -0.05154161 0.0665 -0.03338287 -0.05079581 0.0665 -0.03345817 -0.05040107 0.0665 -0.03232316 -0.05246564 0.0665 -0.03199804 -0.05270185 0.0665 -0.0326161 -0.05219055 0.0665 -0.03287225 -0.05188091 0.0665 -0.03164589 -0.05289545 0.0665 -0.03127225 -0.05304338 0.0665 -0.03088302 -0.05314332 0.0665 -0.03048433 -0.05319368 0.0665 -0.03008247 -0.05319368 0.0665 -0.02968378 -0.05314332 0.0665 -0.02929455 -0.05304338 0.0665 -0.01845817 -0.05040107 0.0665 -0.02710863 -0.05040107 0.0665 -0.02718393 -0.05079581 0.0665 -0.01838287 -0.05079581 0.0665 -0.02730812 -0.051178 0.0665 -0.01825868 -0.051178 0.0665 -0.01808758 -0.05154161 0.0665 -0.02747922 -0.05154161 0.0665 -0.02769455 -0.05188091 0.0665 -0.01787226 -0.05188091 0.0665 -0.0176161 -0.05219055 0.0665 -0.0279507 -0.05219055 0.0665 -0.01732316 -0.05246564 0.0665 -0.02824364 -0.05246564 0.0665 -0.01699804 -0.05270185 0.0665 -0.02856875 -0.05270185 0.0665 -0.01664589 -0.05289545 0.0665 -0.02892091 -0.05289545 0.0665 -0.01627225 -0.05304338 0.0665 -0.01588302 -0.05314332 0.0665 -0.01548433 -0.05319368 0.0665 -0.01210863 -0.05040107 0.0665 -0.01218393 -0.05079581 0.0665 -0.01230812 -0.051178 0.0665 -0.01247922 -0.05154161 0.0665 -0.01269455 -0.05188091 0.0665 -0.0129507 -0.05219055 0.0665 -0.01324364 -0.05246564 0.0665 -0.01356875 -0.05270185 0.0665 -0.01392091 -0.05289545 0.0665 -0.01429455 -0.05304338 0.0665 -0.01468378 -0.05314332 0.0665 -0.01508247 -0.05319368 0.0665 -0.03232316 -0.05246564 0.0565 -0.03199804 -0.05270185 0.0565 -0.0326161 -0.05219055 0.0565 -0.03287225 -0.05188091 0.0565 -0.03308758 -0.05154161 0.0565 -0.03325869 -0.051178 0.0565 -0.03338287 -0.05079581 0.0565 -0.03345817 -0.05040107 0.0565 -0.03164589 -0.05289545 0.0565 -0.03127225 -0.05304338 0.0565 -0.03088302 -0.05314332 0.0565 -0.03048433 -0.05319368 0.0565 -0.03008247 -0.05319368 0.0565 -0.02968378 -0.05314332 0.0565 -0.02929455 -0.05304338 0.0565 -0.01845817 -0.05040107 0.0565 -0.02710863 -0.05040107 0.0565 -0.01838287 -0.05079581 0.0565 -0.02718393 -0.05079581 0.0565 -0.01825868 -0.051178 0.0565 -0.02730812 -0.051178 0.0565 -0.02747922 -0.05154161 0.0565 -0.01808758 -0.05154161 0.0565 -0.02769455 -0.05188091 0.0565 -0.01787226 -0.05188091 0.0565 -0.0176161 -0.05219055 0.0565 -0.0279507 -0.05219055 0.0565 -0.01732316 -0.05246564 0.0565 -0.02824364 -0.05246564 0.0565 -0.02856875 -0.05270185 0.0565 -0.01699804 -0.05270185 0.0565 -0.02892091 -0.05289545 0.0565 -0.01664589 -0.05289545 0.0565 -0.01627225 -0.05304338 0.0565 -0.01588302 -0.05314332 0.0565 -0.01548433 -0.05319368 0.0565 -0.01210863 -0.05040107 0.0565 -0.01218393 -0.05079581 0.0565 -0.01230812 -0.051178 0.0565 -0.01247922 -0.05154161 0.0565 -0.01269455 -0.05188091 0.0565 -0.0129507 -0.05219055 0.0565 -0.01324364 -0.05246564 0.0565 -0.01356875 -0.05270185 0.0565 -0.01392091 -0.05289545 0.0565 -0.01429455 -0.05304338 0.0565 -0.01468378 -0.05314332 0.0565 -0.01508247 -0.05319368 0.0565 0.0285 2.31591e-15 7.629395e-10 0.02848717 -0.0001957893 7.629395e-10 0.0285 2.415919e-15 0.015 0.02848717 -0.0001957893 0.015 0.02844889 -0.0003882286 7.629395e-10 0.02844889 -0.0003882286 0.015 0.02838582 -0.0005740252 7.629395e-10 0.02838582 -0.0005740252 0.015 0.02829904 -0.00075 7.629395e-10 0.02829904 -0.00075 0.015 0.02819003 -0.0009131421 7.629395e-10 0.02819003 -0.0009131421 0.015 0.02806066 -0.00106066 7.629395e-10 0.02806066 -0.00106066 0.015 0.02791314 -0.00119003 7.629395e-10 0.02791314 -0.00119003 0.015 0.02775 -0.001299038 7.629395e-10 0.02775 -0.001299038 0.015 0.02757402 -0.001385819 7.629395e-10 0.02757402 -0.001385819 0.015 0.02738823 -0.001448889 7.629395e-10 0.02738823 -0.001448889 0.015 0.02719579 -0.001487167 7.629395e-10 0.02719579 -0.001487167 0.015 0.027 -0.0015 7.629395e-10 0.027 -0.0015 0.015 0.02680421 -0.001487167 7.629395e-10 0.02680421 -0.001487167 0.015 0.02661177 -0.001448889 7.629395e-10 0.02661177 -0.001448889 0.015 0.02642598 -0.001385819 7.629395e-10 0.02642598 -0.001385819 0.015 0.02625 -0.001299038 7.629395e-10 0.02625 -0.001299038 0.015 0.02608686 -0.00119003 7.629395e-10 0.02608686 -0.00119003 0.015 0.02593934 -0.00106066 7.629395e-10 0.02593934 -0.00106066 0.015 0.02580997 -0.0009131421 7.629395e-10 0.02580997 -0.0009131421 0.015 0.02570096 -0.00075 7.629395e-10 0.02570096 -0.00075 0.015 0.02561418 -0.0005740252 7.629395e-10 0.02561418 -0.0005740252 0.015 0.02555111 -0.0003882286 7.629395e-10 0.02555111 -0.0003882286 0.015 0.02551283 -0.0001957893 0.015 0.02551283 -0.0001957893 7.629395e-10 0.0255 2.316576e-15 7.629395e-10 0.0255 2.416585e-15 0.015 -0.012 0.02338269 7.629395e-10 -0.01201283 0.0231869 7.629395e-10 -0.012 0.02338269 0.015 -0.01201283 0.0231869 0.015 -0.01205111 0.02299446 7.629395e-10 -0.01205111 0.02299446 0.015 -0.01211418 0.02280866 7.629395e-10 -0.01211418 0.02280866 0.015 -0.01220096 0.02263269 7.629395e-10 -0.01220096 0.02263269 0.015 -0.01230997 0.02246954 7.629395e-10 -0.01230997 0.02246954 0.015 -0.01243934 0.02232203 7.629395e-10 -0.01243934 0.02232203 0.015 -0.01258686 0.02219266 7.629395e-10 -0.01258686 0.02219266 0.015 -0.01275 0.02208365 7.629395e-10 -0.01275 0.02208365 0.015 -0.01292597 0.02199687 7.629395e-10 -0.01292597 0.02199687 0.015 -0.01311177 0.0219338 7.629395e-10 -0.01311177 0.0219338 0.015 -0.01330421 0.02189552 7.629395e-10 -0.01330421 0.02189552 0.015 -0.0135 0.02188269 7.629395e-10 -0.0135 0.02188269 0.015 -0.01369579 0.02189552 7.629395e-10 -0.01369579 0.02189552 0.015 -0.01388823 0.0219338 7.629395e-10 -0.01388823 0.0219338 0.015 -0.01407403 0.02199687 7.629395e-10 -0.01407403 0.02199687 0.015 -0.01425 0.02208365 7.629395e-10 -0.01425 0.02208365 0.015 -0.01441314 0.02219266 7.629395e-10 -0.01441314 0.02219266 0.015 -0.01456066 0.02232203 7.629395e-10 -0.01456066 0.02232203 0.015 -0.01469003 0.02246954 7.629395e-10 -0.01469003 0.02246954 0.015 -0.01479904 0.02263269 7.629395e-10 -0.01479904 0.02263269 0.015 -0.01488582 0.02280866 7.629395e-10 -0.01488582 0.02280866 0.015 -0.01494889 0.02299446 7.629395e-10 -0.01494889 0.02299446 0.015 -0.01498717 0.0231869 0.015 -0.01498717 0.0231869 7.629395e-10 -0.015 0.02338269 7.629395e-10 -0.015 0.02338269 0.015 -0.0303717 -0.009234544 0.015 -0.03033227 -0.00986121 0.015 -0.0303717 -0.009234544 0.01 -0.03033227 -0.00986121 0.01 -0.03021462 -0.01047799 0.015 -0.03021462 -0.01047799 0.01 -0.03002058 -0.01107517 0.015 -0.03002058 -0.01107517 0.01 -0.02975323 -0.01164331 0.015 -0.02975323 -0.01164331 0.01 -0.02941679 -0.01217347 0.015 -0.02941679 -0.01217347 0.01 -0.02901654 -0.01265728 0.015 -0.02901654 -0.01265728 0.01 -0.02855882 -0.01308711 0.015 -0.02855882 -0.01308711 0.01 -0.02805083 -0.01345618 0.015 -0.02805083 -0.01345618 0.01 -0.0275006 -0.01375868 0.015 -0.0275006 -0.01375868 0.01 -0.02691679 -0.01398983 0.015 -0.02691679 -0.01398983 0.01 -0.02630861 -0.01414598 0.01 -0.02630861 -0.01414598 0.015 -0.02568565 -0.01422468 0.015 -0.02568565 -0.01422468 0.01 -0.02505775 -0.01422468 0.01 -0.02505775 -0.01422468 0.015 -0.02443479 -0.01414598 0.015 -0.02443479 -0.01414598 0.01 -0.02382662 -0.01398983 0.015 -0.02382662 -0.01398983 0.01 -0.0232428 -0.01375868 0.015 -0.0232428 -0.01375868 0.01 -0.02269257 -0.01345618 0.015 -0.02269257 -0.01345618 0.01 -0.02218458 -0.01308711 0.015 -0.02218458 -0.01308711 0.01 -0.02172686 -0.01265728 0.015 -0.02172686 -0.01265728 0.01 -0.02132662 -0.01217347 0.015 -0.02132662 -0.01217347 0.01 -0.02099017 -0.01164331 0.015 -0.02099017 -0.01164331 0.01 -0.02072282 -0.01107517 0.015 -0.02072282 -0.01107517 0.01 -0.02052879 -0.01047799 0.015 -0.02052879 -0.01047799 0.01 -0.02041113 -0.00986121 0.015 -0.02041113 -0.00986121 0.01 -0.0203717 -0.009234544 0.01 -0.0203717 -0.009234544 0.015 -0.0281217 -0.009234544 0.01 -0.02810002 -0.00957921 0.01 -0.0281217 -0.009234544 7.629395e-10 -0.02810002 -0.00957921 7.629395e-10 -0.02803531 -0.009918441 0.01 -0.02803531 -0.009918441 7.629395e-10 -0.02792859 -0.01024689 0.01 -0.02792859 -0.01024689 7.629395e-10 -0.02778154 -0.01055937 0.01 -0.02778154 -0.01055937 7.629395e-10 -0.0275965 -0.01085095 0.01 -0.0275965 -0.01085095 7.629395e-10 -0.02737636 -0.01111705 0.01 -0.02737636 -0.01111705 7.629395e-10 -0.02712462 -0.01135346 0.01 -0.02712462 -0.01135346 7.629395e-10 -0.02684522 -0.01155645 0.01 -0.02684522 -0.01155645 7.629395e-10 -0.02654259 -0.01172282 0.01 -0.02654259 -0.01172282 7.629395e-10 -0.0262215 -0.01184995 0.01 -0.0262215 -0.01184995 7.629395e-10 -0.025887 -0.01193583 7.629395e-10 -0.025887 -0.01193583 0.01 -0.02554437 -0.01197912 0.01 -0.02554437 -0.01197912 7.629395e-10 -0.02519903 -0.01197912 7.629395e-10 -0.02519903 -0.01197912 0.01 -0.0248564 -0.01193583 0.01 -0.0248564 -0.01193583 7.629395e-10 -0.0245219 -0.01184995 0.01 -0.0245219 -0.01184995 7.629395e-10 -0.02420081 -0.01172282 0.01 -0.02420081 -0.01172282 7.629395e-10 -0.02389818 -0.01155645 0.01 -0.02389818 -0.01155645 7.629395e-10 -0.02361878 -0.01135346 0.01 -0.02361878 -0.01135346 7.629395e-10 -0.02336704 -0.01111705 0.01 -0.02336704 -0.01111705 7.629395e-10 -0.0231469 -0.01085095 0.01 -0.0231469 -0.01085095 7.629395e-10 -0.02296186 -0.01055937 0.01 -0.02296186 -0.01055937 7.629395e-10 -0.02281482 -0.01024689 0.01 -0.02281482 -0.01024689 7.629395e-10 -0.0227081 -0.009918441 0.01 -0.0227081 -0.009918441 7.629395e-10 -0.02264338 -0.00957921 0.01 -0.02264338 -0.00957921 7.629395e-10 -0.0226217 -0.009234544 7.629395e-10 -0.0226217 -0.009234544 0.01 -0.0303717 0.009234544 0.015 -0.03033227 0.008607878 0.015 -0.0303717 0.009234544 0.01 -0.03033227 0.008607878 0.01 -0.03021462 0.007991095 0.015 -0.03021462 0.007991095 0.01 -0.03002058 0.007393921 0.015 -0.03002058 0.007393921 0.01 -0.02975323 0.006825776 0.015 -0.02975323 0.006825776 0.01 -0.02941679 0.006295618 0.015 -0.02941679 0.006295618 0.01 -0.02901654 0.005811808 0.015 -0.02901654 0.005811808 0.01 -0.02855882 0.005381978 0.015 -0.02855882 0.005381978 0.01 -0.02805083 0.005012904 0.015 -0.02805083 0.005012904 0.01 -0.0275006 0.004710409 0.015 -0.0275006 0.004710409 0.01 -0.02691679 0.004479261 0.015 -0.02691679 0.004479261 0.01 -0.02630861 0.004323108 0.01 -0.02630861 0.004323108 0.015 -0.02568565 0.00424441 0.015 -0.02568565 0.00424441 0.01 -0.02505775 0.00424441 0.01 -0.02505775 0.00424441 0.015 -0.02443479 0.004323108 0.015 -0.02443479 0.004323108 0.01 -0.02382662 0.004479261 0.015 -0.02382662 0.004479261 0.01 -0.0232428 0.004710409 0.015 -0.0232428 0.004710409 0.01 -0.02269257 0.005012904 0.015 -0.02269257 0.005012904 0.01 -0.02218458 0.005381978 0.015 -0.02218458 0.005381978 0.01 -0.02172686 0.005811808 0.015 -0.02172686 0.005811808 0.01 -0.02132662 0.006295618 0.015 -0.02132662 0.006295618 0.01 -0.02099017 0.006825776 0.015 -0.02099017 0.006825776 0.01 -0.02072282 0.007393921 0.015 -0.02072282 0.007393921 0.01 -0.02052879 0.007991095 0.015 -0.02052879 0.007991095 0.01 -0.02041113 0.008607878 0.015 -0.02041113 0.008607878 0.01 -0.0203717 0.009234544 0.01 -0.0203717 0.009234544 0.015 -0.0281217 0.009234544 0.01 -0.02810002 0.008889877 0.01 -0.0281217 0.009234544 7.629395e-10 -0.02810002 0.008889877 7.629395e-10 -0.02803531 0.008550647 0.01 -0.02803531 0.008550647 7.629395e-10 -0.02792859 0.008222201 0.01 -0.02792859 0.008222201 7.629395e-10 -0.02778154 0.007909721 0.01 -0.02778154 0.007909721 7.629395e-10 -0.0275965 0.007618134 0.01 -0.0275965 0.007618134 7.629395e-10 -0.02737636 0.007352039 0.01 -0.02737636 0.007352039 7.629395e-10 -0.02712462 0.007115633 0.01 -0.02712462 0.007115633 7.629395e-10 -0.02684522 0.006912642 0.01 -0.02684522 0.006912642 7.629395e-10 -0.02654259 0.00674627 0.01 -0.02654259 0.00674627 7.629395e-10 -0.0262215 0.006619138 0.01 -0.0262215 0.006619138 7.629395e-10 -0.025887 0.006533254 7.629395e-10 -0.025887 0.006533254 0.01 -0.02554437 0.00648997 0.01 -0.02554437 0.00648997 7.629395e-10 -0.02519903 0.00648997 7.629395e-10 -0.02519903 0.00648997 0.01 -0.0248564 0.006533254 0.01 -0.0248564 0.006533254 7.629395e-10 -0.0245219 0.006619138 0.01 -0.0245219 0.006619138 7.629395e-10 -0.02420081 0.00674627 0.01 -0.02420081 0.00674627 7.629395e-10 -0.02389818 0.006912642 0.01 -0.02389818 0.006912642 7.629395e-10 -0.02361878 0.007115633 0.01 -0.02361878 0.007115633 7.629395e-10 -0.02336704 0.007352039 0.01 -0.02336704 0.007352039 7.629395e-10 -0.0231469 0.007618134 0.01 -0.0231469 0.007618134 7.629395e-10 -0.02296186 0.007909721 0.01 -0.02296186 0.007909721 7.629395e-10 -0.02281482 0.008222201 0.01 -0.02281482 0.008222201 7.629395e-10 -0.0227081 0.008550647 0.01 -0.0227081 0.008550647 7.629395e-10 -0.02264338 0.008889877 0.01 -0.02264338 0.008889877 7.629395e-10 -0.0226217 0.009234544 7.629395e-10 -0.0226217 0.009234544 0.01 -0.0327834 -0.05 0.0565 -0.03276369 -0.05031333 0.0565 -0.0327834 -0.05 0.0385 -0.03276369 -0.05031333 0.0385 -0.03270486 -0.05062172 0.0565 -0.03270486 -0.05062172 0.0385 -0.03260784 -0.05092031 0.0565 -0.03260784 -0.05092031 0.0385 -0.03247417 -0.05120438 0.0565 -0.03247417 -0.05120438 0.0385 -0.03230594 -0.05146946 0.0385 -0.03230594 -0.05146946 0.0565 -0.03210582 -0.05171137 0.0565 -0.03210582 -0.05171137 0.0385 -0.03187696 -0.05192628 0.0385 -0.03187696 -0.05192628 0.0565 -0.03162297 -0.05211082 0.0565 -0.03162297 -0.05211082 0.0385 -0.03134785 -0.05226207 0.0385 -0.03134785 -0.05226207 0.0565 -0.03105594 -0.05237764 0.0565 -0.03105594 -0.05237764 0.0385 -0.03075185 -0.05245572 0.0565 -0.03075185 -0.05245572 0.0385 -0.03044038 -0.05249507 0.0565 -0.03044038 -0.05249507 0.0385 -0.03012642 -0.05249507 0.0565 -0.03012642 -0.05249507 0.0385 -0.02981495 -0.05245572 0.0565 -0.02981495 -0.05245572 0.0385 -0.02951086 -0.05237764 0.0565 -0.02951086 -0.05237764 0.0385 -0.02921895 -0.05226207 0.0565 -0.02921895 -0.05226207 0.0385 -0.02894383 -0.05211082 0.0565 -0.02894383 -0.05211082 0.0385 -0.02868984 -0.05192628 0.0565 -0.02868984 -0.05192628 0.0385 -0.02846098 -0.05171137 0.0565 -0.02846098 -0.05171137 0.0385 -0.02826086 -0.05146946 0.0385 -0.02826086 -0.05146946 0.0565 -0.02809263 -0.05120438 0.0565 -0.02809263 -0.05120438 0.0385 -0.02795896 -0.05092031 0.0385 -0.02795896 -0.05092031 0.0565 -0.02786194 -0.05062172 0.0565 -0.02786194 -0.05062172 0.0385 -0.02780311 -0.05031333 0.0565 -0.02780311 -0.05031333 0.0385 -0.0277834 -0.05 0.0565 -0.0277834 -0.05 0.0385 -0.03109252 -0.05019943 0.03749856 -0.03102128 -0.05038727 0.03749856 -0.0302834 -0.05 0.03699785 -0.03090716 -0.0505526 0.03749856 -0.03075679 -0.05068582 0.03749856 -0.03190164 -0.05039886 0.03799928 -0.0305789 -0.05077918 0.03749856 -0.03175916 -0.05077454 0.03799928 -0.03038385 -0.05082726 0.03749856 -0.03153092 -0.05110521 0.03799928 -0.03018295 -0.05082726 0.03749856 -0.03123018 -0.05137164 0.03799928 -0.0299879 -0.05077918 0.03749856 -0.03087441 -0.05155836 0.03799928 -0.02981001 -0.05068582 0.03749856 -0.03048429 -0.05165451 0.03799928 -0.02965964 -0.0505526 0.03749856 -0.03008251 -0.05165451 0.03799928 -0.02954552 -0.05038727 0.03749856 -0.02969239 -0.05155836 0.03799928 -0.02947428 -0.05019943 0.03749856 -0.02933663 -0.05137164 0.03799928 -0.02903588 -0.05110521 0.03799928 -0.02880764 -0.05077454 0.03799928 -0.02866516 -0.05039886 0.03799928 -0.0177834 -0.05 0.0565 -0.01776369 -0.05031333 0.0565 -0.0177834 -0.05 0.0385 -0.01776369 -0.05031333 0.0385 -0.01770486 -0.05062172 0.0565 -0.01770486 -0.05062172 0.0385 -0.01760784 -0.05092031 0.0565 -0.01760784 -0.05092031 0.0385 -0.01747417 -0.05120438 0.0565 -0.01747417 -0.05120438 0.0385 -0.01730594 -0.05146946 0.0385 -0.01730594 -0.05146946 0.0565 -0.01710582 -0.05171137 0.0565 -0.01710582 -0.05171137 0.0385 -0.01687696 -0.05192628 0.0385 -0.01687696 -0.05192628 0.0565 -0.01662297 -0.05211082 0.0565 -0.01662297 -0.05211082 0.0385 -0.01634785 -0.05226207 0.0385 -0.01634785 -0.05226207 0.0565 -0.01605594 -0.05237764 0.0565 -0.01605594 -0.05237764 0.0385 -0.01575185 -0.05245572 0.0565 -0.01575185 -0.05245572 0.0385 -0.01544038 -0.05249507 0.0565 -0.01544038 -0.05249507 0.0385 -0.01512642 -0.05249507 0.0565 -0.01512642 -0.05249507 0.0385 -0.01481495 -0.05245572 0.0565 -0.01481495 -0.05245572 0.0385 -0.01451086 -0.05237764 0.0565 -0.01451086 -0.05237764 0.0385 -0.01421895 -0.05226207 0.0565 -0.01421895 -0.05226207 0.0385 -0.01394383 -0.05211082 0.0565 -0.01394383 -0.05211082 0.0385 -0.01368984 -0.05192628 0.0565 -0.01368984 -0.05192628 0.0385 -0.01346098 -0.05171137 0.0565 -0.01346098 -0.05171137 0.0385 -0.01326086 -0.05146946 0.0385 -0.01326086 -0.05146946 0.0565 -0.01309263 -0.05120438 0.0565 -0.01309263 -0.05120438 0.0385 -0.01295896 -0.05092031 0.0385 -0.01295896 -0.05092031 0.0565 -0.01286194 -0.05062172 0.0565 -0.01286194 -0.05062172 0.0385 -0.01280311 -0.05031333 0.0565 -0.01280311 -0.05031333 0.0385 -0.0127834 -0.05 0.0565 -0.0127834 -0.05 0.0385 -0.01609252 -0.05019943 0.03749856 -0.01602128 -0.05038727 0.03749856 -0.0152834 -0.05 0.03699785 -0.01590716 -0.0505526 0.03749856 -0.01575679 -0.05068582 0.03749856 -0.01690164 -0.05039886 0.03799928 -0.0155789 -0.05077918 0.03749856 -0.01675916 -0.05077454 0.03799928 -0.01538385 -0.05082726 0.03749856 -0.01653092 -0.05110521 0.03799928 -0.01518295 -0.05082726 0.03749856 -0.01623018 -0.05137164 0.03799928 -0.0149879 -0.05077918 0.03749856 -0.01587441 -0.05155836 0.03799928 -0.01481001 -0.05068582 0.03749856 -0.01548429 -0.05165451 0.03799928 -0.01465964 -0.0505526 0.03749856 -0.01508251 -0.05165451 0.03799928 -0.01454552 -0.05038727 0.03749856 -0.01469239 -0.05155836 0.03799928 -0.01447428 -0.05019943 0.03749856 -0.01433663 -0.05137164 0.03799928 -0.01403588 -0.05110521 0.03799928 -0.01380764 -0.05077454 0.03799928 -0.01366516 -0.05039886 0.03799928 -0.0027834 -0.05 0.0565 -0.002763687 -0.05031333 0.0565 -0.0027834 -0.05 0.0385 -0.002763687 -0.05031333 0.0385 -0.002704858 -0.05062172 0.0565 -0.002704858 -0.05062172 0.0385 -0.002607841 -0.05092031 0.0565 -0.002607841 -0.05092031 0.0385 -0.002474167 -0.05120438 0.0385 -0.002474167 -0.05120438 0.0565 -0.002305943 -0.05146946 0.0565 -0.002305943 -0.05146946 0.0385 -0.002105822 -0.05171137 0.0565 -0.002105822 -0.05171137 0.0385 -0.00187696 -0.05192628 0.0565 -0.00187696 -0.05192628 0.0385 -0.001622967 -0.05211082 0.0385 -0.001622967 -0.05211082 0.0565 -0.001347848 -0.05226207 0.0565 -0.001347848 -0.05226207 0.0385 -0.001055943 -0.05237764 0.0565 -0.001055943 -0.05237764 0.0385 -0.0007518533 -0.05245572 0.0565 -0.0007518533 -0.05245572 0.0385 -0.0004403763 -0.05249507 0.0565 -0.0004403763 -0.05249507 0.0385 -0.0001264237 -0.05249507 0.0565 -0.0001264237 -0.05249507 0.0385 0.0001850533 -0.05245572 0.0565 0.0001850533 -0.05245572 0.0385 0.0004891425 -0.05237764 0.0565 0.0004891425 -0.05237764 0.0385 0.0007810482 -0.05226207 0.0565 0.0007810482 -0.05226207 0.0385 0.001056167 -0.05211082 0.0565 0.001056167 -0.05211082 0.0385 0.00131016 -0.05192628 0.0565 0.00131016 -0.05192628 0.0385 0.001539022 -0.05171137 0.0565 0.001539022 -0.05171137 0.0385 0.001739143 -0.05146946 0.0565 0.001739143 -0.05146946 0.0385 0.001907367 -0.05120438 0.0565 0.001907367 -0.05120438 0.0385 0.002041041 -0.05092031 0.0385 0.002041041 -0.05092031 0.0565 0.002138058 -0.05062172 0.0565 0.002138058 -0.05062172 0.0385 0.002196887 -0.05031333 0.0565 0.002196887 -0.05031333 0.0385 0.0022166 -0.05 0.0385 0.0022166 -0.05 0.0565 -0.001092518 -0.05019943 0.03749856 -0.00102128 -0.05038727 0.03749856 -0.0002834 -0.05 0.03699785 -0.000907159 -0.0505526 0.03749856 -0.0007567873 -0.05068582 0.03749856 -0.001901636 -0.05039886 0.03799928 -0.0005789041 -0.05077918 0.03749856 -0.00175916 -0.05077454 0.03799928 -0.0003838472 -0.05082726 0.03749856 -0.001530918 -0.05110521 0.03799928 -0.0001829528 -0.05082726 0.03749856 -0.001230175 -0.05137164 0.03799928 1.210407e-05 -0.05077918 0.03749856 -0.0008744081 -0.05155836 0.03799928 0.0001899873 -0.05068582 0.03749856 -0.0004842945 -0.05165451 0.03799928 0.0003403589 -0.0505526 0.03749856 -8.250553e-05 -0.05165451 0.03799928 0.00045448 -0.05038727 0.03749856 0.0003076082 -0.05155836 0.03799928 0.0005257182 -0.05019943 0.03749856 0.0006633746 -0.05137164 0.03799928 0.0009641179 -0.05110521 0.03799928 0.00119236 -0.05077454 0.03799928 0.001334836 -0.05039886 0.03799928 0.0122166 -0.05 0.0565 0.01223631 -0.05031333 0.0565 0.0122166 -0.05 0.0385 0.01223631 -0.05031333 0.0385 0.01229514 -0.05062172 0.0565 0.01229514 -0.05062172 0.0385 0.01239216 -0.05092031 0.0565 0.01239216 -0.05092031 0.0385 0.01252583 -0.05120438 0.0565 0.01252583 -0.05120438 0.0385 0.01269406 -0.05146946 0.0385 0.01269406 -0.05146946 0.0565 0.01289418 -0.05171137 0.0565 0.01289418 -0.05171137 0.0385 0.01312304 -0.05192628 0.0385 0.01312304 -0.05192628 0.0565 0.01337703 -0.05211082 0.0565 0.01337703 -0.05211082 0.0385 0.01365215 -0.05226207 0.0385 0.01365215 -0.05226207 0.0565 0.01394406 -0.05237764 0.0565 0.01394406 -0.05237764 0.0385 0.01424815 -0.05245572 0.0565 0.01424815 -0.05245572 0.0385 0.01455962 -0.05249507 0.0565 0.01455962 -0.05249507 0.0385 0.01487358 -0.05249507 0.0565 0.01487358 -0.05249507 0.0385 0.01518505 -0.05245572 0.0565 0.01518505 -0.05245572 0.0385 0.01548914 -0.05237764 0.0565 0.01548914 -0.05237764 0.0385 0.01578105 -0.05226207 0.0565 0.01578105 -0.05226207 0.0385 0.01605617 -0.05211082 0.0565 0.01605617 -0.05211082 0.0385 0.01631016 -0.05192628 0.0565 0.01631016 -0.05192628 0.0385 0.01653902 -0.05171137 0.0565 0.01653902 -0.05171137 0.0385 0.01673914 -0.05146946 0.0385 0.01673914 -0.05146946 0.0565 0.01690737 -0.05120438 0.0565 0.01690737 -0.05120438 0.0385 0.01704104 -0.05092031 0.0385 0.01704104 -0.05092031 0.0565 0.01713806 -0.05062172 0.0565 0.01713806 -0.05062172 0.0385 0.01719689 -0.05031333 0.0565 0.01719689 -0.05031333 0.0385 0.0172166 -0.05 0.0565 0.0172166 -0.05 0.0385 0.01390748 -0.05019943 0.03749856 0.01397872 -0.05038727 0.03749856 0.0147166 -0.05 0.03699785 0.01409284 -0.0505526 0.03749856 0.01424321 -0.05068582 0.03749856 0.01309836 -0.05039886 0.03799928 0.0144211 -0.05077918 0.03749856 0.01324084 -0.05077454 0.03799928 0.01461615 -0.05082726 0.03749856 0.01346908 -0.05110521 0.03799928 0.01481705 -0.05082726 0.03749856 0.01376982 -0.05137164 0.03799928 0.0150121 -0.05077918 0.03749856 0.01412559 -0.05155836 0.03799928 0.01518999 -0.05068582 0.03749856 0.01451571 -0.05165451 0.03799928 0.01534036 -0.0505526 0.03749856 0.01491749 -0.05165451 0.03799928 0.01545448 -0.05038727 0.03749856 0.01530761 -0.05155836 0.03799928 0.01552572 -0.05019943 0.03749856 0.01566337 -0.05137164 0.03799928 0.01596412 -0.05110521 0.03799928 0.01619236 -0.05077454 0.03799928 0.01633484 -0.05039886 0.03799928 -0.0327834 0.05 0.0565 -0.03276369 0.04968667 0.0565 -0.0327834 0.05 0.0385 -0.03276369 0.04968667 0.0385 -0.03270486 0.04937828 0.0565 -0.03270486 0.04937828 0.0385 -0.03260784 0.04907969 0.0565 -0.03260784 0.04907969 0.0385 -0.03247417 0.04879562 0.0385 -0.03247417 0.04879562 0.0565 -0.03230594 0.04853054 0.0565 -0.03230594 0.04853054 0.0385 -0.03210582 0.04828863 0.0565 -0.03210582 0.04828863 0.0385 -0.03187696 0.04807372 0.0565 -0.03187696 0.04807372 0.0385 -0.03162297 0.04788918 0.0385 -0.03162297 0.04788918 0.0565 -0.03134785 0.04773793 0.0565 -0.03134785 0.04773793 0.0385 -0.03105594 0.04762236 0.0565 -0.03105594 0.04762236 0.0385 -0.03075185 0.04754428 0.0565 -0.03075185 0.04754428 0.0385 -0.03044038 0.04750493 0.0565 -0.03044038 0.04750493 0.0385 -0.03012642 0.04750493 0.0565 -0.03012642 0.04750493 0.0385 -0.02981495 0.04754428 0.0565 -0.02981495 0.04754428 0.0385 -0.02951086 0.04762236 0.0565 -0.02951086 0.04762236 0.0385 -0.02921895 0.04773793 0.0565 -0.02921895 0.04773793 0.0385 -0.02894383 0.04788918 0.0565 -0.02894383 0.04788918 0.0385 -0.02868984 0.04807372 0.0565 -0.02868984 0.04807372 0.0385 -0.02846098 0.04828863 0.0565 -0.02846098 0.04828863 0.0385 -0.02826086 0.04853054 0.0565 -0.02826086 0.04853054 0.0385 -0.02809263 0.04879562 0.0565 -0.02809263 0.04879562 0.0385 -0.02795896 0.04907969 0.0385 -0.02795896 0.04907969 0.0565 -0.02786194 0.04937828 0.0565 -0.02786194 0.04937828 0.0385 -0.02780311 0.04968667 0.0565 -0.02780311 0.04968667 0.0385 -0.0277834 0.05 0.0385 -0.0277834 0.05 0.0565 -0.03109252 0.04980057 0.03749856 -0.03102128 0.04961273 0.03749856 -0.0302834 0.05 0.03699785 -0.03090716 0.0494474 0.03749856 -0.03075679 0.04931418 0.03749856 -0.03190164 0.04960114 0.03799928 -0.0305789 0.04922082 0.03749856 -0.03175916 0.04922546 0.03799928 -0.03038385 0.04917274 0.03749856 -0.03153092 0.04889479 0.03799928 -0.03018295 0.04917274 0.03749856 -0.03123018 0.04862836 0.03799928 -0.0299879 0.04922082 0.03749856 -0.03087441 0.04844164 0.03799928 -0.02981001 0.04931418 0.03749856 -0.03048429 0.04834549 0.03799928 -0.02965964 0.0494474 0.03749856 -0.03008251 0.04834549 0.03799928 -0.02954552 0.04961273 0.03749856 -0.02969239 0.04844164 0.03799928 -0.02947428 0.04980057 0.03749856 -0.02933663 0.04862836 0.03799928 -0.02903588 0.04889479 0.03799928 -0.02880764 0.04922546 0.03799928 -0.02866516 0.04960114 0.03799928 -0.0177834 0.05 0.0565 -0.01776369 0.04968667 0.0565 -0.0177834 0.05 0.0385 -0.01776369 0.04968667 0.0385 -0.01770486 0.04937828 0.0565 -0.01770486 0.04937828 0.0385 -0.01760784 0.04907969 0.0565 -0.01760784 0.04907969 0.0385 -0.01747417 0.04879562 0.0385 -0.01747417 0.04879562 0.0565 -0.01730594 0.04853054 0.0565 -0.01730594 0.04853054 0.0385 -0.01710582 0.04828863 0.0565 -0.01710582 0.04828863 0.0385 -0.01687696 0.04807372 0.0565 -0.01687696 0.04807372 0.0385 -0.01662297 0.04788918 0.0385 -0.01662297 0.04788918 0.0565 -0.01634785 0.04773793 0.0565 -0.01634785 0.04773793 0.0385 -0.01605594 0.04762236 0.0565 -0.01605594 0.04762236 0.0385 -0.01575185 0.04754428 0.0565 -0.01575185 0.04754428 0.0385 -0.01544038 0.04750493 0.0565 -0.01544038 0.04750493 0.0385 -0.01512642 0.04750493 0.0565 -0.01512642 0.04750493 0.0385 -0.01481495 0.04754428 0.0565 -0.01481495 0.04754428 0.0385 -0.01451086 0.04762236 0.0565 -0.01451086 0.04762236 0.0385 -0.01421895 0.04773793 0.0565 -0.01421895 0.04773793 0.0385 -0.01394383 0.04788918 0.0565 -0.01394383 0.04788918 0.0385 -0.01368984 0.04807372 0.0565 -0.01368984 0.04807372 0.0385 -0.01346098 0.04828863 0.0565 -0.01346098 0.04828863 0.0385 -0.01326086 0.04853054 0.0565 -0.01326086 0.04853054 0.0385 -0.01309263 0.04879562 0.0565 -0.01309263 0.04879562 0.0385 -0.01295896 0.04907969 0.0385 -0.01295896 0.04907969 0.0565 -0.01286194 0.04937828 0.0565 -0.01286194 0.04937828 0.0385 -0.01280311 0.04968667 0.0565 -0.01280311 0.04968667 0.0385 -0.0127834 0.05 0.0385 -0.0127834 0.05 0.0565 -0.01609252 0.04980057 0.03749856 -0.01602128 0.04961273 0.03749856 -0.0152834 0.05 0.03699785 -0.01590716 0.0494474 0.03749856 -0.01575679 0.04931418 0.03749856 -0.01690164 0.04960114 0.03799928 -0.0155789 0.04922082 0.03749856 -0.01675916 0.04922546 0.03799928 -0.01538385 0.04917274 0.03749856 -0.01653092 0.04889479 0.03799928 -0.01518295 0.04917274 0.03749856 -0.01623018 0.04862836 0.03799928 -0.0149879 0.04922082 0.03749856 -0.01587441 0.04844164 0.03799928 -0.01481001 0.04931418 0.03749856 -0.01548429 0.04834549 0.03799928 -0.01465964 0.0494474 0.03749856 -0.01508251 0.04834549 0.03799928 -0.01454552 0.04961273 0.03749856 -0.01469239 0.04844164 0.03799928 -0.01447428 0.04980057 0.03749856 -0.01433663 0.04862836 0.03799928 -0.01403588 0.04889479 0.03799928 -0.01380764 0.04922546 0.03799928 -0.01366516 0.04960114 0.03799928 -0.0027834 0.05 0.0565 -0.002763687 0.04968667 0.0565 -0.0027834 0.05 0.0385 -0.002763687 0.04968667 0.0385 -0.002704858 0.04937828 0.0565 -0.002704858 0.04937828 0.0385 -0.002607841 0.04907969 0.0565 -0.002607841 0.04907969 0.0385 -0.002474167 0.04879562 0.0565 -0.002474167 0.04879562 0.0385 -0.002305943 0.04853054 0.0385 -0.002305943 0.04853054 0.0565 -0.002105822 0.04828863 0.0565 -0.002105822 0.04828863 0.0385 -0.00187696 0.04807372 0.0385 -0.00187696 0.04807372 0.0565 -0.001622967 0.04788918 0.0565 -0.001622967 0.04788918 0.0385 -0.001347848 0.04773793 0.0385 -0.001347848 0.04773793 0.0565 -0.001055943 0.04762236 0.0565 -0.001055943 0.04762236 0.0385 -0.0007518533 0.04754428 0.0565 -0.0007518533 0.04754428 0.0385 -0.0004403763 0.04750493 0.0565 -0.0004403763 0.04750493 0.0385 -0.0001264237 0.04750493 0.0565 -0.0001264237 0.04750493 0.0385 0.0001850533 0.04754428 0.0565 0.0001850533 0.04754428 0.0385 0.0004891425 0.04762236 0.0565 0.0004891425 0.04762236 0.0385 0.0007810482 0.04773793 0.0565 0.0007810482 0.04773793 0.0385 0.001056167 0.04788918 0.0565 0.001056167 0.04788918 0.0385 0.00131016 0.04807372 0.0565 0.00131016 0.04807372 0.0385 0.001539022 0.04828863 0.0565 0.001539022 0.04828863 0.0385 0.001739143 0.04853054 0.0385 0.001739143 0.04853054 0.0565 0.001907367 0.04879562 0.0565 0.001907367 0.04879562 0.0385 0.002041041 0.04907969 0.0385 0.002041041 0.04907969 0.0565 0.002138058 0.04937828 0.0565 0.002138058 0.04937828 0.0385 0.002196887 0.04968667 0.0565 0.002196887 0.04968667 0.0385 0.0022166 0.05 0.0565 0.0022166 0.05 0.0385 -0.001092518 0.04980057 0.03749856 -0.00102128 0.04961273 0.03749856 -0.0002834 0.05 0.03699785 -0.000907159 0.0494474 0.03749856 -0.0007567873 0.04931418 0.03749856 -0.001901636 0.04960114 0.03799928 -0.0005789041 0.04922082 0.03749856 -0.00175916 0.04922546 0.03799928 -0.0003838472 0.04917274 0.03749856 -0.001530918 0.04889479 0.03799928 -0.0001829528 0.04917274 0.03749856 -0.001230175 0.04862836 0.03799928 1.210407e-05 0.04922082 0.03749856 -0.0008744081 0.04844164 0.03799928 0.0001899873 0.04931418 0.03749856 -0.0004842945 0.04834549 0.03799928 0.0003403589 0.0494474 0.03749856 -8.250553e-05 0.04834549 0.03799928 0.00045448 0.04961273 0.03749856 0.0003076082 0.04844164 0.03799928 0.0005257182 0.04980057 0.03749856 0.0006633746 0.04862836 0.03799928 0.0009641179 0.04889479 0.03799928 0.00119236 0.04922546 0.03799928 0.001334836 0.04960114 0.03799928 0.0122166 0.05 0.0565 0.01223631 0.04968667 0.0565 0.0122166 0.05 0.0385 0.01223631 0.04968667 0.0385 0.01229514 0.04937828 0.0565 0.01229514 0.04937828 0.0385 0.01239216 0.04907969 0.0565 0.01239216 0.04907969 0.0385 0.01252583 0.04879562 0.0565 0.01252583 0.04879562 0.0385 0.01269406 0.04853054 0.0385 0.01269406 0.04853054 0.0565 0.01289418 0.04828863 0.0565 0.01289418 0.04828863 0.0385 0.01312304 0.04807372 0.0385 0.01312304 0.04807372 0.0565 0.01337703 0.04788918 0.0565 0.01337703 0.04788918 0.0385 0.01365215 0.04773793 0.0385 0.01365215 0.04773793 0.0565 0.01394406 0.04762236 0.0565 0.01394406 0.04762236 0.0385 0.01424815 0.04754428 0.0565 0.01424815 0.04754428 0.0385 0.01455962 0.04750493 0.0565 0.01455962 0.04750493 0.0385 0.01487358 0.04750493 0.0565 0.01487358 0.04750493 0.0385 0.01518505 0.04754428 0.0565 0.01518505 0.04754428 0.0385 0.01548914 0.04762236 0.0565 0.01548914 0.04762236 0.0385 0.01578105 0.04773793 0.0565 0.01578105 0.04773793 0.0385 0.01605617 0.04788918 0.0565 0.01605617 0.04788918 0.0385 0.01631016 0.04807372 0.0565 0.01631016 0.04807372 0.0385 0.01653902 0.04828863 0.0565 0.01653902 0.04828863 0.0385 0.01673914 0.04853054 0.0385 0.01673914 0.04853054 0.0565 0.01690737 0.04879562 0.0565 0.01690737 0.04879562 0.0385 0.01704104 0.04907969 0.0385 0.01704104 0.04907969 0.0565 0.01713806 0.04937828 0.0565 0.01713806 0.04937828 0.0385 0.01719689 0.04968667 0.0565 0.01719689 0.04968667 0.0385 0.0172166 0.05 0.0565 0.0172166 0.05 0.0385 0.01390748 0.04980057 0.03749856 0.01397872 0.04961273 0.03749856 0.0147166 0.05 0.03699785 0.01409284 0.0494474 0.03749856 0.01424321 0.04931418 0.03749856 0.01309836 0.04960114 0.03799928 0.0144211 0.04922082 0.03749856 0.01324084 0.04922546 0.03799928 0.01461615 0.04917274 0.03749856 0.01346908 0.04889479 0.03799928 0.01481705 0.04917274 0.03749856 0.01376982 0.04862836 0.03799928 0.0150121 0.04922082 0.03749856 0.01412559 0.04844164 0.03799928 0.01518999 0.04931418 0.03749856 0.01451571 0.04834549 0.03799928 0.01534036 0.0494474 0.03749856 0.01491749 0.04834549 0.03799928 0.01545448 0.04961273 0.03749856 0.01530761 0.04844164 0.03799928 0.01552572 0.04980057 0.03749856 0.01566337 0.04862836 0.03799928 0.01596412 0.04889479 0.03799928 0.01619236 0.04922546 0.03799928 0.01633484 0.04960114 0.03799928 0.0272166 -0.05 0.0565 0.02723631 -0.05031333 0.0565 0.0272166 -0.05 0.0385 0.02723631 -0.05031333 0.0385 0.02729514 -0.05062172 0.0565 0.02729514 -0.05062172 0.0385 0.02739216 -0.05092031 0.0565 0.02739216 -0.05092031 0.0385 0.02752583 -0.05120438 0.0565 0.02752583 -0.05120438 0.0385 0.02769406 -0.05146946 0.0385 0.02769406 -0.05146946 0.0565 0.02789418 -0.05171137 0.0565 0.02789418 -0.05171137 0.0385 0.02812304 -0.05192628 0.0385 0.02812304 -0.05192628 0.0565 0.02837703 -0.05211082 0.0565 0.02837703 -0.05211082 0.0385 0.02865215 -0.05226207 0.0385 0.02865215 -0.05226207 0.0565 0.02894406 -0.05237764 0.0565 0.02894406 -0.05237764 0.0385 0.02924815 -0.05245572 0.0565 0.02924815 -0.05245572 0.0385 0.02955962 -0.05249507 0.0565 0.02955962 -0.05249507 0.0385 0.02987358 -0.05249507 0.0565 0.02987358 -0.05249507 0.0385 0.03018505 -0.05245572 0.0565 0.03018505 -0.05245572 0.0385 0.03048914 -0.05237764 0.0565 0.03048914 -0.05237764 0.0385 0.03078105 -0.05226207 0.0565 0.03078105 -0.05226207 0.0385 0.03105617 -0.05211082 0.0565 0.03105617 -0.05211082 0.0385 0.03131016 -0.05192628 0.0565 0.03131016 -0.05192628 0.0385 0.03153902 -0.05171137 0.0565 0.03153902 -0.05171137 0.0385 0.03173914 -0.05146946 0.0385 0.03173914 -0.05146946 0.0565 0.03190737 -0.05120438 0.0565 0.03190737 -0.05120438 0.0385 0.03204104 -0.05092031 0.0385 0.03204104 -0.05092031 0.0565 0.03213806 -0.05062172 0.0565 0.03213806 -0.05062172 0.0385 0.03219689 -0.05031333 0.0565 0.03219689 -0.05031333 0.0385 0.0322166 -0.05 0.0565 0.0322166 -0.05 0.0385 0.02890748 -0.05019943 0.03749856 0.02897872 -0.05038727 0.03749856 0.0297166 -0.05 0.03699785 0.02909284 -0.0505526 0.03749856 0.02924321 -0.05068582 0.03749856 0.02809836 -0.05039886 0.03799928 0.0294211 -0.05077918 0.03749856 0.02824084 -0.05077454 0.03799928 0.02961615 -0.05082726 0.03749856 0.02846908 -0.05110521 0.03799928 0.02981705 -0.05082726 0.03749856 0.02876982 -0.05137164 0.03799928 0.0300121 -0.05077918 0.03749856 0.02912559 -0.05155836 0.03799928 0.03018999 -0.05068582 0.03749856 0.02951571 -0.05165451 0.03799928 0.03034036 -0.0505526 0.03749856 0.02991749 -0.05165451 0.03799928 0.03045448 -0.05038727 0.03749856 0.03030761 -0.05155836 0.03799928 0.03052572 -0.05019943 0.03749856 0.03066337 -0.05137164 0.03799928 0.03096412 -0.05110521 0.03799928 0.03119236 -0.05077454 0.03799928 0.03133484 -0.05039886 0.03799928 0.0272166 0.05 0.0565 0.02723631 0.04968667 0.0565 0.0272166 0.05 0.0385 0.02723631 0.04968667 0.0385 0.02729514 0.04937828 0.0565 0.02729514 0.04937828 0.0385 0.02739216 0.04907969 0.0565 0.02739216 0.04907969 0.0385 0.02752583 0.04879562 0.0565 0.02752583 0.04879562 0.0385 0.02769406 0.04853054 0.0385 0.02769406 0.04853054 0.0565 0.02789418 0.04828863 0.0565 0.02789418 0.04828863 0.0385 0.02812304 0.04807372 0.0385 0.02812304 0.04807372 0.0565 0.02837703 0.04788918 0.0565 0.02837703 0.04788918 0.0385 0.02865215 0.04773793 0.0385 0.02865215 0.04773793 0.0565 0.02894406 0.04762236 0.0565 0.02894406 0.04762236 0.0385 0.02924815 0.04754428 0.0565 0.02924815 0.04754428 0.0385 0.02955962 0.04750493 0.0565 0.02955962 0.04750493 0.0385 0.02987358 0.04750493 0.0565 0.02987358 0.04750493 0.0385 0.03018505 0.04754428 0.0565 0.03018505 0.04754428 0.0385 0.03048914 0.04762236 0.0565 0.03048914 0.04762236 0.0385 0.03078105 0.04773793 0.0565 0.03078105 0.04773793 0.0385 0.03105617 0.04788918 0.0565 0.03105617 0.04788918 0.0385 0.03131016 0.04807372 0.0565 0.03131016 0.04807372 0.0385 0.03153902 0.04828863 0.0565 0.03153902 0.04828863 0.0385 0.03173914 0.04853054 0.0385 0.03173914 0.04853054 0.0565 0.03190737 0.04879562 0.0565 0.03190737 0.04879562 0.0385 0.03204104 0.04907969 0.0385 0.03204104 0.04907969 0.0565 0.03213806 0.04937828 0.0565 0.03213806 0.04937828 0.0385 0.03219689 0.04968667 0.0565 0.03219689 0.04968667 0.0385 0.0322166 0.05 0.0565 0.0322166 0.05 0.0385 0.02890748 0.04980057 0.03749856 0.02897872 0.04961273 0.03749856 0.0297166 0.05 0.03699785 0.02909284 0.0494474 0.03749856 0.02924321 0.04931418 0.03749856 0.02809836 0.04960114 0.03799928 0.0294211 0.04922082 0.03749856 0.02824084 0.04922546 0.03799928 0.02961615 0.04917274 0.03749856 0.02846908 0.04889479 0.03799928 0.02981705 0.04917274 0.03749856 0.02876982 0.04862836 0.03799928 0.0300121 0.04922082 0.03749856 0.02912559 0.04844164 0.03799928 0.03018999 0.04931418 0.03749856 0.02951571 0.04834549 0.03799928 0.03034036 0.0494474 0.03749856 0.02991749 0.04834549 0.03799928 0.03045448 0.04961273 0.03749856 0.03030761 0.04844164 0.03799928 0.03052572 0.04980057 0.03749856 0.03066337 0.04862836 0.03799928 0.03096412 0.04889479 0.03799928 0.03119236 0.04922546 0.03799928 0.03133484 0.04960114 0.03799928 -0.0312834 2.329185e-15 7.629395e-10 -0.0312834 2.429193e-15 0.015 -0.03126369 -0.0003133331 7.629395e-10 -0.03126369 -0.0003133331 0.015 -0.03120486 -0.0006217247 7.629395e-10 -0.03120486 -0.0006217247 0.015 -0.03110784 -0.0009203114 0.015 -0.03110784 -0.0009203114 7.629395e-10 -0.03097417 -0.001204384 0.015 -0.03097417 -0.001204384 7.629395e-10 -0.03080594 -0.001469463 0.015 -0.03080594 -0.001469463 7.629395e-10 -0.03060582 -0.001711368 7.629395e-10 -0.03060582 -0.001711368 0.015 -0.03037696 -0.001926283 0.015 -0.03037696 -0.001926283 7.629395e-10 -0.03012297 -0.00211082 7.629395e-10 -0.03012297 -0.00211082 0.015 -0.02984785 -0.002262068 0.015 -0.02984785 -0.002262068 7.629395e-10 -0.02955594 -0.002377641 0.015 -0.02955594 -0.002377641 7.629395e-10 -0.02925185 -0.002455718 0.015 -0.02925185 -0.002455718 7.629395e-10 -0.02894038 -0.002495067 0.015 -0.02894038 -0.002495067 7.629395e-10 -0.02862642 -0.002495067 0.015 -0.02862642 -0.002495067 7.629395e-10 -0.02831495 -0.002455718 7.629395e-10 -0.02831495 -0.002455718 0.015 -0.02801086 -0.002377641 0.015 -0.02801086 -0.002377641 7.629395e-10 -0.02771895 -0.002262068 7.629395e-10 -0.02771895 -0.002262068 0.015 -0.02744383 -0.00211082 0.015 -0.02744383 -0.00211082 7.629395e-10 -0.02718984 -0.001926283 7.629395e-10 -0.02718984 -0.001926283 0.015 -0.02696098 -0.001711368 0.015 -0.02696098 -0.001711368 7.629395e-10 -0.02676086 -0.001469463 0.015 -0.02676086 -0.001469463 7.629395e-10 -0.02659263 -0.001204384 0.015 -0.02659263 -0.001204384 7.629395e-10 -0.02645896 -0.0009203114 0.015 -0.02645896 -0.0009203114 7.629395e-10 -0.02636194 -0.0006217247 0.015 -0.02636194 -0.0006217247 7.629395e-10 -0.02630311 -0.0003133331 7.629395e-10 -0.02630311 -0.0003133331 0.015 -0.0262834 2.328074e-15 7.629395e-10 -0.0262834 2.428083e-15 0.015 -0.0037834 0.036 0.049 -0.003763687 0.03568667 0.049 -0.0037834 0.036 0.039 -0.003763687 0.03568667 0.039 -0.003704858 0.03537828 0.049 -0.003704858 0.03537828 0.039 -0.003607841 0.03507969 0.039 -0.003607841 0.03507969 0.049 -0.003474167 0.03479562 0.049 -0.003474167 0.03479562 0.039 -0.003305943 0.03453054 0.049 -0.003305943 0.03453054 0.039 -0.003105822 0.03428863 0.049 -0.003105822 0.03428863 0.039 -0.00287696 0.03407372 0.049 -0.00287696 0.03407372 0.039 -0.002622967 0.03388918 0.039 -0.002622967 0.03388918 0.049 -0.002347848 0.03373793 0.049 -0.002347848 0.03373793 0.039 -0.002055943 0.03362236 0.049 -0.002055943 0.03362236 0.039 -0.001751853 0.03354428 0.049 -0.001751853 0.03354428 0.039 -0.001440376 0.03350493 0.039 -0.001440376 0.03350493 0.049 -0.001126424 0.03350493 0.049 -0.001126424 0.03350493 0.039 -0.0008149467 0.03354428 0.049 -0.0008149467 0.03354428 0.039 -0.0005108575 0.03362236 0.039 -0.0005108575 0.03362236 0.049 -0.0002189518 0.03373793 0.049 -0.0002189518 0.03373793 0.039 5.616699e-05 0.03388918 0.049 5.616699e-05 0.03388918 0.039 0.00031016 0.03407372 0.049 0.00031016 0.03407372 0.039 0.0005390216 0.03428863 0.049 0.0005390216 0.03428863 0.039 0.0007391425 0.03453054 0.049 0.0007391425 0.03453054 0.039 0.0009073667 0.03479562 0.049 0.0009073667 0.03479562 0.039 0.001041041 0.03507969 0.049 0.001041041 0.03507969 0.039 0.001138058 0.03537828 0.049 0.001138058 0.03537828 0.039 0.001196887 0.03568667 0.049 0.001196887 0.03568667 0.039 0.0012166 0.036 0.049 0.0012166 0.036 0.039 -0.002092518 0.03580057 0.03799856 -0.00202128 0.03561273 0.03799856 -0.0012834 0.036 0.03749785 -0.001907159 0.0354474 0.03799856 -0.001756787 0.03531418 0.03799856 -0.002901636 0.03560114 0.03849928 -0.001578904 0.03522082 0.03799856 -0.00275916 0.03522546 0.03849928 -0.001383847 0.03517274 0.03799856 -0.002530918 0.03489479 0.03849928 -0.001182953 0.03517274 0.03799856 -0.002230175 0.03462836 0.03849928 -0.0009878959 0.03522082 0.03799856 -0.001874408 0.03444164 0.03849928 -0.0008100127 0.03531418 0.03799856 -0.001484294 0.03434549 0.03849928 -0.000659641 0.0354474 0.03799856 -0.001082506 0.03434549 0.03849928 -0.00054552 0.03561273 0.03799856 -0.0006923919 0.03444164 0.03849928 -0.0004742818 0.03580057 0.03799856 -0.0003366254 0.03462836 0.03849928 -3.588209e-05 0.03489479 0.03849928 0.00019236 0.03522546 0.03849928 0.0003348364 0.03560114 0.03849928 -3.34e-05 0.016 0.049 -9.744104e-06 0.015624 0.049 -3.34e-05 0.016 0.037 -9.744104e-06 0.015624 0.037 6.085052e-05 0.01525393 0.049 6.085052e-05 0.01525393 0.037 0.0001772705 0.01489563 0.049 0.0001772705 0.01489563 0.037 0.00033768 0.01455474 0.049 0.00033768 0.01455474 0.037 0.000539549 0.01423664 0.049 0.000539549 0.01423664 0.037 0.0007796941 0.01394636 0.049 0.0007796941 0.01394636 0.037 0.001054328 0.01368846 0.037 0.001054328 0.01368846 0.049 0.00135912 0.01346702 0.049 0.00135912 0.01346702 0.037 0.001689262 0.01328552 0.037 0.001689262 0.01328552 0.049 0.002039549 0.01314683 0.049 0.002039549 0.01314683 0.037 0.002404456 0.01305314 0.049 0.002404456 0.01305314 0.037 0.002778229 0.01300592 0.049 0.002778229 0.01300592 0.037 0.003154972 0.01300592 0.049 0.003154972 0.01300592 0.037 0.003528744 0.01305314 0.049 0.003528744 0.01305314 0.037 0.003893651 0.01314683 0.037 0.003893651 0.01314683 0.049 0.004243938 0.01328552 0.049 0.004243938 0.01328552 0.037 0.00457408 0.01346702 0.037 0.00457408 0.01346702 0.049 0.004878872 0.01368846 0.049 0.004878872 0.01368846 0.037 0.005153506 0.01394636 0.049 0.005153506 0.01394636 0.037 0.005393651 0.01423664 0.049 0.005393651 0.01423664 0.037 0.00559552 0.01455474 0.037 0.00559552 0.01455474 0.049 0.005755929 0.01489563 0.049 0.005755929 0.01489563 0.037 0.005872349 0.01525393 0.037 0.005872349 0.01525393 0.049 0.005942944 0.015624 0.049 0.005942944 0.015624 0.037 0.0059666 0.016 0.037 0.0059666 0.016 0.049 0.001995658 0.01576068 0.03579828 0.002081144 0.01553528 0.03579828 0.0029666 0.016 0.03519742 0.002218089 0.01533688 0.03579828 0.002398535 0.01517702 0.03579828 0.001024716 0.01552137 0.03639914 0.002611995 0.01506498 0.03579828 0.001195688 0.01507055 0.03639914 0.002846063 0.01500729 0.03579828 0.001469579 0.01467375 0.03639914 0.003087137 0.01500729 0.03579828 0.001830471 0.01435403 0.03639914 0.003321205 0.01506498 0.03579828 0.00225739 0.01412997 0.03639914 0.003534665 0.01517702 0.03579828 0.002725527 0.01401458 0.03639914 0.003715111 0.01533688 0.03579828 0.003207673 0.01401458 0.03639914 0.003852056 0.01553528 0.03579828 0.00367581 0.01412997 0.03639914 0.003937542 0.01576068 0.03579828 0.004102729 0.01435403 0.03639914 0.004463622 0.01467375 0.03639914 0.004737512 0.01507055 0.03639914 0.004908484 0.01552137 0.03639914 -0.0037834 -0.036 0.049 -0.003763687 -0.03631333 0.049 -0.0037834 -0.036 0.039 -0.003763687 -0.03631333 0.039 -0.003704858 -0.03662172 0.049 -0.003704858 -0.03662172 0.039 -0.003607841 -0.03692031 0.049 -0.003607841 -0.03692031 0.039 -0.003474167 -0.03720438 0.049 -0.003474167 -0.03720438 0.039 -0.003305943 -0.03746946 0.049 -0.003305943 -0.03746946 0.039 -0.003105822 -0.03771137 0.049 -0.003105822 -0.03771137 0.039 -0.00287696 -0.03792628 0.049 -0.00287696 -0.03792628 0.039 -0.002622967 -0.03811082 0.049 -0.002622967 -0.03811082 0.039 -0.002347848 -0.03826207 0.049 -0.002347848 -0.03826207 0.039 -0.002055943 -0.03837764 0.049 -0.002055943 -0.03837764 0.039 -0.001751853 -0.03845572 0.039 -0.001751853 -0.03845572 0.049 -0.001440376 -0.03849507 0.049 -0.001440376 -0.03849507 0.039 -0.001126424 -0.03849507 0.039 -0.001126424 -0.03849507 0.049 -0.0008149467 -0.03845572 0.049 -0.0008149467 -0.03845572 0.039 -0.0005108575 -0.03837764 0.049 -0.0005108575 -0.03837764 0.039 -0.0002189518 -0.03826207 0.049 -0.0002189518 -0.03826207 0.039 5.616699e-05 -0.03811082 0.049 5.616699e-05 -0.03811082 0.039 0.00031016 -0.03792628 0.049 0.00031016 -0.03792628 0.039 0.0005390216 -0.03771137 0.049 0.0005390216 -0.03771137 0.039 0.0007391425 -0.03746946 0.049 0.0007391425 -0.03746946 0.039 0.0009073667 -0.03720438 0.049 0.0009073667 -0.03720438 0.039 0.001041041 -0.03692031 0.049 0.001041041 -0.03692031 0.039 0.001138058 -0.03662172 0.049 0.001138058 -0.03662172 0.039 0.001196887 -0.03631333 0.049 0.001196887 -0.03631333 0.039 0.0012166 -0.036 0.039 0.0012166 -0.036 0.049 -0.002092518 -0.03619943 0.03799856 -0.00202128 -0.03638727 0.03799856 -0.0012834 -0.036 0.03749785 -0.001907159 -0.0365526 0.03799856 -0.001756787 -0.03668582 0.03799856 -0.002901636 -0.03639886 0.03849928 -0.001578904 -0.03677918 0.03799856 -0.00275916 -0.03677454 0.03849928 -0.001383847 -0.03682726 0.03799856 -0.002530918 -0.03710521 0.03849928 -0.001182953 -0.03682726 0.03799856 -0.002230175 -0.03737164 0.03849928 -0.0009878959 -0.03677918 0.03799856 -0.001874408 -0.03755836 0.03849928 -0.0008100127 -0.03668582 0.03799856 -0.001484294 -0.03765451 0.03849928 -0.000659641 -0.0365526 0.03799856 -0.001082506 -0.03765451 0.03849928 -0.00054552 -0.03638727 0.03799856 -0.0006923919 -0.03755836 0.03849928 -0.0004742818 -0.03619943 0.03799856 -0.0003366254 -0.03737164 0.03849928 -3.588209e-05 -0.03710521 0.03849928 0.00019236 -0.03677454 0.03849928 0.0003348364 -0.03639886 0.03849928 0.0292166 -0.016 0.049 0.02924026 -0.016376 0.049 0.0292166 -0.016 0.037 0.02924026 -0.016376 0.037 0.02931085 -0.01674607 0.049 0.02931085 -0.01674607 0.037 0.02942727 -0.01710437 0.049 0.02942727 -0.01710437 0.037 0.02958768 -0.01744526 0.049 0.02958768 -0.01744526 0.037 0.02978955 -0.01776336 0.049 0.02978955 -0.01776336 0.037 0.03002969 -0.01805364 0.049 0.03002969 -0.01805364 0.037 0.03030433 -0.01831154 0.037 0.03030433 -0.01831154 0.049 0.03060912 -0.01853298 0.049 0.03060912 -0.01853298 0.037 0.03093926 -0.01871448 0.037 0.03093926 -0.01871448 0.049 0.03128955 -0.01885317 0.049 0.03128955 -0.01885317 0.037 0.03165446 -0.01894686 0.049 0.03165446 -0.01894686 0.037 0.03202823 -0.01899408 0.049 0.03202823 -0.01899408 0.037 0.03240497 -0.01899408 0.049 0.03240497 -0.01899408 0.037 0.03277874 -0.01894686 0.049 0.03277874 -0.01894686 0.037 0.03314365 -0.01885317 0.037 0.03314365 -0.01885317 0.049 0.03349394 -0.01871448 0.049 0.03349394 -0.01871448 0.037 0.03382408 -0.01853298 0.037 0.03382408 -0.01853298 0.049 0.03412887 -0.01831154 0.049 0.03412887 -0.01831154 0.037 0.03440351 -0.01805364 0.049 0.03440351 -0.01805364 0.037 0.03464365 -0.01776336 0.049 0.03464365 -0.01776336 0.037 0.03484552 -0.01744526 0.037 0.03484552 -0.01744526 0.049 0.03500593 -0.01710437 0.049 0.03500593 -0.01710437 0.037 0.03512235 -0.01674607 0.037 0.03512235 -0.01674607 0.049 0.03519294 -0.016376 0.049 0.03519294 -0.016376 0.037 0.0352166 -0.016 0.037 0.0352166 -0.016 0.049 0.03124566 -0.01623932 0.03579828 0.03133114 -0.01646472 0.03579828 0.0322166 -0.016 0.03519742 0.03146809 -0.01666312 0.03579828 0.03164853 -0.01682298 0.03579828 0.03027472 -0.01647863 0.03639914 0.031862 -0.01693502 0.03579828 0.03044569 -0.01692945 0.03639914 0.03209606 -0.01699271 0.03579828 0.03071958 -0.01732625 0.03639914 0.03233714 -0.01699271 0.03579828 0.03108047 -0.01764597 0.03639914 0.03257121 -0.01693502 0.03579828 0.03150739 -0.01787003 0.03639914 0.03278466 -0.01682298 0.03579828 0.03197553 -0.01798542 0.03639914 0.03296511 -0.01666312 0.03579828 0.03245767 -0.01798542 0.03639914 0.03310205 -0.01646472 0.03579828 0.03292581 -0.01787003 0.03639914 0.03318754 -0.01623932 0.03579828 0.03335273 -0.01764597 0.03639914 0.03371362 -0.01732625 0.03639914 0.03398751 -0.01692945 0.03639914 0.03415849 -0.01647863 0.03639914 0.0234332 0.01735526 0.015 0.0234332 0.01735526 7.629395e-10 0.02341152 0.0170106 0.015 0.02341152 0.0170106 7.629395e-10 0.0233468 0.01667137 0.015 0.0233468 0.01667137 7.629395e-10 0.02324009 0.01634292 0.015 0.02324009 0.01634292 7.629395e-10 0.02309304 0.01603044 0.015 0.02309304 0.01603044 7.629395e-10 0.022908 0.01573886 0.015 0.022908 0.01573886 7.629395e-10 0.02268786 0.01547276 0.015 0.02268786 0.01547276 7.629395e-10 0.02243612 0.01523635 0.015 0.02243612 0.01523635 7.629395e-10 0.02215672 0.01503336 0.015 0.02215672 0.01503336 7.629395e-10 0.02185409 0.01486699 0.015 0.02185409 0.01486699 7.629395e-10 0.021533 0.01473986 7.629395e-10 0.021533 0.01473986 0.015 0.0211985 0.01465398 0.015 0.0211985 0.01465398 7.629395e-10 0.02085587 0.01461069 7.629395e-10 0.02085587 0.01461069 0.015 0.02051053 0.01461069 0.015 0.02051053 0.01461069 7.629395e-10 0.0201679 0.01465398 0.015 0.0201679 0.01465398 7.629395e-10 0.0198334 0.01473986 0.015 0.0198334 0.01473986 7.629395e-10 0.01951231 0.01486699 7.629395e-10 0.01951231 0.01486699 0.015 0.01920968 0.01503336 0.015 0.01920968 0.01503336 7.629395e-10 0.01893028 0.01523635 0.015 0.01893028 0.01523635 7.629395e-10 0.01867854 0.01547276 7.629395e-10 0.01867854 0.01547276 0.015 0.0184584 0.01573886 7.629395e-10 0.0184584 0.01573886 0.015 0.01827336 0.01603044 0.015 0.01827336 0.01603044 7.629395e-10 0.01812631 0.01634292 0.015 0.01812631 0.01634292 7.629395e-10 0.0180196 0.01667137 7.629395e-10 0.0180196 0.01667137 0.015 0.01795489 0.0170106 7.629395e-10 0.01795489 0.0170106 0.015 0.0179332 0.01735526 0.015 0.0179332 0.01735526 7.629395e-10 0.007438501 0.02658981 0.015 0.007438501 0.02658981 7.629395e-10 0.007416816 0.02624514 0.015 0.007416816 0.02624514 7.629395e-10 0.007352105 0.02590591 0.015 0.007352105 0.02590591 7.629395e-10 0.007245386 0.02557747 0.015 0.007245386 0.02557747 7.629395e-10 0.007098344 0.02526499 0.015 0.007098344 0.02526499 7.629395e-10 0.006913298 0.0249734 0.015 0.006913298 0.0249734 7.629395e-10 0.006693164 0.0247073 0.015 0.006693164 0.0247073 7.629395e-10 0.006441417 0.0244709 0.015 0.006441417 0.0244709 7.629395e-10 0.006162024 0.02426791 0.015 0.006162024 0.02426791 7.629395e-10 0.005859394 0.02410154 0.015 0.005859394 0.02410154 7.629395e-10 0.005538298 0.0239744 7.629395e-10 0.005538298 0.0239744 0.015 0.005203799 0.02388852 0.015 0.005203799 0.02388852 7.629395e-10 0.004861175 0.02384524 7.629395e-10 0.004861175 0.02384524 0.015 0.004515827 0.02384524 0.015 0.004515827 0.02384524 7.629395e-10 0.004173202 0.02388852 0.015 0.004173202 0.02388852 7.629395e-10 0.003838704 0.0239744 0.015 0.003838704 0.0239744 7.629395e-10 0.003517608 0.02410154 7.629395e-10 0.003517608 0.02410154 0.015 0.003214977 0.02426791 0.015 0.003214977 0.02426791 7.629395e-10 0.002935585 0.0244709 0.015 0.002935585 0.0244709 7.629395e-10 0.002683837 0.0247073 7.629395e-10 0.002683837 0.0247073 0.015 0.002463704 0.0249734 7.629395e-10 0.002463704 0.0249734 0.015 0.002278657 0.02526499 0.015 0.002278657 0.02526499 7.629395e-10 0.002131615 0.02557747 0.015 0.002131615 0.02557747 7.629395e-10 0.002024897 0.02590591 7.629395e-10 0.002024897 0.02590591 0.015 0.001960185 0.02624514 7.629395e-10 0.001960185 0.02624514 0.015 0.001938501 0.02658981 0.015 0.001938501 0.02658981 7.629395e-10 0.007438501 -0.02658981 0.015 0.007438501 -0.02658981 7.629395e-10 0.007416816 -0.02693447 0.015 0.007416816 -0.02693447 7.629395e-10 0.007352105 -0.02727371 0.015 0.007352105 -0.02727371 7.629395e-10 0.007245386 -0.02760215 0.015 0.007245386 -0.02760215 7.629395e-10 0.007098344 -0.02791463 0.015 0.007098344 -0.02791463 7.629395e-10 0.006913298 -0.02820622 0.015 0.006913298 -0.02820622 7.629395e-10 0.006693164 -0.02847231 0.015 0.006693164 -0.02847231 7.629395e-10 0.006441417 -0.02870872 0.015 0.006441417 -0.02870872 7.629395e-10 0.006162024 -0.02891171 0.015 0.006162024 -0.02891171 7.629395e-10 0.005859394 -0.02907808 0.015 0.005859394 -0.02907808 7.629395e-10 0.005538298 -0.02920522 7.629395e-10 0.005538298 -0.02920522 0.015 0.005203799 -0.0292911 0.015 0.005203799 -0.0292911 7.629395e-10 0.004861175 -0.02933438 7.629395e-10 0.004861175 -0.02933438 0.015 0.004515827 -0.02933438 0.015 0.004515827 -0.02933438 7.629395e-10 0.004173202 -0.0292911 0.015 0.004173202 -0.0292911 7.629395e-10 0.003838704 -0.02920522 0.015 0.003838704 -0.02920522 7.629395e-10 0.003517608 -0.02907808 7.629395e-10 0.003517608 -0.02907808 0.015 0.003214977 -0.02891171 0.015 0.003214977 -0.02891171 7.629395e-10 0.002935585 -0.02870872 0.015 0.002935585 -0.02870872 7.629395e-10 0.002683837 -0.02847231 7.629395e-10 0.002683837 -0.02847231 0.015 0.002463704 -0.02820622 7.629395e-10 0.002463704 -0.02820622 0.015 0.002278657 -0.02791463 0.015 0.002278657 -0.02791463 7.629395e-10 0.002131615 -0.02760215 0.015 0.002131615 -0.02760215 7.629395e-10 0.002024897 -0.02727371 7.629395e-10 0.002024897 -0.02727371 0.015 0.001960185 -0.02693447 7.629395e-10 0.001960185 -0.02693447 0.015 0.001938501 -0.02658981 0.015 0.001938501 -0.02658981 7.629395e-10 0.0234332 -0.01735526 0.015 0.0234332 -0.01735526 7.629395e-10 0.02341152 -0.01769993 0.015 0.02341152 -0.01769993 7.629395e-10 0.0233468 -0.01803916 0.015 0.0233468 -0.01803916 7.629395e-10 0.02324009 -0.01836761 0.015 0.02324009 -0.01836761 7.629395e-10 0.02309304 -0.01868009 0.015 0.02309304 -0.01868009 7.629395e-10 0.022908 -0.01897167 0.015 0.022908 -0.01897167 7.629395e-10 0.02268786 -0.01923777 0.015 0.02268786 -0.01923777 7.629395e-10 0.02243612 -0.01947418 0.015 0.02243612 -0.01947418 7.629395e-10 0.02215672 -0.01967717 0.015 0.02215672 -0.01967717 7.629395e-10 0.02185409 -0.01984354 0.015 0.02185409 -0.01984354 7.629395e-10 0.021533 -0.01997067 7.629395e-10 0.021533 -0.01997067 0.015 0.0211985 -0.02005655 0.015 0.0211985 -0.02005655 7.629395e-10 0.02085587 -0.02009984 7.629395e-10 0.02085587 -0.02009984 0.015 0.02051053 -0.02009984 0.015 0.02051053 -0.02009984 7.629395e-10 0.0201679 -0.02005655 0.015 0.0201679 -0.02005655 7.629395e-10 0.0198334 -0.01997067 0.015 0.0198334 -0.01997067 7.629395e-10 0.01951231 -0.01984354 7.629395e-10 0.01951231 -0.01984354 0.015 0.01920968 -0.01967717 0.015 0.01920968 -0.01967717 7.629395e-10 0.01893028 -0.01947418 0.015 0.01893028 -0.01947418 7.629395e-10 0.01867854 -0.01923777 7.629395e-10 0.01867854 -0.01923777 0.015 0.0184584 -0.01897167 7.629395e-10 0.0184584 -0.01897167 0.015 0.01827336 -0.01868009 0.015 0.01827336 -0.01868009 7.629395e-10 0.01812631 -0.01836761 0.015 0.01812631 -0.01836761 7.629395e-10 0.0180196 -0.01803916 7.629395e-10 0.0180196 -0.01803916 0.015 0.01795489 -0.01769993 7.629395e-10 0.01795489 -0.01769993 0.015 0.0179332 -0.01735526 0.015 0.0179332 -0.01735526 7.629395e-10 -0.0020334 -0.016 0.049 -0.0020334 -0.016 0.015 -0.0020334 -0.02158981 0.049 -0.0020334 -0.02158981 0.015 0.0156832 -0.011 0.049 0.0029666 -0.011 0.015 0.0029666 -0.011 0.049 0.0156832 -0.011 0.015 0.0322166 -0.011 0.015 0.0256832 -0.011 0.015 0.0322166 -0.011 0.049 0.0256832 -0.011 0.049 0.0256832 0.011 0.049 0.0256832 0.011 0.015 0.0322166 0.011 0.049 0.0322166 0.011 0.015 0.0029666 0.011 0.015 0.0156832 0.011 0.015 0.0029666 0.011 0.049 0.0156832 0.011 0.049 -0.0020334 0.02158981 0.049 -0.0020334 0.02158981 0.015 -0.0020334 0.016 0.049 -0.0020334 0.016 0.015 0.01795489 -0.0170106 7.629395e-10 0.01795489 -0.0170106 0.015 0.0180196 -0.01667137 7.629395e-10 0.0180196 -0.01667137 0.015 0.01812631 -0.01634292 7.629395e-10 0.01812631 -0.01634292 0.015 0.01827336 -0.01603044 7.629395e-10 0.01827336 -0.01603044 0.015 0.0184584 -0.01573886 7.629395e-10 0.0184584 -0.01573886 0.015 0.01867854 -0.01547276 7.629395e-10 0.01867854 -0.01547276 0.015 0.01893028 -0.01523635 7.629395e-10 0.01893028 -0.01523635 0.015 0.01920968 -0.01503336 7.629395e-10 0.01920968 -0.01503336 0.015 0.01951231 -0.01486699 7.629395e-10 0.01951231 -0.01486699 0.015 0.0198334 -0.01473986 7.629395e-10 0.0198334 -0.01473986 0.015 0.0201679 -0.01465398 7.629395e-10 0.0201679 -0.01465398 0.015 0.02051053 -0.01461069 7.629395e-10 0.02051053 -0.01461069 0.015 0.02085587 -0.01461069 7.629395e-10 0.02085587 -0.01461069 0.015 0.0211985 -0.01465398 7.629395e-10 0.0211985 -0.01465398 0.015 0.021533 -0.01473986 7.629395e-10 0.021533 -0.01473986 0.015 0.02185409 -0.01486699 7.629395e-10 0.02185409 -0.01486699 0.015 0.02215672 -0.01503336 7.629395e-10 0.02215672 -0.01503336 0.015 0.02243612 -0.01523635 7.629395e-10 0.02243612 -0.01523635 0.015 0.02268786 -0.01547276 7.629395e-10 0.02268786 -0.01547276 0.015 0.022908 -0.01573886 7.629395e-10 0.022908 -0.01573886 0.015 0.02309304 -0.01603044 7.629395e-10 0.02309304 -0.01603044 0.015 0.02324009 -0.01634292 7.629395e-10 0.02324009 -0.01634292 0.015 0.0233468 -0.01667137 7.629395e-10 0.0233468 -0.01667137 0.015 0.02341152 -0.0170106 0.015 0.02341152 -0.0170106 7.629395e-10 0.001960185 -0.02624514 7.629395e-10 0.001960185 -0.02624514 0.015 0.002024897 -0.02590591 7.629395e-10 0.002024897 -0.02590591 0.015 0.002131615 -0.02557747 7.629395e-10 0.002131615 -0.02557747 0.015 0.002278657 -0.02526499 7.629395e-10 0.002278657 -0.02526499 0.015 0.002463704 -0.0249734 7.629395e-10 0.002463704 -0.0249734 0.015 0.002683837 -0.0247073 7.629395e-10 0.002683837 -0.0247073 0.015 0.002935585 -0.0244709 7.629395e-10 0.002935585 -0.0244709 0.015 0.003214977 -0.02426791 7.629395e-10 0.003214977 -0.02426791 0.015 0.003517608 -0.02410154 7.629395e-10 0.003517608 -0.02410154 0.015 0.003838704 -0.0239744 7.629395e-10 0.003838704 -0.0239744 0.015 0.004173202 -0.02388852 7.629395e-10 0.004173202 -0.02388852 0.015 0.004515827 -0.02384524 7.629395e-10 0.004515827 -0.02384524 0.015 0.004861175 -0.02384524 7.629395e-10 0.004861175 -0.02384524 0.015 0.005203799 -0.02388852 7.629395e-10 0.005203799 -0.02388852 0.015 0.005538298 -0.0239744 7.629395e-10 0.005538298 -0.0239744 0.015 0.005859394 -0.02410154 7.629395e-10 0.005859394 -0.02410154 0.015 0.006162024 -0.02426791 7.629395e-10 0.006162024 -0.02426791 0.015 0.006441417 -0.0244709 7.629395e-10 0.006441417 -0.0244709 0.015 0.006693164 -0.0247073 7.629395e-10 0.006693164 -0.0247073 0.015 0.006913298 -0.0249734 7.629395e-10 0.006913298 -0.0249734 0.015 0.007098344 -0.02526499 7.629395e-10 0.007098344 -0.02526499 0.015 0.007245386 -0.02557747 7.629395e-10 0.007245386 -0.02557747 0.015 0.007352105 -0.02590591 7.629395e-10 0.007352105 -0.02590591 0.015 0.007416816 -0.02624514 0.015 0.007416816 -0.02624514 7.629395e-10 0.001960185 0.02693447 7.629395e-10 0.001960185 0.02693447 0.015 0.002024897 0.02727371 7.629395e-10 0.002024897 0.02727371 0.015 0.002131615 0.02760215 7.629395e-10 0.002131615 0.02760215 0.015 0.002278657 0.02791463 7.629395e-10 0.002278657 0.02791463 0.015 0.002463704 0.02820622 7.629395e-10 0.002463704 0.02820622 0.015 0.002683837 0.02847231 7.629395e-10 0.002683837 0.02847231 0.015 0.002935585 0.02870872 7.629395e-10 0.002935585 0.02870872 0.015 0.003214977 0.02891171 7.629395e-10 0.003214977 0.02891171 0.015 0.003517608 0.02907808 7.629395e-10 0.003517608 0.02907808 0.015 0.003838704 0.02920522 7.629395e-10 0.003838704 0.02920522 0.015 0.004173202 0.0292911 7.629395e-10 0.004173202 0.0292911 0.015 0.004515827 0.02933438 7.629395e-10 0.004515827 0.02933438 0.015 0.004861175 0.02933438 7.629395e-10 0.004861175 0.02933438 0.015 0.005203799 0.0292911 7.629395e-10 0.005203799 0.0292911 0.015 0.005538298 0.02920522 7.629395e-10 0.005538298 0.02920522 0.015 0.005859394 0.02907808 7.629395e-10 0.005859394 0.02907808 0.015 0.006162024 0.02891171 7.629395e-10 0.006162024 0.02891171 0.015 0.006441417 0.02870872 7.629395e-10 0.006441417 0.02870872 0.015 0.006693164 0.02847231 7.629395e-10 0.006693164 0.02847231 0.015 0.006913298 0.02820622 7.629395e-10 0.006913298 0.02820622 0.015 0.007098344 0.02791463 7.629395e-10 0.007098344 0.02791463 0.015 0.007245386 0.02760215 7.629395e-10 0.007245386 0.02760215 0.015 0.007352105 0.02727371 7.629395e-10 0.007352105 0.02727371 0.015 0.007416816 0.02693447 0.015 0.007416816 0.02693447 7.629395e-10 0.01795489 0.01769993 7.629395e-10 0.01795489 0.01769993 0.015 0.0180196 0.01803916 7.629395e-10 0.0180196 0.01803916 0.015 0.01812631 0.01836761 7.629395e-10 0.01812631 0.01836761 0.015 0.01827336 0.01868009 7.629395e-10 0.01827336 0.01868009 0.015 0.0184584 0.01897167 7.629395e-10 0.0184584 0.01897167 0.015 0.01867854 0.01923777 7.629395e-10 0.01867854 0.01923777 0.015 0.01893028 0.01947418 7.629395e-10 0.01893028 0.01947418 0.015 0.01920968 0.01967717 7.629395e-10 0.01920968 0.01967717 0.015 0.01951231 0.01984354 7.629395e-10 0.01951231 0.01984354 0.015 0.0198334 0.01997067 7.629395e-10 0.0198334 0.01997067 0.015 0.0201679 0.02005655 7.629395e-10 0.0201679 0.02005655 0.015 0.02051053 0.02009984 7.629395e-10 0.02051053 0.02009984 0.015 0.02085587 0.02009984 7.629395e-10 0.02085587 0.02009984 0.015 0.0211985 0.02005655 7.629395e-10 0.0211985 0.02005655 0.015 0.021533 0.01997067 7.629395e-10 0.021533 0.01997067 0.015 0.02185409 0.01984354 7.629395e-10 0.02185409 0.01984354 0.015 0.02215672 0.01967717 7.629395e-10 0.02215672 0.01967717 0.015 0.02243612 0.01947418 7.629395e-10 0.02243612 0.01947418 0.015 0.02268786 0.01923777 7.629395e-10 0.02268786 0.01923777 0.015 0.022908 0.01897167 7.629395e-10 0.022908 0.01897167 0.015 0.02309304 0.01868009 7.629395e-10 0.02309304 0.01868009 0.015 0.02324009 0.01836761 7.629395e-10 0.02324009 0.01836761 0.015 0.0233468 0.01803916 7.629395e-10 0.0233468 0.01803916 0.015 0.02341152 0.01769993 0.015 0.02341152 0.01769993 7.629395e-10 -0.009510376 -0.04067508 0.015 -0.0112834 -0.041 0.015 -0.01068072 -0.04096354 0.015 -0.01008682 -0.04085471 0.015 -0.008959785 -0.04042728 0.015 -0.007967787 -0.03974255 0.015 -0.008443076 -0.04011492 0.015 -0.00685612 -0.03832362 0.015 -0.007540846 -0.03931561 0.015 -0.007168481 -0.03884032 0.015 -0.006319856 -0.03660268 0.015 -0.006608319 -0.03777303 0.015 -0.006428691 -0.03719658 0.015 -0.0062834 -0.036 0.015 -0.006247578 -0.03540256 0.015 -0.0377834 -0.041 0.015 -0.006140626 -0.03481368 0.015 -0.005964077 -0.0342418 0.015 -0.00572046 -0.03369511 0.015 -0.005413265 -0.03318145 0.015 -0.005046896 -0.03270818 0.015 -0.03002058 -0.007393921 0.015 -0.02975323 -0.006825776 0.015 -0.02941679 -0.006295618 0.015 -0.03021462 -0.007991095 0.015 -0.02901654 -0.005811808 0.015 -0.03033227 -0.008607878 0.015 -0.02855882 -0.005381978 0.015 -0.02805083 -0.005012904 0.015 -0.0275006 -0.004710409 0.015 -0.02691679 -0.004479261 0.015 -0.02630861 -0.004323108 0.015 -0.02568565 -0.00424441 0.015 -0.02505775 -0.00424441 0.015 -0.02443479 -0.004323108 0.015 -0.02382662 -0.004479261 0.015 -0.0232428 -0.004710409 0.015 -0.003148381 -0.03158981 0.015 0.004688501 -0.03158981 0.015 0.005315167 -0.03155038 0.015 0.00593195 -0.03143273 0.015 0.006529124 -0.03123869 0.015 -0.004626599 -0.03228207 0.015 -0.0041584 -0.03190923 0.015 -0.00397519 -0.03179657 0.015 -0.003779584 -0.03170714 0.015 -0.003574515 -0.03164228 0.015 -0.003363057 -0.03160298 0.015 0.007097269 -0.03097134 0.015 -0.02984785 0.002262068 0.015 -0.02955594 0.002377641 0.015 -0.02925185 0.002455718 0.015 -0.02894038 0.002495067 0.015 -0.03012297 0.00211082 0.015 -0.03037696 0.001926283 0.015 -0.02862642 0.002495067 0.015 -0.03060582 0.001711368 0.015 -0.02831495 0.002455718 0.015 -0.02801086 0.002377641 0.015 0.007627427 -0.03063489 0.015 -0.03080594 0.001469463 0.015 -0.03097417 0.001204384 0.015 -0.02771895 0.002262068 0.015 -0.02744383 0.00211082 0.015 -0.03110784 0.0009203114 0.015 0.008111237 -0.03023465 0.015 -0.02718984 0.001926283 0.015 -0.03120486 0.0006217247 0.015 -0.02696098 0.001711368 0.015 -0.02676086 0.001469463 0.015 0.008541067 -0.02977693 0.015 -0.03126369 0.0003133331 0.015 -0.02659263 0.001204384 0.015 0.00891014 -0.02926894 0.015 -0.02645896 0.0009203114 0.015 -0.02636194 0.0006217247 0.015 0.009212636 -0.02871871 0.015 -0.02630311 0.0003133331 0.015 0.009443784 -0.02813489 0.015 0.009599937 -0.02752672 0.015 -0.02269257 -0.005012904 0.015 -0.001996944 -0.01539732 0.015 0.009678635 -0.02690376 0.015 0.004688501 -0.02158981 0.015 -0.02218458 -0.005381978 0.015 -0.001888109 -0.01480342 0.015 0.009678635 -0.02627586 0.015 0.005315167 -0.02162924 0.015 0.009599937 -0.0256529 0.015 -0.001708481 -0.01422698 0.015 -0.02172686 -0.005811808 0.015 0.00593195 -0.02174689 0.015 0.009443784 -0.02504472 0.015 0.006529124 -0.02194093 0.015 0.009212636 -0.02446091 0.015 -0.00146068 -0.01367638 0.015 -0.02041113 -0.008607878 0.015 0.007097269 -0.02220828 0.015 -0.02132662 -0.006295618 0.015 0.00891014 -0.02391068 0.015 0.007627427 -0.02254472 0.015 0.008541067 -0.02340269 0.015 0.008111237 -0.02294497 0.015 -0.001148319 -0.01315968 0.015 -0.02052879 -0.007991095 0.015 -0.02099017 -0.006825776 0.015 -0.0007759538 -0.01268439 0.015 -0.02072282 -0.007393921 0.015 -0.0003490133 -0.01225745 0.015 0.0001262763 -0.01188508 0.015 0.01703836 -0.020778 0.015 0.01749608 -0.02120783 0.015 0.01663811 -0.02029419 0.015 0.01800407 -0.0215769 0.015 0.01630167 -0.01976403 0.015 0.0185543 -0.0218794 0.015 0.01603432 -0.01919589 0.015 0.01913811 -0.02211055 0.015 0.01572263 -0.01798193 0.015 0.01584028 -0.01859871 0.015 0.01974629 -0.0222667 0.015 0.02036925 -0.0223454 0.015 0.02099715 -0.0223454 0.015 0.0156832 -0.01735526 0.015 0.02162011 -0.0222667 0.015 0.02222828 -0.02211055 0.015 0.0228121 -0.0218794 0.015 0.02336233 -0.0215769 0.015 0.02387032 -0.02120783 0.015 -0.0377834 0.041 0.015 -0.02691679 0.01398983 0.015 -0.02630861 0.01414598 0.015 -0.0275006 0.01375868 0.015 -0.02805083 0.01345618 0.015 -0.02855882 0.01308711 0.015 -0.02901654 0.01265728 0.015 -0.02941679 0.01217347 0.015 -0.02975323 0.01164331 0.015 -0.03002058 0.01107517 0.015 -0.03021462 0.01047799 0.015 -0.03033227 0.00986121 0.015 0.02432804 -0.020778 0.015 0.02472828 -0.02029419 0.015 0.02506473 -0.01976403 0.015 0.02533208 -0.01919589 0.015 0.02552612 -0.01859871 0.015 0.02564377 -0.01798193 0.015 -0.02269257 0.01345618 0.015 -0.02218458 0.01308711 0.015 -0.02172686 0.01265728 0.015 -0.0232428 0.01375868 0.015 -0.02382662 0.01398983 0.015 -0.02132662 0.01217347 0.015 -0.02099017 0.01164331 0.015 -0.02443479 0.01414598 0.015 -0.02072282 0.01107517 0.015 0.0256832 -0.01735526 0.015 -0.02505775 0.01422468 0.015 -0.01498717 0.02357848 0.015 -0.02568565 0.01422468 0.015 -0.02052879 0.01047799 0.015 -0.01494889 0.02377091 0.015 -0.01488582 0.02395671 0.015 -0.01479904 0.02413269 0.015 -0.01469003 0.02429583 0.015 -0.01456066 0.02444335 0.015 -0.0007759538 0.01268439 0.015 -0.0003490133 0.01225745 0.015 0.0001262763 0.01188508 0.015 -0.001148319 0.01315968 0.015 0.0006429842 0.01157272 0.015 0.0006429842 -0.01157272 0.015 0.001193576 -0.01132492 0.015 -0.00146068 0.01367638 0.015 0.001193576 0.01132492 0.015 -0.001708481 0.01422698 0.015 -0.02041113 0.00986121 0.015 0.001770022 0.01114529 0.015 0.001770022 -0.01114529 0.015 -0.001888109 0.01480342 0.015 0.002363917 0.01103646 0.015 0.002363917 -0.01103646 0.015 -0.001996944 0.01539732 0.015 -0.01211418 0.02395671 0.015 -0.01205111 0.02377091 0.015 -0.01201283 0.02357848 0.015 0.02551283 0.0001957893 0.015 0.02555111 0.0003882286 0.015 0.02561418 0.0005740252 0.015 0.02570096 0.00075 0.015 0.02580997 0.0009131421 0.015 0.02593934 0.00106066 0.015 0.03281928 -0.01103646 0.015 0.004688501 0.02158981 0.015 0.03341318 -0.01114529 0.015 -0.004626599 0.03228207 0.015 -0.01243934 0.02444335 0.015 -0.01230997 0.02429583 0.015 -0.005046896 0.03270818 0.015 -0.01275 0.02468172 0.015 -0.01258686 0.02457272 0.015 -0.0041584 0.03190923 0.015 -0.01220096 0.02413269 0.015 -0.005413265 0.03318145 0.015 -0.01292597 0.02476851 0.015 0.03398962 -0.01132492 0.015 -0.00397519 0.03179657 0.015 -0.003779584 0.03170714 0.015 -0.00572046 0.03369511 0.015 -0.01311177 0.02483158 0.015 -0.003574515 0.03164228 0.015 -0.003363057 0.03160298 0.015 -0.005964077 0.0342418 0.015 -0.0135 0.02488269 0.015 -0.01330421 0.02486985 0.015 0.03454021 -0.01157272 0.015 -0.003148381 0.03158981 0.015 0.03505692 -0.01188508 0.015 -0.006140626 0.03481368 0.015 -0.01369579 0.02486985 0.015 0.005315167 0.02162924 0.015 0.00593195 0.02174689 0.015 0.006529124 0.02194093 0.015 -0.0112834 0.041 0.015 -0.01441314 0.02457272 0.015 -0.01425 0.02468172 0.015 -0.01407403 0.02476851 0.015 -0.01388823 0.02483158 0.015 -0.006247578 0.03540256 0.015 -0.0062834 0.036 0.015 0.007097269 0.02220828 0.015 0.007627427 0.02254472 0.015 0.008111237 0.02294497 0.015 -0.00685612 0.03832362 0.015 -0.006319856 0.03660268 0.015 -0.006428691 0.03719658 0.015 -0.006608319 0.03777303 0.015 -0.008959785 0.04042728 0.015 -0.009510376 0.04067508 0.015 -0.01008682 0.04085471 0.015 -0.01068072 0.04096354 0.015 -0.008443076 0.04011492 0.015 -0.007967787 0.03974255 0.015 -0.007540846 0.03931561 0.015 -0.007168481 0.03884032 0.015 0.008541067 0.02340269 0.015 0.00891014 0.02391068 0.015 0.009212636 0.02446091 0.015 0.0156832 0.01735526 0.015 0.009443784 0.02504472 0.015 0.009599937 0.0256529 0.015 0.01572263 0.01798193 0.015 0.009678635 0.02627586 0.015 0.01584028 0.01859871 0.015 0.004688501 0.03158981 0.015 0.01603432 0.01919589 0.015 0.009678635 0.02690376 0.015 0.02608686 0.00119003 0.015 0.02625 0.001299038 0.015 0.02642598 0.001385819 0.015 0.02661177 0.001448889 0.015 0.02680421 0.001487167 0.015 0.027 0.0015 0.015 0.02719579 0.001487167 0.015 0.02738823 0.001448889 0.015 0.005315167 0.03155038 0.015 0.01663811 0.02029419 0.015 0.01630167 0.01976403 0.015 0.009599937 0.02752672 0.015 0.00593195 0.03143273 0.015 0.009443784 0.02813489 0.015 0.006529124 0.03123869 0.015 0.01703836 0.020778 0.015 0.009212636 0.02871871 0.015 0.007097269 0.03097134 0.015 0.00891014 0.02926894 0.015 0.007627427 0.03063489 0.015 0.008541067 0.02977693 0.015 0.008111237 0.03023465 0.015 0.01749608 0.02120783 0.015 0.01800407 0.0215769 0.015 0.0185543 0.0218794 0.015 0.01913811 0.02211055 0.015 0.01974629 0.0222667 0.015 0.02036925 0.0223454 0.015 0.0256832 0.01735526 0.015 0.02757402 0.001385819 0.015 0.02775 0.001299038 0.015 0.02791314 0.00119003 0.015 0.02806066 0.00106066 0.015 0.02819003 0.0009131421 0.015 0.02099715 0.0223454 0.015 0.02564377 0.01798193 0.015 0.03281928 0.01103646 0.015 0.02829904 0.00075 0.015 0.02162011 0.0222667 0.015 0.02552612 0.01859871 0.015 0.02222828 0.02211055 0.015 0.02533208 0.01919589 0.015 0.03341318 0.01114529 0.015 0.02838582 0.0005740252 0.015 0.0228121 0.0218794 0.015 0.02506473 0.01976403 0.015 0.02336233 0.0215769 0.015 0.02472828 0.02029419 0.015 0.02387032 0.02120783 0.015 0.02432804 0.020778 0.015 0.03398962 0.01132492 0.015 0.02844889 0.0003882286 0.015 0.02848717 0.0001957893 0.015 0.03454021 0.01157272 0.015 0.03505692 0.01188508 0.015 0.03553222 -0.01225745 0.015 0.03553222 0.01225745 0.015 0.03595915 0.01268439 0.015 0.03595915 -0.01268439 0.015 0.03633152 -0.01315968 0.015 0.03633152 0.01315968 0.015 0.03664388 -0.01367638 0.015 0.03664388 0.01367638 0.015 0.03689168 0.01422698 0.015 0.03689168 -0.01422698 0.015 0.03707131 0.01480342 0.015 0.03707131 -0.01480342 0.015 0.03718015 0.01539732 0.015 0.03718015 -0.01539732 0.015 0.0372166 -0.016 0.015 0.0372166 0.016 0.015 -0.0041584 -0.03190923 0.049 -0.004626599 -0.03228207 0.049 -0.005046896 -0.03270818 0.049 -0.005413265 -0.03318145 0.049 -0.00572046 -0.03369511 0.049 -0.005964077 -0.0342418 0.049 -0.006140626 -0.03481368 0.049 -0.006247578 -0.03540256 0.049 -0.0062834 -0.036 0.049 0.002363917 -0.01103646 0.049 0.001770022 -0.01114529 0.049 0.001193576 -0.01132492 0.049 0.0006429842 -0.01157272 0.049 0.0001262763 -0.01188508 0.049 -0.0003490133 -0.01225745 0.049 -0.0007759538 -0.01268439 0.049 -0.001148319 -0.01315968 0.049 -0.00146068 -0.01367638 0.049 -0.001708481 -0.01422698 0.049 -0.001888109 -0.01480342 0.049 -0.001996944 -0.01539732 0.049 0.03718015 -0.01539732 0.049 0.0372166 -0.016 0.049 0.03707131 -0.01480342 0.049 0.03689168 -0.01422698 0.049 0.03664388 -0.01367638 0.049 0.03633152 -0.01315968 0.049 0.03595915 -0.01268439 0.049 0.03553222 -0.01225745 0.049 0.03505692 -0.01188508 0.049 0.03454021 -0.01157272 0.049 0.03398962 -0.01132492 0.049 0.03341318 -0.01114529 0.049 0.03281928 -0.01103646 0.049 0.0372166 -0.059 0.0365 0.0372166 -0.041 0.049 0.0372166 -0.059 0.0565 0.0372166 -0.041 0.0565 0.0372166 -0.041 7.629395e-10 0.0372166 0.016 0.049 0.0372166 0.041 0.049 0.0372166 0.059 0.0565 0.0372166 0.041 0.0565 0.0372166 0.059 0.0365 0.0372166 0.041 7.629395e-10 0.03519294 -0.015624 0.049 0.03512235 -0.01525393 0.049 0.03500593 -0.01489563 0.049 0.03484552 -0.01455474 0.049 0.03464365 -0.01423664 0.049 0.03440351 -0.01394636 0.049 0.03412887 -0.01368846 0.049 0.03382408 -0.01346702 0.049 0.03349394 -0.01328552 0.049 0.03314365 -0.01314683 0.049 0.02432804 -0.020778 0.049 0.02387032 -0.02120783 0.049 0.02472828 -0.02029419 0.049 0.02336233 -0.0215769 0.049 0.02506473 -0.01976403 0.049 0.0228121 -0.0218794 0.049 0.03277874 -0.01305314 0.049 0.02533208 -0.01919589 0.049 0.02222828 -0.02211055 0.049 0.02552612 -0.01859871 0.049 0.02162011 -0.0222667 0.049 0.03240497 -0.01300592 0.049 0.02564377 -0.01798193 0.049 0.02099715 -0.0223454 0.049 0.03128955 -0.01314683 0.049 0.03093926 -0.01328552 0.049 0.03060912 -0.01346702 0.049 0.03202823 -0.01300592 0.049 0.03165446 -0.01305314 0.049 0.02931085 -0.01525393 0.049 0.0256832 -0.01735526 0.049 0.02924026 -0.015624 0.049 0.008541067 -0.02977693 0.049 0.008111237 -0.03023465 0.049 0.007627427 -0.03063489 0.049 0.02036925 -0.0223454 0.049 0.00891014 -0.02926894 0.049 0.007097269 -0.03097134 0.049 0.01974629 -0.0222667 0.049 0.009212636 -0.02871871 0.049 0.006529124 -0.03123869 0.049 0.01913811 -0.02211055 0.049 0.009443784 -0.02813489 0.049 0.00593195 -0.03143273 0.049 0.009599937 -0.02752672 0.049 0.0185543 -0.0218794 0.049 0.005315167 -0.03155038 0.049 0.03030433 -0.01368846 0.049 0.03002969 -0.01394636 0.049 0.02978955 -0.01423664 0.049 0.02958768 -0.01455474 0.049 0.02942727 -0.01489563 0.049 0.01800407 -0.0215769 0.049 0.009678635 -0.02690376 0.049 0.004688501 -0.03158981 0.049 0.001196887 -0.03568667 0.049 0.001138058 -0.03537828 0.049 0.001041041 -0.03507969 0.049 0.009678635 -0.02627586 0.049 0.01749608 -0.02120783 0.049 0.0009073667 -0.03479562 0.049 0.0007391425 -0.03453054 0.049 0.01703836 -0.020778 0.049 0.009599937 -0.0256529 0.049 0.0005390216 -0.03428863 0.049 0.01663811 -0.02029419 0.049 0.009443784 -0.02504472 0.049 0.00031016 -0.03407372 0.049 5.616699e-05 -0.03388918 0.049 0.009212636 -0.02446091 0.049 0.01630167 -0.01976403 0.049 -0.0002189518 -0.03373793 0.049 -0.0005108575 -0.03362236 0.049 0.01603432 -0.01919589 0.049 0.00891014 -0.02391068 0.049 0.01584028 -0.01859871 0.049 0.008541067 -0.02340269 0.049 -0.007540846 -0.03931561 0.049 -0.007967787 -0.03974255 0.049 -0.007168481 -0.03884032 0.049 -0.008443076 -0.04011492 0.049 -0.008959785 -0.04042728 0.049 -0.00685612 -0.03832362 0.049 -0.009510376 -0.04067508 0.049 -0.006608319 -0.03777303 0.049 0.01572263 -0.01798193 0.049 0.008111237 -0.02294497 0.049 -0.006428691 -0.03719658 0.049 -0.01008682 -0.04085471 0.049 -0.006319856 -0.03660268 0.049 -0.01068072 -0.04096354 0.049 0.007627427 -0.02254472 0.049 0.0156832 -0.01735526 0.049 0.007097269 -0.02220828 0.049 -0.003763687 -0.03568667 0.049 -0.003704858 -0.03537828 0.049 0.006529124 -0.02194093 0.049 -0.003148381 -0.03158981 0.049 -0.0008149467 -0.03354428 0.049 -0.001126424 -0.03350493 0.049 -0.001440376 -0.03350493 0.049 -0.001751853 -0.03354428 0.049 -0.002055943 -0.03362236 0.049 -0.002347848 -0.03373793 0.049 -0.002622967 -0.03388918 0.049 -0.003607841 -0.03507969 0.049 -0.003363057 -0.03160298 0.049 -0.003574515 -0.03164228 0.049 -0.003474167 -0.03479562 0.049 -0.003779584 -0.03170714 0.049 -0.00397519 -0.03179657 0.049 -0.003305943 -0.03453054 0.049 -0.00287696 -0.03407372 0.049 -0.003105822 -0.03428863 0.049 0.005315167 -0.02162924 0.049 0.004688501 -0.02158981 0.049 0.00593195 -0.02174689 0.049 -0.0112834 -0.041 0.049 0.03318754 -0.01576068 0.03579828 0.03310205 -0.01553528 0.03579828 0.03296511 -0.01533688 0.03579828 0.03278466 -0.01517702 0.03579828 0.03519294 -0.015624 0.037 0.03415849 -0.01552137 0.03639914 0.03512235 -0.01525393 0.037 0.03500593 -0.01489563 0.037 0.03257121 -0.01506498 0.03579828 0.03484552 -0.01455474 0.037 0.03398751 -0.01507055 0.03639914 0.03464365 -0.01423664 0.037 0.03233714 -0.01500729 0.03579828 0.03440351 -0.01394636 0.037 0.03371362 -0.01467375 0.03639914 0.03412887 -0.01368846 0.037 0.03209606 -0.01500729 0.03579828 0.03382408 -0.01346702 0.037 0.03335273 -0.01435403 0.03639914 0.03349394 -0.01328552 0.037 0.031862 -0.01506498 0.03579828 0.03314365 -0.01314683 0.037 0.03292581 -0.01412997 0.03639914 0.03277874 -0.01305314 0.037 0.03164853 -0.01517702 0.03579828 0.03240497 -0.01300592 0.037 0.03245767 -0.01401458 0.03639914 0.03202823 -0.01300592 0.037 0.03146809 -0.01533688 0.03579828 0.03165446 -0.01305314 0.037 0.03197553 -0.01401458 0.03639914 0.03133114 -0.01553528 0.03579828 0.03150739 -0.01412997 0.03639914 0.03128955 -0.01314683 0.037 0.03093926 -0.01328552 0.037 0.03124566 -0.01576068 0.03579828 0.03108047 -0.01435403 0.03639914 0.03060912 -0.01346702 0.037 0.03030433 -0.01368846 0.037 0.03071958 -0.01467375 0.03639914 0.03002969 -0.01394636 0.037 0.02978955 -0.01423664 0.037 0.03044569 -0.01507055 0.03639914 0.02958768 -0.01455474 0.037 0.02942727 -0.01489563 0.037 0.03027472 -0.01552137 0.03639914 0.02931085 -0.01525393 0.037 0.02924026 -0.015624 0.037 -0.0004742818 -0.03580057 0.03799856 -0.00054552 -0.03561273 0.03799856 -0.000659641 -0.0354474 0.03799856 -0.0008100127 -0.03531418 0.03799856 0.001196887 -0.03568667 0.039 0.0003348364 -0.03560114 0.03849928 0.001138058 -0.03537828 0.039 0.001041041 -0.03507969 0.039 -0.0009878959 -0.03522082 0.03799856 0.0009073667 -0.03479562 0.039 0.00019236 -0.03522546 0.03849928 0.0007391425 -0.03453054 0.039 -0.001182953 -0.03517274 0.03799856 0.0005390216 -0.03428863 0.039 -3.588209e-05 -0.03489479 0.03849928 0.00031016 -0.03407372 0.039 -0.001383847 -0.03517274 0.03799856 5.616699e-05 -0.03388918 0.039 -0.0003366254 -0.03462836 0.03849928 -0.0002189518 -0.03373793 0.039 -0.001578904 -0.03522082 0.03799856 -0.0005108575 -0.03362236 0.039 -0.0006923919 -0.03444164 0.03849928 -0.0008149467 -0.03354428 0.039 -0.001756787 -0.03531418 0.03799856 -0.001126424 -0.03350493 0.039 -0.001082506 -0.03434549 0.03849928 -0.001907159 -0.0354474 0.03799856 -0.001440376 -0.03350493 0.039 -0.001484294 -0.03434549 0.03849928 -0.001751853 -0.03354428 0.039 -0.00202128 -0.03561273 0.03799856 -0.001874408 -0.03444164 0.03849928 -0.002055943 -0.03362236 0.039 -0.002347848 -0.03373793 0.039 -0.002092518 -0.03580057 0.03799856 -0.002622967 -0.03388918 0.039 -0.002230175 -0.03462836 0.03849928 -0.00287696 -0.03407372 0.039 -0.002530918 -0.03489479 0.03849928 -0.003105822 -0.03428863 0.039 -0.003305943 -0.03453054 0.039 -0.00275916 -0.03522546 0.03849928 -0.003474167 -0.03479562 0.039 -0.003607841 -0.03507969 0.039 -0.002901636 -0.03560114 0.03849928 -0.003704858 -0.03537828 0.039 -0.003763687 -0.03568667 0.039 -0.0377834 0.059 0.0565 -0.0377834 0.059 0.0365 -0.0377834 0.041 0.0565 -0.0377834 0.041 7.629395e-10 -0.0377834 -0.041 0.0565 -0.0377834 -0.059 0.0365 -0.0377834 -0.059 0.0565 -0.0377834 -0.041 7.629395e-10 -0.02810002 -0.008889877 7.629395e-10 -0.02803531 -0.008550647 7.629395e-10 -0.02792859 -0.008222201 7.629395e-10 -0.02778154 -0.007909721 7.629395e-10 -0.0275965 -0.007618134 7.629395e-10 -0.02737636 -0.007352039 7.629395e-10 -0.02712462 -0.007115633 7.629395e-10 -0.02684522 -0.006912642 7.629395e-10 -0.02654259 -0.00674627 7.629395e-10 -0.0262215 -0.006619138 7.629395e-10 -0.025887 -0.006533254 7.629395e-10 -0.02554437 -0.00648997 7.629395e-10 -0.02519903 -0.00648997 7.629395e-10 -0.0248564 -0.006533254 7.629395e-10 -0.0245219 -0.006619138 7.629395e-10 -0.02420081 -0.00674627 7.629395e-10 -0.02389818 -0.006912642 7.629395e-10 -0.02361878 -0.007115633 7.629395e-10 -0.02336704 -0.007352039 7.629395e-10 -0.02264338 -0.008889877 7.629395e-10 -0.0227081 -0.008550647 7.629395e-10 -0.02925185 0.002455718 7.629395e-10 -0.02894038 0.002495067 7.629395e-10 -0.02862642 0.002495067 7.629395e-10 -0.02955594 0.002377641 7.629395e-10 -0.02831495 0.002455718 7.629395e-10 -0.02984785 0.002262068 7.629395e-10 -0.02801086 0.002377641 7.629395e-10 -0.02281482 -0.008222201 7.629395e-10 -0.03012297 0.00211082 7.629395e-10 -0.02771895 0.002262068 7.629395e-10 -0.03037696 0.001926283 7.629395e-10 -0.02744383 0.00211082 7.629395e-10 -0.03060582 0.001711368 7.629395e-10 -0.02718984 0.001926283 7.629395e-10 -0.03080594 0.001469463 7.629395e-10 -0.02696098 0.001711368 7.629395e-10 -0.02810002 0.00957921 7.629395e-10 -0.03097417 0.001204384 7.629395e-10 -0.02676086 0.001469463 7.629395e-10 -0.02803531 0.009918441 7.629395e-10 -0.02659263 0.001204384 7.629395e-10 -0.02645896 0.0009203114 7.629395e-10 -0.02636194 0.0006217247 7.629395e-10 -0.02630311 0.0003133331 7.629395e-10 -0.0231469 -0.007618134 7.629395e-10 -0.02296186 -0.007909721 7.629395e-10 -0.03110784 0.0009203114 7.629395e-10 -0.03120486 0.0006217247 7.629395e-10 -0.03126369 0.0003133331 7.629395e-10 -0.02654259 0.01172282 7.629395e-10 -0.0262215 0.01184995 7.629395e-10 -0.02684522 0.01155645 7.629395e-10 -0.02712462 0.01135346 7.629395e-10 -0.02737636 0.01111705 7.629395e-10 -0.0275965 0.01085095 7.629395e-10 -0.02778154 0.01055937 7.629395e-10 -0.02792859 0.01024689 7.629395e-10 -0.02389818 0.01155645 7.629395e-10 -0.02361878 0.01135346 7.629395e-10 -0.02420081 0.01172282 7.629395e-10 -0.02336704 0.01111705 7.629395e-10 -0.0245219 0.01184995 7.629395e-10 -0.0231469 0.01085095 7.629395e-10 -0.02296186 0.01055937 7.629395e-10 -0.0248564 0.01193583 7.629395e-10 -0.02519903 0.01197912 7.629395e-10 -0.02281482 0.01024689 7.629395e-10 -0.02554437 0.01197912 7.629395e-10 -0.025887 0.01193583 7.629395e-10 -0.0227081 0.009918441 7.629395e-10 -0.01498717 0.02357848 7.629395e-10 -0.02264338 0.00957921 7.629395e-10 -0.01494889 0.02377091 7.629395e-10 -0.01488582 0.02395671 7.629395e-10 -0.01479904 0.02413269 7.629395e-10 -0.01469003 0.02429583 7.629395e-10 -0.01456066 0.02444335 7.629395e-10 -0.01441314 0.02457272 7.629395e-10 -0.01425 0.02468172 7.629395e-10 -0.01407403 0.02476851 7.629395e-10 -0.01388823 0.02483158 7.629395e-10 -0.01369579 0.02486985 7.629395e-10 -0.0135 0.02488269 7.629395e-10 -0.01201283 0.02357848 7.629395e-10 -0.01205111 0.02377091 7.629395e-10 -0.01211418 0.02395671 7.629395e-10 -0.01220096 0.02413269 7.629395e-10 -0.01243934 0.02444335 7.629395e-10 -0.01230997 0.02429583 7.629395e-10 -0.01258686 0.02457272 7.629395e-10 -0.01275 0.02468172 7.629395e-10 -0.01292597 0.02476851 7.629395e-10 -0.01311177 0.02483158 7.629395e-10 -0.01330421 0.02486985 7.629395e-10 0.02551283 0.0001957893 7.629395e-10 0.02555111 0.0003882286 7.629395e-10 0.02561418 0.0005740252 7.629395e-10 0.02570096 0.00075 7.629395e-10 0.02580997 0.0009131421 7.629395e-10 0.02593934 0.00106066 7.629395e-10 0.02608686 0.00119003 7.629395e-10 0.02625 0.001299038 7.629395e-10 0.02642598 0.001385819 7.629395e-10 0.02661177 0.001448889 7.629395e-10 0.02680421 0.001487167 7.629395e-10 0.027 0.0015 7.629395e-10 0.02719579 0.001487167 7.629395e-10 0.02738823 0.001448889 7.629395e-10 0.02757402 0.001385819 7.629395e-10 0.02775 0.001299038 7.629395e-10 0.02791314 0.00119003 7.629395e-10 0.02806066 0.00106066 7.629395e-10 0.02819003 0.0009131421 7.629395e-10 0.02829904 0.00075 7.629395e-10 0.02838582 0.0005740252 7.629395e-10 0.02844889 0.0003882286 7.629395e-10 0.02848717 0.0001957893 7.629395e-10 0.03281928 0.01103646 0.049 0.03341318 0.01114529 0.049 0.03398962 0.01132492 0.049 0.03454021 0.01157272 0.049 0.03505692 0.01188508 0.049 0.03553222 0.01225745 0.049 0.03595915 0.01268439 0.049 0.03633152 0.01315968 0.049 0.03664388 0.01367638 0.049 0.03689168 0.01422698 0.049 0.03707131 0.01480342 0.049 0.03718015 0.01539732 0.049 -0.001996944 0.01539732 0.049 -0.001888109 0.01480342 0.049 -0.001708481 0.01422698 0.049 -0.00146068 0.01367638 0.049 -0.001148319 0.01315968 0.049 -0.0007759538 0.01268439 0.049 -0.0003490133 0.01225745 0.049 0.0001262763 0.01188508 0.049 0.0006429842 0.01157272 0.049 0.001193576 0.01132492 0.049 0.001770022 0.01114529 0.049 0.002363917 0.01103646 0.049 -0.006247578 0.03540256 0.049 -0.0062834 0.036 0.049 -0.006140626 0.03481368 0.049 -0.005964077 0.0342418 0.049 -0.00572046 0.03369511 0.049 -0.005413265 0.03318145 0.049 -0.005046896 0.03270818 0.049 -0.004626599 0.03228207 0.049 -0.0041584 0.03190923 0.049 -9.744104e-06 0.016376 0.049 6.085052e-05 0.01674607 0.049 0.0001772705 0.01710437 0.049 0.00033768 0.01744526 0.049 0.0007796941 0.01805364 0.049 0.001054328 0.01831154 0.049 0.000539549 0.01776336 0.049 0.00135912 0.01853298 0.049 0.001689262 0.01871448 0.049 0.002039549 0.01885317 0.049 0.004688501 0.02158981 0.049 0.003893651 0.01885317 0.049 0.004243938 0.01871448 0.049 0.003528744 0.01894686 0.049 0.003154972 0.01899408 0.049 0.002778229 0.01899408 0.049 0.002404456 0.01894686 0.049 0.005315167 0.02162924 0.049 0.00457408 0.01853298 0.049 0.004878872 0.01831154 0.049 0.00593195 0.02174689 0.049 0.005153506 0.01805364 0.049 0.006529124 0.02194093 0.049 0.005393651 0.01776336 0.049 0.00559552 0.01744526 0.049 0.007097269 0.02220828 0.049 0.005755929 0.01710437 0.049 0.007627427 0.02254472 0.049 0.005872349 0.01674607 0.049 -0.00397519 0.03179657 0.049 -0.003779584 0.03170714 0.049 -0.003574515 0.03164228 0.049 -0.003363057 0.03160298 0.049 -0.003148381 0.03158981 0.049 -0.003763687 0.03631333 0.049 -0.006319856 0.03660268 0.049 -0.003704858 0.03662172 0.049 -0.006428691 0.03719658 0.049 0.0156832 0.01735526 0.049 0.005942944 0.016376 0.049 -0.003607841 0.03692031 0.049 0.01572263 0.01798193 0.049 0.008111237 0.02294497 0.049 -0.003474167 0.03720438 0.049 -0.006608319 0.03777303 0.049 -0.003305943 0.03746946 0.049 -0.00685612 0.03832362 0.049 0.01584028 0.01859871 0.049 0.008541067 0.02340269 0.049 -0.003105822 0.03771137 0.049 -0.00287696 0.03792628 0.049 -0.007168481 0.03884032 0.049 0.01603432 0.01919589 0.049 0.00891014 0.02391068 0.049 -0.002622967 0.03811082 0.049 -0.007540846 0.03931561 0.049 -0.002347848 0.03826207 0.049 0.01630167 0.01976403 0.049 0.009212636 0.02446091 0.049 0.004688501 0.03158981 0.049 -0.002055943 0.03837764 0.049 -0.007967787 0.03974255 0.049 -0.001751853 0.03845572 0.049 -0.008443076 0.04011492 0.049 0.01663811 0.02029419 0.049 0.009443784 0.02504472 0.049 -0.001440376 0.03849507 0.049 -0.008959785 0.04042728 0.049 0.005315167 0.03155038 0.049 -0.001126424 0.03849507 0.049 -0.009510376 0.04067508 0.049 0.001196887 0.03631333 0.049 0.00593195 0.03143273 0.049 0.001138058 0.03662172 0.049 0.006529124 0.03123869 0.049 0.01703836 0.020778 0.049 0.009599937 0.0256529 0.049 0.001041041 0.03692031 0.049 0.007097269 0.03097134 0.049 0.0009073667 0.03720438 0.049 0.01749608 0.02120783 0.049 0.009678635 0.02627586 0.049 0.01800407 0.0215769 0.049 0.009678635 0.02690376 0.049 0.0185543 0.0218794 0.049 0.009599937 0.02752672 0.049 0.01913811 0.02211055 0.049 0.009443784 0.02813489 0.049 0.01974629 0.0222667 0.049 0.009212636 0.02871871 0.049 0.02036925 0.0223454 0.049 0.00891014 0.02926894 0.049 0.0256832 0.01735526 0.049 0.02099715 0.0223454 0.049 0.02472828 0.02029419 0.049 0.02506473 0.01976403 0.049 0.02533208 0.01919589 0.049 0.02552612 0.01859871 0.049 0.02564377 0.01798193 0.049 0.007627427 0.03063489 0.049 0.008111237 0.03023465 0.049 0.008541067 0.02977693 0.049 0.0007391425 0.03746946 0.049 0.0005390216 0.03771137 0.049 0.00031016 0.03792628 0.049 5.616699e-05 0.03811082 0.049 0.02162011 0.0222667 0.049 0.02222828 0.02211055 0.049 0.0228121 0.0218794 0.049 0.02336233 0.0215769 0.049 0.02387032 0.02120783 0.049 0.02432804 0.020778 0.049 -0.0112834 0.041 0.049 -0.01068072 0.04096354 0.049 -0.01008682 0.04085471 0.049 -0.0008149467 0.03845572 0.049 -0.0005108575 0.03837764 0.049 -0.0002189518 0.03826207 0.049 0.003937542 0.01623932 0.03579828 0.003852056 0.01646472 0.03579828 0.003715111 0.01666312 0.03579828 0.003534665 0.01682298 0.03579828 0.005942944 0.016376 0.037 0.004908484 0.01647863 0.03639914 0.005872349 0.01674607 0.037 0.005755929 0.01710437 0.037 0.003321205 0.01693502 0.03579828 0.00559552 0.01744526 0.037 0.004737512 0.01692945 0.03639914 0.005393651 0.01776336 0.037 0.003087137 0.01699271 0.03579828 0.005153506 0.01805364 0.037 0.004463622 0.01732625 0.03639914 0.004878872 0.01831154 0.037 0.002846063 0.01699271 0.03579828 0.00457408 0.01853298 0.037 0.004102729 0.01764597 0.03639914 0.004243938 0.01871448 0.037 0.002611995 0.01693502 0.03579828 0.003893651 0.01885317 0.037 0.00367581 0.01787003 0.03639914 0.003528744 0.01894686 0.037 0.002398535 0.01682298 0.03579828 0.003154972 0.01899408 0.037 0.003207673 0.01798542 0.03639914 0.002218089 0.01666312 0.03579828 0.002778229 0.01899408 0.037 0.002725527 0.01798542 0.03639914 0.002404456 0.01894686 0.037 0.002081144 0.01646472 0.03579828 0.00225739 0.01787003 0.03639914 0.002039549 0.01885317 0.037 0.001689262 0.01871448 0.037 0.001995658 0.01623932 0.03579828 0.001830471 0.01764597 0.03639914 0.00135912 0.01853298 0.037 0.001054328 0.01831154 0.037 0.001469579 0.01732625 0.03639914 0.0007796941 0.01805364 0.037 0.000539549 0.01776336 0.037 0.001195688 0.01692945 0.03639914 0.00033768 0.01744526 0.037 0.0001772705 0.01710437 0.037 0.001024716 0.01647863 0.03639914 6.085052e-05 0.01674607 0.037 -9.744104e-06 0.016376 0.037 -0.0004742818 0.03619943 0.03799856 -0.00054552 0.03638727 0.03799856 -0.000659641 0.0365526 0.03799856 -0.0008100127 0.03668582 0.03799856 0.001196887 0.03631333 0.039 0.0003348364 0.03639886 0.03849928 0.001138058 0.03662172 0.039 0.001041041 0.03692031 0.039 -0.0009878959 0.03677918 0.03799856 0.0009073667 0.03720438 0.039 0.00019236 0.03677454 0.03849928 0.0007391425 0.03746946 0.039 -0.001182953 0.03682726 0.03799856 0.0005390216 0.03771137 0.039 -3.588209e-05 0.03710521 0.03849928 0.00031016 0.03792628 0.039 -0.001383847 0.03682726 0.03799856 5.616699e-05 0.03811082 0.039 -0.0003366254 0.03737164 0.03849928 -0.0002189518 0.03826207 0.039 -0.001578904 0.03677918 0.03799856 -0.0005108575 0.03837764 0.039 -0.0006923919 0.03755836 0.03849928 -0.0008149467 0.03845572 0.039 -0.001756787 0.03668582 0.03799856 -0.001126424 0.03849507 0.039 -0.001082506 0.03765451 0.03849928 -0.001440376 0.03849507 0.039 -0.001907159 0.0365526 0.03799856 -0.001751853 0.03845572 0.039 -0.001484294 0.03765451 0.03849928 -0.00202128 0.03638727 0.03799856 -0.001874408 0.03755836 0.03849928 -0.002055943 0.03837764 0.039 -0.002347848 0.03826207 0.039 -0.002092518 0.03619943 0.03799856 -0.002622967 0.03811082 0.039 -0.002230175 0.03737164 0.03849928 -0.00287696 0.03792628 0.039 -0.002530918 0.03710521 0.03849928 -0.003105822 0.03771137 0.039 -0.003305943 0.03746946 0.039 -0.003474167 0.03720438 0.039 -0.00275916 0.03677454 0.03849928 -0.003607841 0.03692031 0.039 -0.002901636 0.03639886 0.03849928 -0.003704858 0.03662172 0.039 -0.003763687 0.03631333 0.039 0.03219689 -0.04968667 0.0565 0.03213806 -0.04937828 0.0565 0.03204104 -0.04907969 0.0565 0.03190737 -0.04879562 0.0565 0.03173914 -0.04853054 0.0565 0.03153902 -0.04828863 0.0565 0.03131016 -0.04807372 0.0565 0.03105617 -0.04788918 0.0565 0.03078105 -0.04773793 0.0565 0.03048914 -0.04762236 0.0565 0.03018505 -0.04754428 0.0565 0.02987358 -0.04750493 0.0565 0.02955962 -0.04750493 0.0565 0.02924815 -0.04754428 0.0565 0.02894406 -0.04762236 0.0565 0.01719689 -0.04968667 0.0565 0.02729514 -0.04937828 0.0565 0.02723631 -0.04968667 0.0565 0.01713806 -0.04937828 0.0565 0.02739216 -0.04907969 0.0565 0.01704104 -0.04907969 0.0565 0.01690737 -0.04879562 0.0565 0.02752583 -0.04879562 0.0565 0.02789418 -0.04828863 0.0565 0.01673914 -0.04853054 0.0565 0.02769406 -0.04853054 0.0565 0.02812304 -0.04807372 0.0565 0.01653902 -0.04828863 0.0565 0.01631016 -0.04807372 0.0565 0.02837703 -0.04788918 0.0565 0.01605617 -0.04788918 0.0565 0.01578105 -0.04773793 0.0565 0.02865215 -0.04773793 0.0565 0.01548914 -0.04762236 0.0565 0.01518505 -0.04754428 0.0565 0.01487358 -0.04750493 0.0565 0.01223631 -0.04968667 0.0565 0.002196887 -0.04968667 0.0565 0.01229514 -0.04937828 0.0565 0.002138058 -0.04937828 0.0565 0.01239216 -0.04907969 0.0565 0.002041041 -0.04907969 0.0565 0.001907367 -0.04879562 0.0565 0.01252583 -0.04879562 0.0565 0.001739143 -0.04853054 0.0565 0.01289418 -0.04828863 0.0565 0.01269406 -0.04853054 0.0565 0.001539022 -0.04828863 0.0565 0.00131016 -0.04807372 0.0565 0.01312304 -0.04807372 0.0565 0.001056167 -0.04788918 0.0565 0.01337703 -0.04788918 0.0565 0.0007810482 -0.04773793 0.0565 0.01365215 -0.04773793 0.0565 0.0004891425 -0.04762236 0.0565 0.01394406 -0.04762236 0.0565 0.0001850533 -0.04754428 0.0565 0.01424815 -0.04754428 0.0565 -0.01280311 -0.04968667 0.0565 -0.002763687 -0.04968667 0.0565 -0.002704858 -0.04937828 0.0565 -0.01286194 -0.04937828 0.0565 -0.002607841 -0.04907969 0.0565 -0.01295896 -0.04907969 0.0565 -0.002474167 -0.04879562 0.0565 -0.01309263 -0.04879562 0.0565 -0.002305943 -0.04853054 0.0565 -0.01326086 -0.04853054 0.0565 -0.00187696 -0.04807372 0.0565 -0.01346098 -0.04828863 0.0565 -0.002105822 -0.04828863 0.0565 -0.01368984 -0.04807372 0.0565 -0.01394383 -0.04788918 0.0565 -0.001347848 -0.04773793 0.0565 -0.001622967 -0.04788918 0.0565 -0.01421895 -0.04773793 0.0565 -0.01451086 -0.04762236 0.0565 -0.0007518533 -0.04754428 0.0565 -0.001055943 -0.04762236 0.0565 -0.01481495 -0.04754428 0.0565 -0.01776369 -0.04968667 0.0565 -0.02780311 -0.04968667 0.0565 -0.01770486 -0.04937828 0.0565 -0.02786194 -0.04937828 0.0565 -0.01760784 -0.04907969 0.0565 -0.02795896 -0.04907969 0.0565 -0.01747417 -0.04879562 0.0565 -0.02809263 -0.04879562 0.0565 -0.02826086 -0.04853054 0.0565 -0.01710582 -0.04828863 0.0565 -0.01730594 -0.04853054 0.0565 -0.02846098 -0.04828863 0.0565 -0.02868984 -0.04807372 0.0565 -0.01662297 -0.04788918 0.0565 -0.01687696 -0.04807372 0.0565 -0.02894383 -0.04788918 0.0565 -0.02921895 -0.04773793 0.0565 -0.01605594 -0.04762236 0.0565 -0.01634785 -0.04773793 0.0565 -0.02951086 -0.04762236 0.0565 -0.02981495 -0.04754428 0.0565 -0.03012642 -0.04750493 0.0565 -0.03044038 -0.04750493 0.0565 -0.03075185 -0.04754428 0.0565 -0.03105594 -0.04762236 0.0565 -0.03134785 -0.04773793 0.0565 -0.03162297 -0.04788918 0.0565 -0.03187696 -0.04807372 0.0565 -0.03210582 -0.04828863 0.0565 -0.03230594 -0.04853054 0.0565 -0.03247417 -0.04879562 0.0565 -0.03260784 -0.04907969 0.0565 -0.03270486 -0.04937828 0.0565 -0.03276369 -0.04968667 0.0565 -0.01544038 -0.04750493 0.0565 -0.01575185 -0.04754428 0.0565 0.01455962 -0.04750493 0.0565 -0.0001264237 -0.04750493 0.0565 -0.0004403763 -0.04750493 0.0565 -0.01512642 -0.04750493 0.0565 -0.03162297 0.05211082 0.0565 -0.03134785 0.05226207 0.0565 -0.03187696 0.05192628 0.0565 -0.03210582 0.05171137 0.0565 -0.03230594 0.05146946 0.0565 -0.03247417 0.05120438 0.0565 -0.03260784 0.05092031 0.0565 -0.03270486 0.05062172 0.0565 -0.03276369 0.05031333 0.0565 -0.03105594 0.05237764 0.0565 -0.03075185 0.05245572 0.0565 -0.03044038 0.05249507 0.0565 -0.03012642 0.05249507 0.0565 -0.02981495 0.05245572 0.0565 -0.02951086 0.05237764 0.0565 -0.01776369 0.05031333 0.0565 -0.02780311 0.05031333 0.0565 -0.02786194 0.05062172 0.0565 -0.01770486 0.05062172 0.0565 -0.01760784 0.05092031 0.0565 -0.02795896 0.05092031 0.0565 -0.02809263 0.05120438 0.0565 -0.01747417 0.05120438 0.0565 -0.01730594 0.05146946 0.0565 -0.02826086 0.05146946 0.0565 -0.01710582 0.05171137 0.0565 -0.02846098 0.05171137 0.0565 -0.01687696 0.05192628 0.0565 -0.02868984 0.05192628 0.0565 -0.01662297 0.05211082 0.0565 -0.02894383 0.05211082 0.0565 -0.02921895 0.05226207 0.0565 -0.01634785 0.05226207 0.0565 -0.01605594 0.05237764 0.0565 -0.01575185 0.05245572 0.0565 -0.01544038 0.05249507 0.0565 -0.002763687 0.05031333 0.0565 -0.01280311 0.05031333 0.0565 -0.01286194 0.05062172 0.0565 -0.002704858 0.05062172 0.0565 -0.002607841 0.05092031 0.0565 -0.01295896 0.05092031 0.0565 -0.002474167 0.05120438 0.0565 -0.01309263 0.05120438 0.0565 -0.002305943 0.05146946 0.0565 -0.01326086 0.05146946 0.0565 -0.002105822 0.05171137 0.0565 -0.01346098 0.05171137 0.0565 -0.00187696 0.05192628 0.0565 -0.01368984 0.05192628 0.0565 -0.001622967 0.05211082 0.0565 -0.01394383 0.05211082 0.0565 -0.001347848 0.05226207 0.0565 -0.01421895 0.05226207 0.0565 -0.01451086 0.05237764 0.0565 -0.001055943 0.05237764 0.0565 -0.0007518533 0.05245572 0.0565 -0.01481495 0.05245572 0.0565 0.002196887 0.05031333 0.0565 0.01223631 0.05031333 0.0565 0.01229514 0.05062172 0.0565 0.002138058 0.05062172 0.0565 0.01239216 0.05092031 0.0565 0.002041041 0.05092031 0.0565 0.01252583 0.05120438 0.0565 0.001907367 0.05120438 0.0565 0.01269406 0.05146946 0.0565 0.001739143 0.05146946 0.0565 0.01289418 0.05171137 0.0565 0.001539022 0.05171137 0.0565 0.00131016 0.05192628 0.0565 0.01312304 0.05192628 0.0565 0.01337703 0.05211082 0.0565 0.001056167 0.05211082 0.0565 0.0007810482 0.05226207 0.0565 0.01365215 0.05226207 0.0565 0.0004891425 0.05237764 0.0565 0.01394406 0.05237764 0.0565 0.01424815 0.05245572 0.0565 0.0001850533 0.05245572 0.0565 0.02723631 0.05031333 0.0565 0.01719689 0.05031333 0.0565 0.02729514 0.05062172 0.0565 0.01713806 0.05062172 0.0565 0.01704104 0.05092031 0.0565 0.02739216 0.05092031 0.0565 0.02752583 0.05120438 0.0565 0.01690737 0.05120438 0.0565 0.02769406 0.05146946 0.0565 0.01673914 0.05146946 0.0565 0.01653902 0.05171137 0.0565 0.02789418 0.05171137 0.0565 0.02812304 0.05192628 0.0565 0.01631016 0.05192628 0.0565 0.01605617 0.05211082 0.0565 0.02837703 0.05211082 0.0565 0.01578105 0.05226207 0.0565 0.02865215 0.05226207 0.0565 0.02894406 0.05237764 0.0565 0.01548914 0.05237764 0.0565 0.03219689 0.05031333 0.0565 0.03213806 0.05062172 0.0565 0.03204104 0.05092031 0.0565 0.03190737 0.05120438 0.0565 0.03173914 0.05146946 0.0565 0.03153902 0.05171137 0.0565 0.03131016 0.05192628 0.0565 0.03105617 0.05211082 0.0565 0.03078105 0.05226207 0.0565 0.03048914 0.05237764 0.0565 0.03018505 0.05245572 0.0565 0.02987358 0.05249507 0.0565 0.02955962 0.05249507 0.0565 0.02924815 0.05245572 0.0565 0.01518505 0.05245572 0.0565 0.01487358 0.05249507 0.0565 0.01455962 0.05249507 0.0565 -0.0001264237 0.05249507 0.0565 -0.0004403763 0.05249507 0.0565 -0.01512642 0.05249507 0.0565 0.03052572 0.05019943 0.03749856 0.03045448 0.05038727 0.03749856 0.03034036 0.0505526 0.03749856 0.03018999 0.05068582 0.03749856 0.03219689 0.05031333 0.0385 0.03133484 0.05039886 0.03799928 0.03213806 0.05062172 0.0385 0.03204104 0.05092031 0.0385 0.0300121 0.05077918 0.03749856 0.03190737 0.05120438 0.0385 0.03119236 0.05077454 0.03799928 0.03173914 0.05146946 0.0385 0.02981705 0.05082726 0.03749856 0.03153902 0.05171137 0.0385 0.03096412 0.05110521 0.03799928 0.03131016 0.05192628 0.0385 0.02961615 0.05082726 0.03749856 0.03105617 0.05211082 0.0385 0.03066337 0.05137164 0.03799928 0.03078105 0.05226207 0.0385 0.0294211 0.05077918 0.03749856 0.03048914 0.05237764 0.0385 0.03030761 0.05155836 0.03799928 0.03018505 0.05245572 0.0385 0.02924321 0.05068582 0.03749856 0.02987358 0.05249507 0.0385 0.02991749 0.05165451 0.03799928 0.02909284 0.0505526 0.03749856 0.02955962 0.05249507 0.0385 0.02951571 0.05165451 0.03799928 0.02924815 0.05245572 0.0385 0.02897872 0.05038727 0.03749856 0.02912559 0.05155836 0.03799928 0.02894406 0.05237764 0.0385 0.02865215 0.05226207 0.0385 0.02890748 0.05019943 0.03749856 0.02876982 0.05137164 0.03799928 0.02837703 0.05211082 0.0385 0.02812304 0.05192628 0.0385 0.02846908 0.05110521 0.03799928 0.02789418 0.05171137 0.0385 0.02769406 0.05146946 0.0385 0.02824084 0.05077454 0.03799928 0.02752583 0.05120438 0.0385 0.02739216 0.05092031 0.0385 0.02809836 0.05039886 0.03799928 0.02729514 0.05062172 0.0385 0.02723631 0.05031333 0.0385 0.03052572 -0.04980057 0.03749856 0.03045448 -0.04961273 0.03749856 0.03034036 -0.0494474 0.03749856 0.03018999 -0.04931418 0.03749856 0.03219689 -0.04968667 0.0385 0.03133484 -0.04960114 0.03799928 0.03213806 -0.04937828 0.0385 0.03204104 -0.04907969 0.0385 0.0300121 -0.04922082 0.03749856 0.03190737 -0.04879562 0.0385 0.03119236 -0.04922546 0.03799928 0.03173914 -0.04853054 0.0385 0.02981705 -0.04917274 0.03749856 0.03153902 -0.04828863 0.0385 0.03096412 -0.04889479 0.03799928 0.03131016 -0.04807372 0.0385 0.02961615 -0.04917274 0.03749856 0.03105617 -0.04788918 0.0385 0.03066337 -0.04862836 0.03799928 0.03078105 -0.04773793 0.0385 0.0294211 -0.04922082 0.03749856 0.03048914 -0.04762236 0.0385 0.03030761 -0.04844164 0.03799928 0.03018505 -0.04754428 0.0385 0.02924321 -0.04931418 0.03749856 0.02987358 -0.04750493 0.0385 0.02991749 -0.04834549 0.03799928 0.02909284 -0.0494474 0.03749856 0.02955962 -0.04750493 0.0385 0.02951571 -0.04834549 0.03799928 0.02924815 -0.04754428 0.0385 0.02897872 -0.04961273 0.03749856 0.02912559 -0.04844164 0.03799928 0.02894406 -0.04762236 0.0385 0.02865215 -0.04773793 0.0385 0.02890748 -0.04980057 0.03749856 0.02837703 -0.04788918 0.0385 0.02876982 -0.04862836 0.03799928 0.02812304 -0.04807372 0.0385 0.02846908 -0.04889479 0.03799928 0.02789418 -0.04828863 0.0385 0.02769406 -0.04853054 0.0385 0.02824084 -0.04922546 0.03799928 0.02752583 -0.04879562 0.0385 0.02739216 -0.04907969 0.0385 0.02809836 -0.04960114 0.03799928 0.02729514 -0.04937828 0.0385 0.02723631 -0.04968667 0.0385 0.01552572 0.05019943 0.03749856 0.01545448 0.05038727 0.03749856 0.01534036 0.0505526 0.03749856 0.01518999 0.05068582 0.03749856 0.01719689 0.05031333 0.0385 0.01633484 0.05039886 0.03799928 0.01713806 0.05062172 0.0385 0.01704104 0.05092031 0.0385 0.0150121 0.05077918 0.03749856 0.01690737 0.05120438 0.0385 0.01619236 0.05077454 0.03799928 0.01673914 0.05146946 0.0385 0.01481705 0.05082726 0.03749856 0.01653902 0.05171137 0.0385 0.01596412 0.05110521 0.03799928 0.01631016 0.05192628 0.0385 0.01461615 0.05082726 0.03749856 0.01605617 0.05211082 0.0385 0.01566337 0.05137164 0.03799928 0.01578105 0.05226207 0.0385 0.0144211 0.05077918 0.03749856 0.01548914 0.05237764 0.0385 0.01530761 0.05155836 0.03799928 0.01518505 0.05245572 0.0385 0.01424321 0.05068582 0.03749856 0.01487358 0.05249507 0.0385 0.01491749 0.05165451 0.03799928 0.01455962 0.05249507 0.0385 0.01409284 0.0505526 0.03749856 0.01424815 0.05245572 0.0385 0.01451571 0.05165451 0.03799928 0.01397872 0.05038727 0.03749856 0.01412559 0.05155836 0.03799928 0.01394406 0.05237764 0.0385 0.01365215 0.05226207 0.0385 0.01390748 0.05019943 0.03749856 0.01376982 0.05137164 0.03799928 0.01337703 0.05211082 0.0385 0.01312304 0.05192628 0.0385 0.01346908 0.05110521 0.03799928 0.01289418 0.05171137 0.0385 0.01269406 0.05146946 0.0385 0.01324084 0.05077454 0.03799928 0.01252583 0.05120438 0.0385 0.01239216 0.05092031 0.0385 0.01309836 0.05039886 0.03799928 0.01229514 0.05062172 0.0385 0.01223631 0.05031333 0.0385 0.0005257182 0.05019943 0.03749856 0.00045448 0.05038727 0.03749856 0.0003403589 0.0505526 0.03749856 0.0001899873 0.05068582 0.03749856 0.002196887 0.05031333 0.0385 0.001334836 0.05039886 0.03799928 0.002138058 0.05062172 0.0385 0.002041041 0.05092031 0.0385 1.210407e-05 0.05077918 0.03749856 0.001907367 0.05120438 0.0385 0.00119236 0.05077454 0.03799928 0.001739143 0.05146946 0.0385 -0.0001829528 0.05082726 0.03749856 0.001539022 0.05171137 0.0385 0.0009641179 0.05110521 0.03799928 0.00131016 0.05192628 0.0385 -0.0003838472 0.05082726 0.03749856 0.001056167 0.05211082 0.0385 0.0006633746 0.05137164 0.03799928 0.0007810482 0.05226207 0.0385 -0.0005789041 0.05077918 0.03749856 0.0004891425 0.05237764 0.0385 0.0003076082 0.05155836 0.03799928 0.0001850533 0.05245572 0.0385 -0.0007567873 0.05068582 0.03749856 -0.0001264237 0.05249507 0.0385 -8.250553e-05 0.05165451 0.03799928 -0.0004403763 0.05249507 0.0385 -0.000907159 0.0505526 0.03749856 -0.0007518533 0.05245572 0.0385 -0.0004842945 0.05165451 0.03799928 -0.00102128 0.05038727 0.03749856 -0.0008744081 0.05155836 0.03799928 -0.001055943 0.05237764 0.0385 -0.001347848 0.05226207 0.0385 -0.001092518 0.05019943 0.03749856 -0.001622967 0.05211082 0.0385 -0.001230175 0.05137164 0.03799928 -0.00187696 0.05192628 0.0385 -0.001530918 0.05110521 0.03799928 -0.002105822 0.05171137 0.0385 -0.002305943 0.05146946 0.0385 -0.00175916 0.05077454 0.03799928 -0.002474167 0.05120438 0.0385 -0.002607841 0.05092031 0.0385 -0.001901636 0.05039886 0.03799928 -0.002704858 0.05062172 0.0385 -0.002763687 0.05031333 0.0385 -0.01447428 0.05019943 0.03749856 -0.01454552 0.05038727 0.03749856 -0.01465964 0.0505526 0.03749856 -0.01481001 0.05068582 0.03749856 -0.01280311 0.05031333 0.0385 -0.01366516 0.05039886 0.03799928 -0.01286194 0.05062172 0.0385 -0.01295896 0.05092031 0.0385 -0.0149879 0.05077918 0.03749856 -0.01309263 0.05120438 0.0385 -0.01380764 0.05077454 0.03799928 -0.01326086 0.05146946 0.0385 -0.01518295 0.05082726 0.03749856 -0.01346098 0.05171137 0.0385 -0.01403588 0.05110521 0.03799928 -0.01368984 0.05192628 0.0385 -0.01538385 0.05082726 0.03749856 -0.01394383 0.05211082 0.0385 -0.01433663 0.05137164 0.03799928 -0.01421895 0.05226207 0.0385 -0.0155789 0.05077918 0.03749856 -0.01451086 0.05237764 0.0385 -0.01469239 0.05155836 0.03799928 -0.01481495 0.05245572 0.0385 -0.01575679 0.05068582 0.03749856 -0.01512642 0.05249507 0.0385 -0.01508251 0.05165451 0.03799928 -0.01590716 0.0505526 0.03749856 -0.01544038 0.05249507 0.0385 -0.01548429 0.05165451 0.03799928 -0.01575185 0.05245572 0.0385 -0.01602128 0.05038727 0.03749856 -0.01587441 0.05155836 0.03799928 -0.01605594 0.05237764 0.0385 -0.01634785 0.05226207 0.0385 -0.01609252 0.05019943 0.03749856 -0.01623018 0.05137164 0.03799928 -0.01662297 0.05211082 0.0385 -0.01687696 0.05192628 0.0385 -0.01653092 0.05110521 0.03799928 -0.01710582 0.05171137 0.0385 -0.01730594 0.05146946 0.0385 -0.01675916 0.05077454 0.03799928 -0.01747417 0.05120438 0.0385 -0.01760784 0.05092031 0.0385 -0.01690164 0.05039886 0.03799928 -0.01770486 0.05062172 0.0385 -0.01776369 0.05031333 0.0385 -0.02947428 0.05019943 0.03749856 -0.02954552 0.05038727 0.03749856 -0.02965964 0.0505526 0.03749856 -0.02981001 0.05068582 0.03749856 -0.02780311 0.05031333 0.0385 -0.02866516 0.05039886 0.03799928 -0.02786194 0.05062172 0.0385 -0.02795896 0.05092031 0.0385 -0.0299879 0.05077918 0.03749856 -0.02809263 0.05120438 0.0385 -0.02880764 0.05077454 0.03799928 -0.02826086 0.05146946 0.0385 -0.03018295 0.05082726 0.03749856 -0.02846098 0.05171137 0.0385 -0.02903588 0.05110521 0.03799928 -0.02868984 0.05192628 0.0385 -0.03038385 0.05082726 0.03749856 -0.02894383 0.05211082 0.0385 -0.02933663 0.05137164 0.03799928 -0.02921895 0.05226207 0.0385 -0.0305789 0.05077918 0.03749856 -0.02951086 0.05237764 0.0385 -0.02969239 0.05155836 0.03799928 -0.02981495 0.05245572 0.0385 -0.03075679 0.05068582 0.03749856 -0.03012642 0.05249507 0.0385 -0.03008251 0.05165451 0.03799928 -0.03090716 0.0505526 0.03749856 -0.03044038 0.05249507 0.0385 -0.03048429 0.05165451 0.03799928 -0.03075185 0.05245572 0.0385 -0.03102128 0.05038727 0.03749856 -0.03087441 0.05155836 0.03799928 -0.03105594 0.05237764 0.0385 -0.03134785 0.05226207 0.0385 -0.03109252 0.05019943 0.03749856 -0.03123018 0.05137164 0.03799928 -0.03162297 0.05211082 0.0385 -0.03187696 0.05192628 0.0385 -0.03153092 0.05110521 0.03799928 -0.03210582 0.05171137 0.0385 -0.03230594 0.05146946 0.0385 -0.03175916 0.05077454 0.03799928 -0.03247417 0.05120438 0.0385 -0.03260784 0.05092031 0.0385 -0.03190164 0.05039886 0.03799928 -0.03270486 0.05062172 0.0385 -0.03276369 0.05031333 0.0385 0.01552572 -0.04980057 0.03749856 0.01545448 -0.04961273 0.03749856 0.01534036 -0.0494474 0.03749856 0.01518999 -0.04931418 0.03749856 0.01719689 -0.04968667 0.0385 0.01633484 -0.04960114 0.03799928 0.01713806 -0.04937828 0.0385 0.01704104 -0.04907969 0.0385 0.0150121 -0.04922082 0.03749856 0.01690737 -0.04879562 0.0385 0.01619236 -0.04922546 0.03799928 0.01673914 -0.04853054 0.0385 0.01481705 -0.04917274 0.03749856 0.01653902 -0.04828863 0.0385 0.01596412 -0.04889479 0.03799928 0.01631016 -0.04807372 0.0385 0.01461615 -0.04917274 0.03749856 0.01605617 -0.04788918 0.0385 0.01566337 -0.04862836 0.03799928 0.01578105 -0.04773793 0.0385 0.0144211 -0.04922082 0.03749856 0.01548914 -0.04762236 0.0385 0.01530761 -0.04844164 0.03799928 0.01518505 -0.04754428 0.0385 0.01424321 -0.04931418 0.03749856 0.01487358 -0.04750493 0.0385 0.01491749 -0.04834549 0.03799928 0.01409284 -0.0494474 0.03749856 0.01455962 -0.04750493 0.0385 0.01451571 -0.04834549 0.03799928 0.01424815 -0.04754428 0.0385 0.01397872 -0.04961273 0.03749856 0.01412559 -0.04844164 0.03799928 0.01394406 -0.04762236 0.0385 0.01365215 -0.04773793 0.0385 0.01390748 -0.04980057 0.03749856 0.01337703 -0.04788918 0.0385 0.01376982 -0.04862836 0.03799928 0.01312304 -0.04807372 0.0385 0.01346908 -0.04889479 0.03799928 0.01289418 -0.04828863 0.0385 0.01269406 -0.04853054 0.0385 0.01324084 -0.04922546 0.03799928 0.01252583 -0.04879562 0.0385 0.01239216 -0.04907969 0.0385 0.01309836 -0.04960114 0.03799928 0.01229514 -0.04937828 0.0385 0.01223631 -0.04968667 0.0385 0.0005257182 -0.04980057 0.03749856 0.00045448 -0.04961273 0.03749856 0.0003403589 -0.0494474 0.03749856 0.0001899873 -0.04931418 0.03749856 0.002196887 -0.04968667 0.0385 0.001334836 -0.04960114 0.03799928 0.002138058 -0.04937828 0.0385 0.002041041 -0.04907969 0.0385 1.210407e-05 -0.04922082 0.03749856 0.001907367 -0.04879562 0.0385 0.00119236 -0.04922546 0.03799928 0.001739143 -0.04853054 0.0385 -0.0001829528 -0.04917274 0.03749856 0.001539022 -0.04828863 0.0385 0.0009641179 -0.04889479 0.03799928 0.00131016 -0.04807372 0.0385 -0.0003838472 -0.04917274 0.03749856 0.001056167 -0.04788918 0.0385 0.0006633746 -0.04862836 0.03799928 0.0007810482 -0.04773793 0.0385 -0.0005789041 -0.04922082 0.03749856 0.0004891425 -0.04762236 0.0385 0.0003076082 -0.04844164 0.03799928 0.0001850533 -0.04754428 0.0385 -0.0007567873 -0.04931418 0.03749856 -0.0001264237 -0.04750493 0.0385 -8.250553e-05 -0.04834549 0.03799928 -0.000907159 -0.0494474 0.03749856 -0.0004403763 -0.04750493 0.0385 -0.0004842945 -0.04834549 0.03799928 -0.0007518533 -0.04754428 0.0385 -0.00102128 -0.04961273 0.03749856 -0.0008744081 -0.04844164 0.03799928 -0.001055943 -0.04762236 0.0385 -0.001347848 -0.04773793 0.0385 -0.001092518 -0.04980057 0.03749856 -0.001230175 -0.04862836 0.03799928 -0.001622967 -0.04788918 0.0385 -0.00187696 -0.04807372 0.0385 -0.001530918 -0.04889479 0.03799928 -0.002105822 -0.04828863 0.0385 -0.002305943 -0.04853054 0.0385 -0.00175916 -0.04922546 0.03799928 -0.002474167 -0.04879562 0.0385 -0.002607841 -0.04907969 0.0385 -0.001901636 -0.04960114 0.03799928 -0.002704858 -0.04937828 0.0385 -0.002763687 -0.04968667 0.0385 -0.01447428 -0.04980057 0.03749856 -0.01454552 -0.04961273 0.03749856 -0.01465964 -0.0494474 0.03749856 -0.01481001 -0.04931418 0.03749856 -0.01280311 -0.04968667 0.0385 -0.01366516 -0.04960114 0.03799928 -0.01286194 -0.04937828 0.0385 -0.01295896 -0.04907969 0.0385 -0.0149879 -0.04922082 0.03749856 -0.01309263 -0.04879562 0.0385 -0.01380764 -0.04922546 0.03799928 -0.01326086 -0.04853054 0.0385 -0.01518295 -0.04917274 0.03749856 -0.01346098 -0.04828863 0.0385 -0.01403588 -0.04889479 0.03799928 -0.01368984 -0.04807372 0.0385 -0.01538385 -0.04917274 0.03749856 -0.01394383 -0.04788918 0.0385 -0.01433663 -0.04862836 0.03799928 -0.01421895 -0.04773793 0.0385 -0.0155789 -0.04922082 0.03749856 -0.01451086 -0.04762236 0.0385 -0.01469239 -0.04844164 0.03799928 -0.01481495 -0.04754428 0.0385 -0.01575679 -0.04931418 0.03749856 -0.01512642 -0.04750493 0.0385 -0.01508251 -0.04834549 0.03799928 -0.01590716 -0.0494474 0.03749856 -0.01544038 -0.04750493 0.0385 -0.01548429 -0.04834549 0.03799928 -0.01575185 -0.04754428 0.0385 -0.01602128 -0.04961273 0.03749856 -0.01587441 -0.04844164 0.03799928 -0.01605594 -0.04762236 0.0385 -0.01634785 -0.04773793 0.0385 -0.01609252 -0.04980057 0.03749856 -0.01662297 -0.04788918 0.0385 -0.01623018 -0.04862836 0.03799928 -0.01687696 -0.04807372 0.0385 -0.01653092 -0.04889479 0.03799928 -0.01710582 -0.04828863 0.0385 -0.01730594 -0.04853054 0.0385 -0.01675916 -0.04922546 0.03799928 -0.01747417 -0.04879562 0.0385 -0.01760784 -0.04907969 0.0385 -0.01690164 -0.04960114 0.03799928 -0.01770486 -0.04937828 0.0385 -0.01776369 -0.04968667 0.0385 -0.02947428 -0.04980057 0.03749856 -0.02954552 -0.04961273 0.03749856 -0.02965964 -0.0494474 0.03749856 -0.02981001 -0.04931418 0.03749856 -0.02780311 -0.04968667 0.0385 -0.02866516 -0.04960114 0.03799928 -0.02786194 -0.04937828 0.0385 -0.02795896 -0.04907969 0.0385 -0.0299879 -0.04922082 0.03749856 -0.02809263 -0.04879562 0.0385 -0.02880764 -0.04922546 0.03799928 -0.02826086 -0.04853054 0.0385 -0.03018295 -0.04917274 0.03749856 -0.02846098 -0.04828863 0.0385 -0.02903588 -0.04889479 0.03799928 -0.02868984 -0.04807372 0.0385 -0.03038385 -0.04917274 0.03749856 -0.02894383 -0.04788918 0.0385 -0.02933663 -0.04862836 0.03799928 -0.02921895 -0.04773793 0.0385 -0.0305789 -0.04922082 0.03749856 -0.02951086 -0.04762236 0.0385 -0.02969239 -0.04844164 0.03799928 -0.02981495 -0.04754428 0.0385 -0.03075679 -0.04931418 0.03749856 -0.03012642 -0.04750493 0.0385 -0.03008251 -0.04834549 0.03799928 -0.03044038 -0.04750493 0.0385 -0.03090716 -0.0494474 0.03749856 -0.03075185 -0.04754428 0.0385 -0.03048429 -0.04834549 0.03799928 -0.03102128 -0.04961273 0.03749856 -0.03087441 -0.04844164 0.03799928 -0.03105594 -0.04762236 0.0385 -0.03134785 -0.04773793 0.0385 -0.03109252 -0.04980057 0.03749856 -0.03162297 -0.04788918 0.0385 -0.03123018 -0.04862836 0.03799928 -0.03187696 -0.04807372 0.0385 -0.03153092 -0.04889479 0.03799928 -0.03210582 -0.04828863 0.0385 -0.03230594 -0.04853054 0.0385 -0.03175916 -0.04922546 0.03799928 -0.03247417 -0.04879562 0.0385 -0.03260784 -0.04907969 0.0385 -0.03190164 -0.04960114 0.03799928 -0.03270486 -0.04937828 0.0385 -0.03276369 -0.04968667 0.0385 -0.02264338 0.00957921 0.01 -0.0227081 0.009918441 0.01 -0.02281482 0.01024689 0.01 -0.02296186 0.01055937 0.01 -0.0231469 0.01085095 0.01 -0.02336704 0.01111705 0.01 -0.02361878 0.01135346 0.01 -0.02389818 0.01155645 0.01 -0.02420081 0.01172282 0.01 -0.0245219 0.01184995 0.01 -0.0248564 0.01193583 0.01 -0.02519903 0.01197912 0.01 -0.02554437 0.01197912 0.01 -0.025887 0.01193583 0.01 -0.0262215 0.01184995 0.01 -0.02654259 0.01172282 0.01 -0.02684522 0.01155645 0.01 -0.02712462 0.01135346 0.01 -0.02737636 0.01111705 0.01 -0.0275965 0.01085095 0.01 -0.02778154 0.01055937 0.01 -0.02792859 0.01024689 0.01 -0.02803531 0.009918441 0.01 -0.02810002 0.00957921 0.01 -0.02041113 0.00986121 0.01 -0.02052879 0.01047799 0.01 -0.02072282 0.01107517 0.01 -0.02099017 0.01164331 0.01 -0.02132662 0.01217347 0.01 -0.02172686 0.01265728 0.01 -0.02218458 0.01308711 0.01 -0.02269257 0.01345618 0.01 -0.0232428 0.01375868 0.01 -0.02382662 0.01398983 0.01 -0.02443479 0.01414598 0.01 -0.02505775 0.01422468 0.01 -0.02568565 0.01422468 0.01 -0.03033227 0.00986121 0.01 -0.02630861 0.01414598 0.01 -0.03021462 0.01047799 0.01 -0.02691679 0.01398983 0.01 -0.03002058 0.01107517 0.01 -0.0275006 0.01375868 0.01 -0.02975323 0.01164331 0.01 -0.02805083 0.01345618 0.01 -0.02941679 0.01217347 0.01 -0.02855882 0.01308711 0.01 -0.02901654 0.01265728 0.01 -0.02264338 -0.008889877 0.01 -0.0227081 -0.008550647 0.01 -0.02281482 -0.008222201 0.01 -0.02296186 -0.007909721 0.01 -0.0231469 -0.007618134 0.01 -0.02336704 -0.007352039 0.01 -0.02361878 -0.007115633 0.01 -0.02389818 -0.006912642 0.01 -0.02420081 -0.00674627 0.01 -0.0245219 -0.006619138 0.01 -0.0248564 -0.006533254 0.01 -0.02519903 -0.00648997 0.01 -0.02554437 -0.00648997 0.01 -0.025887 -0.006533254 0.01 -0.0262215 -0.006619138 0.01 -0.02654259 -0.00674627 0.01 -0.02684522 -0.006912642 0.01 -0.02712462 -0.007115633 0.01 -0.02737636 -0.007352039 0.01 -0.0275965 -0.007618134 0.01 -0.02778154 -0.007909721 0.01 -0.02792859 -0.008222201 0.01 -0.02803531 -0.008550647 0.01 -0.02810002 -0.008889877 0.01 -0.02041113 -0.008607878 0.01 -0.02052879 -0.007991095 0.01 -0.02072282 -0.007393921 0.01 -0.02099017 -0.006825776 0.01 -0.02132662 -0.006295618 0.01 -0.02172686 -0.005811808 0.01 -0.02218458 -0.005381978 0.01 -0.02269257 -0.005012904 0.01 -0.0232428 -0.004710409 0.01 -0.02382662 -0.004479261 0.01 -0.02443479 -0.004323108 0.01 -0.02505775 -0.00424441 0.01 -0.02568565 -0.00424441 0.01 -0.03033227 -0.008607878 0.01 -0.02630861 -0.004323108 0.01 -0.03021462 -0.007991095 0.01 -0.02691679 -0.004479261 0.01 -0.03002058 -0.007393921 0.01 -0.0275006 -0.004710409 0.01 -0.02975323 -0.006825776 0.01 -0.02805083 -0.005012904 0.01 -0.02941679 -0.006295618 0.01 -0.02855882 -0.005381978 0.01 -0.02901654 -0.005811808 0.01</float_array>
          <technique_common>
            <accessor count="4654" source="#cubeverts-array0-array" stride="3">
              <param type="float" name="X"/>
              <param type="float" name="Y"/>
              <param type="float" name="Z"/>
            </accessor>
          </technique_common>
        </source>
        <source id="cubenormals-array0">
          <float_array count="28116" id="cubenormals-array0-array">-0.9980268 0.06278902 0 -0.9980268 0.06278902 0 -0.9822876 0.1873797 0 -0.9822876 0.1873797 0 -0.9510562 0.309018 0 -0.9510562 0.309018 0 -0.904826 0.4257815 0 -0.904826 0.4257815 0 -0.8443294 0.5358244 0 -0.8443294 0.5358244 0 -0.770514 0.6374231 0 -0.770514 0.6374231 0 -0.6845449 0.7289706 0 -0.6845449 0.7289706 0 -0.5877895 0.8090138 0 -0.5877895 0.8090138 0 -0.4817513 0.876308 0 -0.4817513 0.876308 0 -0.3681241 0.9297767 0 -0.2486875 0.9685837 0 -0.3681241 0.9297767 0 -0.2486875 0.9685837 0 -0.1253312 0.992115 0 -0.1253312 0.992115 0 0 1 0 0 1 0 0.1253309 0.992115 -0 0.1253309 0.992115 0 0.2486881 0.9685836 -0 0.2486881 0.9685836 0 0.3681233 0.929777 -0 0.3681233 0.929777 0 0.4817513 0.876308 -0 0.4817513 0.876308 0 0.5877906 0.809013 -0 0.5877906 0.809013 0 0.6845437 0.7289717 -0 0.6845437 0.7289717 0 0.770514 0.6374231 -0 0.770514 0.6374231 0 0.8443283 0.5358261 -0 0.8443283 0.5358261 0 0.9048269 0.4257795 -0 0.9048269 0.4257795 0 0.9510568 0.3090159 -0 0.9510568 0.3090159 0 0.9822871 0.187382 -0 0.9822871 0.187382 0 0.9980267 0.06279138 0 0.9980267 0.06279138 0 -0.9980271 0.06278428 0 -0.9980271 0.06278428 0 -0.9822866 0.1873843 0 -0.9822866 0.1873843 0 -0.9510548 0.3090223 0 -0.9510548 0.3090223 0 -0.9048297 0.4257737 0 -0.9048297 0.4257737 0 -0.8443273 0.5358278 0 -0.8443273 0.5358278 0 -0.7705164 0.6374203 0 -0.7705164 0.6374203 0 -0.6845425 0.7289729 0 -0.6845425 0.7289729 0 -0.5877895 0.8090138 0 -0.5877895 0.8090138 0 -0.4817513 0.876308 0 -0.4817513 0.876308 0 -0.3681233 0.929777 0 -0.2486875 0.9685837 0 -0.3681233 0.929777 0 -0.2486875 0.9685837 0 -0.1253315 0.992115 0 -0.1253315 0.992115 0 0 1 0 0 1 0 0.1253309 0.992115 -0 0.1253309 0.992115 0 0.2486875 0.9685837 -0 0.2486875 0.9685837 0 0.3681249 0.9297764 -0 0.3681249 0.9297764 0 0.4817513 0.876308 -0 0.4817513 0.876308 0 0.5877895 0.8090138 -0 0.5877895 0.8090138 0 0.6845425 0.7289729 -0 0.6845425 0.7289729 0 0.770514 0.6374231 -0 0.770514 0.6374231 0 0.8443294 0.5358244 -0 0.8443294 0.5358244 0 0.9048279 0.4257776 -0 0.9048279 0.4257776 0 0.9510562 0.309018 -0 0.9510562 0.309018 0 0.9822876 0.1873797 -0 0.9822876 0.1873797 0 0.9980265 0.06279374 0 0.9980265 0.06279374 0 -0.9980267 0.06279079 0 -0.9980267 0.06279079 0 -0.9822872 0.1873814 0 -0.9822872 0.1873814 0 -0.9510565 0.3090169 0 -0.9510565 0.3090169 0 -0.9048269 0.4257795 0 -0.9048269 0.4257795 0 -0.8443289 0.5358253 0 -0.8443289 0.5358253 0 -0.7705143 0.6374227 0 -0.7705143 0.6374227 0 -0.6845437 0.7289717 0 -0.6845437 0.7289717 0 -0.58779 0.8090135 0 -0.58779 0.8090135 0 -0.4817512 0.8763081 0 -0.4817512 0.8763081 0 -0.3681239 0.9297767 0 -0.2486877 0.9685837 0 -0.3681239 0.9297767 0 -0.2486877 0.9685837 0 -0.1253311 0.992115 0 -0.1253311 0.992115 0 0 1 0 0 1 0 0.1253311 0.992115 -0 0.1253311 0.992115 0 0.2486878 0.9685838 -0 0.2486878 0.9685838 0 0.3681239 0.9297768 -0 0.3681239 0.9297768 0 0.481751 0.8763081 -0 0.481751 0.8763081 0 0.58779 0.8090135 -0 0.58779 0.8090135 0 0.684544 0.7289715 -0 0.684544 0.7289715 0 0.7705143 0.6374227 -0 0.7705143 0.6374227 0 0.8443286 0.5358257 -0 0.8443286 0.5358257 0 0.9048269 0.4257795 -0 0.9048269 0.4257795 0 0.9510565 0.3090169 -0 0.9510565 0.3090169 0 0.9822872 0.1873814 -0 0.9822872 0.1873814 0 0.9980267 0.06279079 0 0.9980267 0.06279079 0 -0.9980267 0.06279138 0 -0.9980267 0.06279138 0 -0.9822871 0.187382 0 -0.9510568 0.3090159 0 -0.9822871 0.187382 0 -0.9510568 0.3090159 0 -0.9048269 0.4257795 0 -0.9048269 0.4257795 0 -0.8443283 0.5358261 0 -0.8443283 0.5358261 0 -0.770514 0.6374231 0 -0.770514 0.6374231 0 -0.6845449 0.7289706 0 -0.5877895 0.8090138 0 -0.6845449 0.7289706 0 -0.5877895 0.8090138 0 -0.4817513 0.876308 0 -0.4817513 0.876308 0 -0.3681241 0.9297767 0 -0.3681241 0.9297767 0 -0.2486875 0.9685837 0 -0.2486875 0.9685837 0 -0.1253312 0.992115 0 -0.1253312 0.992115 0 0 1 -0 0 1 0 0.1253309 0.992115 -0 0.1253309 0.992115 0 0.2486875 0.9685837 0 0.2486875 0.9685837 0 0.3681249 0.9297764 -0 0.3681249 0.9297764 0 0.4817513 0.876308 -0 0.4817513 0.876308 0 0.5877895 0.8090138 -0 0.5877895 0.8090138 0 0.6845425 0.7289729 -0 0.6845425 0.7289729 0 0.770514 0.6374231 -0 0.770514 0.6374231 0 0.8443294 0.5358244 -0 0.8443294 0.5358244 0 0.9048279 0.4257776 -0 0.9048279 0.4257776 0 0.9510562 0.309018 -0 0.9510562 0.309018 0 0.9822876 0.1873797 -0 0.9822876 0.1873797 0 0.9980265 0.06279374 -0 0.9980265 0.06279374 0 -0.9980268 0.06278902 0 -0.9980268 0.06278902 0 -0.9822876 0.1873797 0 -0.9510562 0.309018 0 -0.9822876 0.1873797 0 -0.9510562 0.309018 0 -0.904826 0.4257815 0 -0.904826 0.4257815 0 -0.8443294 0.5358244 0 -0.8443294 0.5358244 0 -0.770514 0.6374231 0 -0.770514 0.6374231 0 -0.6845449 0.7289706 0 -0.5877895 0.8090138 0 -0.6845449 0.7289706 0 -0.5877895 0.8090138 0 -0.4817513 0.876308 0 -0.4817513 0.876308 0 -0.3681233 0.929777 0 -0.3681233 0.929777 0 -0.2486875 0.9685837 0 -0.2486875 0.9685837 0 -0.1253315 0.992115 0 -0.1253315 0.992115 0 0 1 -0 0 1 0 0.1253309 0.992115 -0 0.1253309 0.992115 0 0.2486875 0.9685837 0 0.2486875 0.9685837 0 0.3681249 0.9297764 -0 0.3681249 0.9297764 0 0.4817513 0.876308 -0 0.4817513 0.876308 0 0.5877873 0.8090156 -0 0.5877873 0.8090156 0 0.6845449 0.7289706 -0 0.6845449 0.7289706 0 0.7705164 0.6374203 -0 0.7705164 0.6374203 0 0.8443273 0.5358278 -0 0.8443273 0.5358278 0 0.904826 0.4257815 -0 0.904826 0.4257815 0 0.9510577 0.3090138 -0 0.9510577 0.3090138 0 0.9822866 0.1873843 -0 0.9822866 0.1873843 0 0.9980271 0.06278428 -0 0.9980271 0.06278428 0 0.9980271 -0.06278428 0 0.9980271 -0.06278428 0 0.9822866 -0.1873843 0 0.9510577 -0.3090138 0 0.9822866 -0.1873843 0 0.9510577 -0.3090138 0 0.904826 -0.4257815 0 0.904826 -0.4257815 0 0.8443273 -0.5358278 0 0.8443273 -0.5358278 0 0.7705164 -0.6374203 0 0.7705164 -0.6374203 0 0.6845449 -0.7289706 0 0.6845449 -0.7289706 0 0.5877873 -0.8090156 0 0.4817513 -0.876308 0 0.5877873 -0.8090156 0 0.3681249 -0.9297764 0 0.4817513 -0.876308 0 0.3681249 -0.9297764 0 0.2486875 -0.9685837 0 0.2486875 -0.9685837 0 0.1253309 -0.992115 0 0.1253309 -0.992115 0 0 -1 0 0 -1 0 -0.1253315 -0.992115 0 -0.1253315 -0.992115 0 -0.2486875 -0.9685837 0 -0.2486875 -0.9685837 0 -0.3681233 -0.929777 0 -0.3681233 -0.929777 0 -0.4817513 -0.876308 -0 -0.4817513 -0.876308 0 -0.5877895 -0.8090138 0 -0.5877895 -0.8090138 0 -0.6845449 -0.7289706 0 -0.6845449 -0.7289706 0 -0.770514 -0.6374231 0 -0.770514 -0.6374231 0 -0.8443294 -0.5358244 0 -0.8443294 -0.5358244 0 -0.904826 -0.4257815 0 -0.904826 -0.4257815 0 -0.9510562 -0.309018 0 -0.9510562 -0.309018 0 -0.9822876 -0.1873797 0 -0.9822876 -0.1873797 0 -0.9980268 -0.06278902 -0 -0.9980268 -0.06278902 0 0.9980265 -0.06279374 0 0.9980265 -0.06279374 0 0.9822876 -0.1873797 0 0.9822876 -0.1873797 0 0.9510562 -0.309018 0 0.9510562 -0.309018 0 0.9048279 -0.4257776 0 0.9048279 -0.4257776 0 0.8443294 -0.5358244 0 0.770514 -0.6374231 0 0.8443294 -0.5358244 0 0.770514 -0.6374231 0 0.6845425 -0.7289729 0 0.6845425 -0.7289729 0 0.5877895 -0.8090138 0 0.4817513 -0.876308 0 0.5877895 -0.8090138 0 0.4817513 -0.876308 0 0.3681249 -0.9297764 0 0.3681249 -0.9297764 0 0.2486875 -0.9685837 0 0.2486875 -0.9685837 0 0.1253309 -0.992115 0 0.1253309 -0.992115 0 0 -1 0 0 -1 0 -0.1253312 -0.992115 0 -0.1253312 -0.992115 0 -0.2486875 -0.9685837 0 -0.2486875 -0.9685837 0 -0.3681241 -0.9297767 0 -0.3681241 -0.9297767 0 -0.4817513 -0.876308 0 -0.4817513 -0.876308 0 -0.5877895 -0.8090138 0 -0.5877895 -0.8090138 0 -0.6845449 -0.7289706 0 -0.6845449 -0.7289706 0 -0.770514 -0.6374231 0 -0.770514 -0.6374231 0 -0.8443283 -0.5358261 0 -0.8443283 -0.5358261 0 -0.9048269 -0.4257795 0 -0.9048269 -0.4257795 0 -0.9510568 -0.3090159 0 -0.9510568 -0.3090159 0 -0.9822871 -0.187382 0 -0.9822871 -0.187382 0 -0.9980267 -0.06279138 0 -0.9980267 -0.06279138 0 0.9980267 -0.06279079 0 0.9980267 -0.06279079 0 0.9822872 -0.1873814 0 0.9510565 -0.3090169 0 0.9822872 -0.1873814 0 0.9510565 -0.3090169 0 0.9048269 -0.4257795 0 0.9048269 -0.4257795 0 0.8443286 -0.5358257 0 0.8443286 -0.5358257 0 0.7705143 -0.6374227 0 0.7705143 -0.6374227 0 0.684544 -0.7289715 0 0.684544 -0.7289715 0 0.58779 -0.8090135 0 0.481751 -0.8763081 0 0.58779 -0.8090135 0 0.3681239 -0.9297768 0 0.481751 -0.8763081 0 0.3681239 -0.9297768 0 0.2486878 -0.9685838 0 0.2486878 -0.9685838 0 0.1253311 -0.992115 0 0.1253311 -0.992115 0 0 -1 0 0 -1 0 -0.1253311 -0.992115 0 -0.1253311 -0.992115 0 -0.2486877 -0.9685837 0 -0.2486877 -0.9685837 0 -0.3681239 -0.9297767 0 -0.3681239 -0.9297767 0 -0.4817512 -0.8763081 -0 -0.4817512 -0.8763081 0 -0.58779 -0.8090135 0 -0.58779 -0.8090135 0 -0.6845437 -0.7289717 0 -0.6845437 -0.7289717 0 -0.7705143 -0.6374227 0 -0.7705143 -0.6374227 0 -0.8443289 -0.5358253 0 -0.8443289 -0.5358253 0 -0.9048269 -0.4257795 0 -0.9048269 -0.4257795 0 -0.9510565 -0.3090169 0 -0.9510565 -0.3090169 0 -0.9822872 -0.1873814 0 -0.9822872 -0.1873814 0 -0.9980267 -0.06279079 -0 -0.9980267 -0.06279079 0 -0 1 0 0 1 0 -1 0 0 -1 0 0 -0 -1 -0 0 -1 0 1 0 0 1 0 0 0 0 1 0 0 1 0 0 1 0 0 1 0 0 1 0 0 1 0 0 1 0 0 1 0 0 1 0 0 1 0 0 1 0 0 1 0 0 1 0 0 1 0 0 1 0 -0 1 0 -0 1 0 -0 1 0 -0 1 0 0 1 0 -0 1 0 -0 1 0 -0 1 0 -0 1 0 -0 1 0 0 1 0 0 1 0 0 1 0 0 1 0 0 1 0 0 1 0 0 1 0 0 1 0 0 1 0 0 1 0 0 1 0 0 1 0 0 1 0 0 1 0 0 1 0 0 1 0 0 1 0 0 1 0 0 1 0 0 1 0 0 1 0 0 1 0 0 1 0 0 1 0 0 1 0 0 1 0 0 1 0 0 1 0 0 1 0 0 1 0 0 1 0 0 1 0 0 1 0 0 1 0 0 1 0 0 1 0 0 1 0 0 1 0 0 1 0 0 1 0 0 1 0 0 1 0 0 1 0 0 1 0 0 1 0 0 1 0 0 1 0 0 1 0 0 1 0 0 1 0 0 1 0 0 1 0 0 1 0 0 1 0 0 1 0 0 1 0 0 1 0 0 1 0 0 1 0 0 1 -0 0 1 0 0 1 0 0 1 0 0 1 0 0 1 0 0 1 0 0 1 -0 0 1 0 0 1 0 0 1 0 0 1 0 0 1 0 0 1 -0 0 1 0 0 1 0 0 1 0 0 1 0 0 1 0 0 1 0 0 1 0 0 1 0 0 1 0 0 1 0 0 1 0 0 1 0 0 1 0 0 1 0 0 1 0 0 1 0 0 1 0 0 1 0 0 1 0 0 1 0 0 1 0 0 1 0 0 1 0 0 1 0 0 1 0 0 1 0 0 1 0 0 1 0 0 1 0 0 1 0 0 1 0 0 1 0 0 1 -0 0 1 0 0 1 0 0 1 0 0 1 0 0 1 0 0 1 0 0 1 -0 0 1 0 0 1 0 0 1 0 0 1 -0 0 1 0 0 1 0 0 1 0 0 1 0 0 1 0 0 1 0 0 1 0 0 1 0 0 1 0 0 1 0 0 1 0 0 1 0 0 1 0 0 1 0 0 1 0 0 1 0 0 1 0 0 1 0 0 1 0 0 1 0 0 1 0 0 1 0 0 1 0 0 1 0 0 1 0 0 1 0 0 1 -0 0 1 0 0 1 -0 0 1 -0 0 1 -0 0 1 0 0 1 0 0 1 0 0 1 0 0 1 0 0 1 -0 0 1 0 0 1 0 0 1 -0 0 1 0 0 1 0 0 1 0 0 1 0 0 1 -0 0 1 0 0 1 0 0 1 0 0 1 0 0 1 0 0 1 0 0 1 0 0 1 0 0 1 0 0 1 0 0 1 0 0 1 0 0 1 0 0 1 0 0 1 0 0 1 0 0 1 0 0 1 0 0 1 0 0 1 0 0 1 0 0 1 0 0 1 0 0 1 0 0 1 0 0 1 0 0 1 0 0 1 0 0 1 0 0 1 0 0 1 0 0 1 0 0 1 0 0 1 0 0 1 0 0 1 0 0 1 0 0 1 0 0 1 0 0 1 0 0 1 0 0 1 0 0 1 0 0 1 0 0 1 0 0 1 0 0 1 0 0 1 0 0 1 0 0 1 0 0 1 0 0 1 0 0 1 0 0 1 0 0 1 0 0 1 0 0 1 0 0 1 0 0 1 0 0 1 0 0 1 0 0 1 0 0 1 0 0 1 0 0 1 0 0 1 0 0 1 0 0 1 0 0 1 0 0 1 0 0 1 0 0 1 0 0 1 0 0 1 0 0 1 0 0 -1 0 -0 -1 0 0 -1 0 -0 -1 0 0 -1 0 -0 -1 0 0 -1 0 -0 -1 0 0 -1 0 -0 -1 0 0 -1 0 0 -1 0 0 -1 0 0 -1 0 0 -1 0 0 -1 0 0 -1 0 0 -1 0 0 -1 0 0 -1 0 0 -1 0 0 -1 0 0 -1 0 0 -1 0 -0 -1 0 0 -1 0 0 -1 0 0 -1 0 0 -1 0 0 -1 0 0 -1 0 0 -1 0 0 -1 0 0 -1 0 0 -1 0 0 -1 0 -0 -1 0 0 -1 0 0 -1 0 -0 -1 0 0 -1 0 0 -1 0 0 -1 0 0 -1 0 -0 -1 0 0 -1 0 0 -1 0 -0 -1 0 0 -1 0 0 -1 0 -0 -1 0 0 -1 0 0 -1 0 -0 -1 0 0 -1 0 0 -1 0 0 -1 0 0 -1 0 0 -1 0 0 -1 0 0 -1 0 0 -1 0 0 -1 0 0 -1 0 0 -1 0 0 -1 0 0 -1 0 0 -1 0 0 -1 0 0 -1 0 0 -1 0 0 -1 0 0 -1 0 0 -1 0 0 -1 0 0 -1 0 0 -1 0 0 -1 0 0 -1 0 0 -1 0 0 -1 0 0 -1 0 0 -1 0 -0 -1 0 0 -1 0 0 -1 0 0 -1 0 0 -1 0 -0 -1 0 0 -1 0 -0 -1 0 0 -1 0 0 -1 0 0 -1 0 0 -1 0 -0 -1 0 0 -1 0 0 -1 0 0 -1 0 -0 -1 0 0 -1 0 0 -1 0 0 -1 0 -0 -1 0 0 -1 0 0 -1 0 0 -1 0 0 -1 0 0 -1 0 0 -1 0 0 -1 0 0 -1 0 0 -1 0 0 -1 0 0 -1 0 0 -1 0 0 -1 0 0 -1 0 0 -1 0 0 -1 0 0 -1 0 0 -1 0 0 -1 0 0 -1 0 0 -1 0 0 -1 0 0 -1 0 0 -1 0 -0 -1 0 0 -1 0 0 -1 0 0 -1 0 -0 -1 0 0 -1 0 0 -1 0 -0 -1 0 0 -1 0 0 -1 0 0 -1 0 0 -1 0 0 -1 0 -0 -1 0 0 -1 0 0 -1 0 -0 -1 0 -0 -1 0 0 -1 0 0 -1 0 0 -1 0 0 -1 0 0 -1 0 0 -1 0 0 -1 0 0 -1 0 0 -1 0 0 -1 0 0 -1 0 0 -1 0 0 -1 0 0 -1 0 0 -1 0 0 -1 0 0 -1 0 0 -1 0 0 -1 0 0 -1 0 0 -1 0 0 -1 0 0 -1 0 0 -1 0 0 -1 0 0 -1 0 0 -1 0 0 -1 0 0 -1 0 0 -1 0 0 -1 0 0 -1 0 0 -1 0 0 -1 0 0 -1 0 -0 -1 0 0 -1 0 0 -1 0 -0 -1 0 0 -1 0 0 -1 0 -0 -1 0 0 -1 0 0 -1 0 -0 -1 0 0 -1 0 -0 -1 0 0 -1 0 -0 -1 0 -0 -1 0 -0 -1 0 -0 -1 0 -0 -1 0 0 -1 0 0 -1 0 -0 -1 0 0 -1 0 -0 -1 0 0 -1 0 0 -1 0 -0 -1 0 0 -1 0 0 -1 0 -0 -1 0 0 -1 0 0 -1 0 -0 -1 0 0 -1 0 0 -1 0 -0 -1 0 0 -1 0 0 -1 0 -0 -1 0 0 -1 0 0 -1 0 -0 -1 0 0 -1 0 0 -1 0 -0 -1 0 0 -1 0 0 -1 0 0 -1 0 -0 -1 0 0 -1 0 -0 -1 0 -0 -1 0 0 -1 0 0 -1 0 0 -1 0 0 -1 0 0 -1 0 0 -1 0 0 -1 0 0 -1 0 0 -1 0 0 -1 0 0 -1 0 0 -1 0 0 -1 0 0 -1 0 0 -1 0 0 -1 0 0 -1 0 0 -1 0 0 -1 0 0 -1 0 0 -1 0 0 -1 0 0 -1 0 0 -1 0 0 -1 0 0 -1 0 0 -1 0 0 -1 0 0 -1 0 0 -1 0.9980265 -0.06279374 0 0.9980265 -0.06279374 0 0.9822876 -0.1873797 0 0.9510562 -0.309018 0 0.9822876 -0.1873797 0 0.9510562 -0.309018 0 0.9048279 -0.4257776 0 0.9048279 -0.4257776 0 0.8443294 -0.5358244 0 0.8443294 -0.5358244 0 0.770514 -0.6374231 0 0.770514 -0.6374231 0 0.6845425 -0.7289729 0 0.6845425 -0.7289729 0 0.5877895 -0.8090138 0 0.4817513 -0.876308 0 0.5877895 -0.8090138 0 0.3681249 -0.9297764 0 0.4817513 -0.876308 0 0.3681249 -0.9297764 0 0.2486875 -0.9685837 0 0.2486875 -0.9685837 0 0.1253309 -0.992115 0 0.1253309 -0.992115 0 0 -1 0 0 -1 0 -0.1253315 -0.992115 0 -0.1253315 -0.992115 0 -0.2486875 -0.9685837 0 -0.2486875 -0.9685837 0 -0.3681233 -0.929777 0 -0.3681233 -0.929777 0 -0.4817513 -0.876308 -0 -0.4817513 -0.876308 0 -0.5877895 -0.8090138 0 -0.5877895 -0.8090138 0 -0.6845425 -0.7289729 0 -0.6845425 -0.7289729 0 -0.7705164 -0.6374203 0 -0.7705164 -0.6374203 0 -0.8443273 -0.5358278 0 -0.8443273 -0.5358278 0 -0.9048297 -0.4257737 0 -0.9048297 -0.4257737 0 -0.9510548 -0.3090223 0 -0.9510548 -0.3090223 0 -0.9822866 -0.1873843 0 -0.9822866 -0.1873843 0 -0.9980271 -0.06278428 -0 -0.9980271 -0.06278428 0 0.9980267 -0.06279138 0 0.9980267 -0.06279138 0 0.9822871 -0.187382 0 0.9510568 -0.3090159 0 0.9822871 -0.187382 0 0.9510568 -0.3090159 0 0.9048269 -0.4257795 0 0.9048269 -0.4257795 0 0.8443283 -0.5358261 0 0.8443283 -0.5358261 0 0.770514 -0.6374231 0 0.770514 -0.6374231 0 0.6845437 -0.7289717 0 0.6845437 -0.7289717 0 0.5877906 -0.809013 0 0.4817513 -0.876308 0 0.5877906 -0.809013 0 0.3681233 -0.929777 0 0.4817513 -0.876308 0 0.3681233 -0.929777 0 0.2486881 -0.9685836 0 0.2486881 -0.9685836 0 0.1253309 -0.992115 0 0.1253309 -0.992115 0 0 -1 0 0 -1 0 -0.1253312 -0.992115 0 -0.1253312 -0.992115 0 -0.2486875 -0.9685837 0 -0.2486875 -0.9685837 0 -0.3681241 -0.9297767 0 -0.3681241 -0.9297767 0 -0.4817513 -0.876308 -0 -0.4817513 -0.876308 0 -0.5877895 -0.8090138 0 -0.5877895 -0.8090138 0 -0.6845449 -0.7289706 0 -0.6845449 -0.7289706 0 -0.770514 -0.6374231 0 -0.770514 -0.6374231 0 -0.8443294 -0.5358244 0 -0.8443294 -0.5358244 0 -0.904826 -0.4257815 0 -0.904826 -0.4257815 0 -0.9510562 -0.309018 0 -0.9510562 -0.309018 0 -0.9822876 -0.1873797 0 -0.9822876 -0.1873797 0 -0.9980268 -0.06278902 -0 -0.9980268 -0.06278902 0 0.9980265 -0.06279374 0 0.9980265 -0.06279374 0 0.9822876 -0.1873797 0 0.9510562 -0.309018 0 0.9822876 -0.1873797 0 0.9510562 -0.309018 0 0.9048279 -0.4257776 0 0.9048279 -0.4257776 0 0.8443294 -0.5358244 0 0.8443294 -0.5358244 0 0.770514 -0.6374231 0 0.770514 -0.6374231 0 0.6845425 -0.7289729 0 0.5877895 -0.8090138 0 0.6845425 -0.7289729 0 0.5877895 -0.8090138 0 0.4817513 -0.876308 0 0.4817513 -0.876308 0 0.3681249 -0.9297764 0 0.3681249 -0.9297764 0 0.2486875 -0.9685837 0 0.2486875 -0.9685837 0 0.1253309 -0.992115 0 0.1253309 -0.992115 0 0 -1 0 0 -1 0 -0.1253312 -0.992115 0 -0.1253312 -0.992115 0 -0.2486875 -0.9685837 -0 -0.2486875 -0.9685837 0 -0.3681241 -0.9297767 0 -0.3681241 -0.9297767 0 -0.4817513 -0.876308 0 -0.4817513 -0.876308 0 -0.5877895 -0.8090138 0 -0.5877895 -0.8090138 0 -0.6845449 -0.7289706 0 -0.6845449 -0.7289706 0 -0.770514 -0.6374231 0 -0.770514 -0.6374231 0 -0.8443283 -0.5358261 0 -0.8443283 -0.5358261 0 -0.9048269 -0.4257795 0 -0.9048269 -0.4257795 0 -0.9510568 -0.3090159 0 -0.9510568 -0.3090159 0 -0.9822871 -0.187382 0 -0.9822871 -0.187382 0 -0.9980267 -0.06279138 0 -0.9980267 -0.06279138 0 0.9980271 -0.06278428 0 0.9980271 -0.06278428 0 0.9822866 -0.1873843 0 0.9822866 -0.1873843 0 0.9510577 -0.3090138 0 0.9510577 -0.3090138 0 0.904826 -0.4257815 0 0.904826 -0.4257815 0 0.8443273 -0.5358278 0 0.8443273 -0.5358278 0 0.7705164 -0.6374203 0 0.7705164 -0.6374203 0 0.6845449 -0.7289706 0 0.6845449 -0.7289706 0 0.5877873 -0.8090156 0 0.5877873 -0.8090156 0 0.4817513 -0.876308 0 0.4817513 -0.876308 0 0.3681249 -0.9297764 0 0.2486875 -0.9685837 0 0.3681249 -0.9297764 0 0.2486875 -0.9685837 0 0.1253309 -0.992115 0 0.1253309 -0.992115 0 0 -1 0 0 -1 0 -0.1253315 -0.992115 0 -0.1253315 -0.992115 0 -0.2486875 -0.9685837 0 -0.2486875 -0.9685837 0 -0.3681233 -0.929777 0 -0.3681233 -0.929777 0 -0.4817513 -0.876308 0 -0.4817513 -0.876308 0 -0.5877895 -0.8090138 0 -0.5877895 -0.8090138 0 -0.6845449 -0.7289706 0 -0.6845449 -0.7289706 0 -0.770514 -0.6374231 0 -0.770514 -0.6374231 0 -0.8443294 -0.5358244 0 -0.8443294 -0.5358244 0 -0.904826 -0.4257815 0 -0.904826 -0.4257815 0 -0.9510562 -0.309018 0 -0.9510562 -0.309018 0 -0.9822876 -0.1873797 0 -0.9822876 -0.1873797 0 -0.9980268 -0.06278902 -0 -0.9980268 -0.06278902 0 0.9980267 -0.06279079 0 0.9980267 -0.06279079 0 0.9822872 -0.1873814 0 0.9822872 -0.1873814 0 0.9510565 -0.3090169 0 0.9510565 -0.3090169 0 0.9048269 -0.4257795 0 0.9048269 -0.4257795 0 0.8443286 -0.5358257 0 0.8443286 -0.5358257 0 0.7705143 -0.6374227 0 0.7705143 -0.6374227 0 0.684544 -0.7289715 0 0.684544 -0.7289715 0 0.58779 -0.8090135 0 0.58779 -0.8090135 0 0.481751 -0.8763081 0 0.481751 -0.8763081 0 0.3681239 -0.9297768 0 0.2486878 -0.9685838 0 0.3681239 -0.9297768 0 0.2486878 -0.9685838 0 0.1253311 -0.992115 0 0.1253311 -0.992115 0 0 -1 0 0 -1 0 -0.1253311 -0.992115 0 -0.1253311 -0.992115 0 -0.2486877 -0.9685837 0 -0.2486877 -0.9685837 0 -0.3681239 -0.9297767 0 -0.3681239 -0.9297767 0 -0.4817512 -0.8763081 0 -0.4817512 -0.8763081 0 -0.58779 -0.8090135 0 -0.58779 -0.8090135 0 -0.6845437 -0.7289717 0 -0.6845437 -0.7289717 0 -0.7705143 -0.6374227 0 -0.7705143 -0.6374227 0 -0.8443289 -0.5358253 0 -0.8443289 -0.5358253 0 -0.9048269 -0.4257795 0 -0.9048269 -0.4257795 0 -0.9510565 -0.3090169 0 -0.9510565 -0.3090169 0 -0.9822872 -0.1873814 0 -0.9822872 -0.1873814 0 -0.9980267 -0.06279079 -0 -0.9980267 -0.06279079 0 0.9980267 -0.06279138 0 0.9980267 -0.06279138 0 0.9822871 -0.187382 0 0.9822871 -0.187382 0 0.9510568 -0.3090159 0 0.9510568 -0.3090159 0 0.9048269 -0.4257795 0 0.9048269 -0.4257795 0 0.8443283 -0.5358261 0 0.8443283 -0.5358261 0 0.770514 -0.6374231 0 0.770514 -0.6374231 0 0.6845437 -0.7289717 0 0.6845437 -0.7289717 0 0.5877906 -0.809013 0 0.5877906 -0.809013 0 0.4817513 -0.876308 0 0.4817513 -0.876308 0 0.3681233 -0.929777 0 0.2486881 -0.9685836 0 0.3681233 -0.929777 0 0.2486881 -0.9685836 0 0.1253309 -0.992115 0 0.1253309 -0.992115 0 0 -1 0 0 -1 0 -0.1253312 -0.992115 0 -0.1253312 -0.992115 0 -0.2486875 -0.9685837 0 -0.2486875 -0.9685837 0 -0.3681241 -0.9297767 0 -0.3681241 -0.9297767 0 -0.4817513 -0.876308 0 -0.4817513 -0.876308 0 -0.5877895 -0.8090138 0 -0.5877895 -0.8090138 0 -0.6845449 -0.7289706 0 -0.6845449 -0.7289706 0 -0.770514 -0.6374231 0 -0.770514 -0.6374231 0 -0.8443294 -0.5358244 0 -0.8443294 -0.5358244 0 -0.904826 -0.4257815 0 -0.904826 -0.4257815 0 -0.9510562 -0.309018 0 -0.9510562 -0.309018 0 -0.9822876 -0.1873797 0 -0.9822876 -0.1873797 0 -0.9980268 -0.06278902 -0 -0.9980268 -0.06278902 0 0.9980265 -0.06279374 0 0.9980265 -0.06279374 0 0.9822876 -0.1873797 0 0.9822876 -0.1873797 0 0.9510562 -0.309018 0 0.9510562 -0.309018 0 0.9048279 -0.4257776 0 0.9048279 -0.4257776 0 0.8443294 -0.5358244 0 0.8443294 -0.5358244 0 0.770514 -0.6374231 0 0.770514 -0.6374231 0 0.6845425 -0.7289729 0 0.6845425 -0.7289729 0 0.5877895 -0.8090138 0 0.5877895 -0.8090138 0 0.4817513 -0.876308 0 0.4817513 -0.876308 0 0.3681249 -0.9297764 0 0.2486875 -0.9685837 0 0.3681249 -0.9297764 0 0.2486875 -0.9685837 0 0.1253309 -0.992115 0 0.1253309 -0.992115 0 0 -1 0 0 -1 0 -0.1253315 -0.992115 0 -0.1253315 -0.992115 0 -0.2486875 -0.9685837 0 -0.2486875 -0.9685837 0 -0.3681233 -0.929777 0 -0.3681233 -0.929777 0 -0.4817513 -0.876308 0 -0.4817513 -0.876308 0 -0.5877895 -0.8090138 0 -0.5877895 -0.8090138 0 -0.6845425 -0.7289729 0 -0.6845425 -0.7289729 0 -0.7705164 -0.6374203 0 -0.7705164 -0.6374203 0 -0.8443273 -0.5358278 0 -0.8443273 -0.5358278 0 -0.9048297 -0.4257737 0 -0.9048297 -0.4257737 0 -0.9510548 -0.3090223 0 -0.9510548 -0.3090223 0 -0.9822866 -0.1873843 0 -0.9822866 -0.1873843 0 -0.9980271 -0.06278428 -0 -0.9980271 -0.06278428 0 -0.9980271 0.06278428 0 -0.9980271 0.06278428 0 -0.9822866 0.1873843 0 -0.9510548 0.3090223 0 -0.9822866 0.1873843 0 -0.9510548 0.3090223 0 -0.9048297 0.4257737 0 -0.9048297 0.4257737 0 -0.8443273 0.5358278 0 -0.8443273 0.5358278 0 -0.7705164 0.6374203 0 -0.7705164 0.6374203 0 -0.6845425 0.7289729 0 -0.6845425 0.7289729 0 -0.5877895 0.8090138 0 -0.4817513 0.876308 0 -0.5877895 0.8090138 0 -0.3681233 0.929777 0 -0.4817513 0.876308 0 -0.3681233 0.929777 0 -0.2486875 0.9685837 0 -0.2486875 0.9685837 0 -0.1253315 0.992115 0 -0.1253315 0.992115 0 0 1 -0 0 1 0 0.1253309 0.992115 -0 0.1253309 0.992115 0 0.2486875 0.9685837 -0 0.2486875 0.9685837 0 0.3681249 0.9297764 -0 0.3681249 0.9297764 0 0.4817513 0.876308 0 0.4817513 0.876308 0 0.5877895 0.8090138 -0 0.5877895 0.8090138 0 0.6845425 0.7289729 -0 0.6845425 0.7289729 0 0.770514 0.6374231 -0 0.770514 0.6374231 0 0.8443294 0.5358244 -0 0.8443294 0.5358244 0 0.9048279 0.4257776 -0 0.9048279 0.4257776 0 0.9510562 0.309018 -0 0.9510562 0.309018 0 0.9822876 0.1873797 0 0.9822876 0.1873797 -0 0.9980265 0.06279374 0 0.9980265 0.06279374 0 -0.9980268 0.06278902 0 -0.9980268 0.06278902 0 -0.9822876 0.1873797 0 -0.9510562 0.309018 0 -0.9822876 0.1873797 0 -0.9510562 0.309018 0 -0.904826 0.4257815 0 -0.904826 0.4257815 0 -0.8443294 0.5358244 0 -0.8443294 0.5358244 0 -0.770514 0.6374231 0 -0.770514 0.6374231 0 -0.6845449 0.7289706 0 -0.6845449 0.7289706 0 -0.5877895 0.8090138 0 -0.4817513 0.876308 0 -0.5877895 0.8090138 0 -0.3681241 0.9297767 0 -0.4817513 0.876308 0 -0.3681241 0.9297767 0 -0.2486875 0.9685837 0 -0.2486875 0.9685837 0 -0.1253312 0.992115 0 -0.1253312 0.992115 0 0 1 -0 0 1 0 0.1253309 0.992115 -0 0.1253309 0.992115 0 0.2486881 0.9685836 -0 0.2486881 0.9685836 0 0.3681233 0.929777 -0 0.3681233 0.929777 0 0.4817513 0.876308 0 0.4817513 0.876308 0 0.5877906 0.809013 -0 0.5877906 0.809013 0 0.6845437 0.7289717 -0 0.6845437 0.7289717 0 0.770514 0.6374231 -0 0.770514 0.6374231 0 0.8443283 0.5358261 -0 0.8443283 0.5358261 0 0.9048269 0.4257795 -0 0.9048269 0.4257795 0 0.9510568 0.3090159 -0 0.9510568 0.3090159 0 0.9822871 0.187382 0 0.9822871 0.187382 -0 0.9980267 0.06279138 0 0.9980267 0.06279138 0 -0.9980267 0.06279079 0 -0.9980267 0.06279079 0 -0.9822872 0.1873814 0 -0.9510565 0.3090169 0 -0.9822872 0.1873814 0 -0.9510565 0.3090169 0 -0.9048269 0.4257795 0 -0.9048269 0.4257795 0 -0.8443289 0.5358253 0 -0.8443289 0.5358253 0 -0.7705143 0.6374227 0 -0.7705143 0.6374227 0 -0.6845437 0.7289717 0 -0.6845437 0.7289717 0 -0.58779 0.8090135 0 -0.4817512 0.8763081 0 -0.58779 0.8090135 0 -0.3681239 0.9297767 0 -0.4817512 0.8763081 0 -0.3681239 0.9297767 0 -0.2486877 0.9685837 0 -0.2486877 0.9685837 0 -0.1253311 0.992115 0 -0.1253311 0.992115 0 0 1 -0 0 1 0 0.1253311 0.992115 -0 0.1253311 0.992115 0 0.2486878 0.9685838 -0 0.2486878 0.9685838 0 0.3681239 0.9297768 -0 0.3681239 0.9297768 0 0.481751 0.8763081 0 0.481751 0.8763081 0 0.58779 0.8090135 -0 0.58779 0.8090135 0 0.684544 0.7289715 -0 0.684544 0.7289715 0 0.7705143 0.6374227 -0 0.7705143 0.6374227 0 0.8443286 0.5358257 -0 0.8443286 0.5358257 0 0.9048269 0.4257795 -0 0.9048269 0.4257795 0 0.9510565 0.3090169 -0 0.9510565 0.3090169 0 0.9822872 0.1873814 0 0.9822872 0.1873814 -0 0.9980267 0.06279079 0 0.9980267 0.06279079 0 -0 -1 -0 0 -1 0 1 0 0 1 0 0 -0 1 0 0 1 0 -1 0 0 -1 0 0 0 -0 1 0 0 1 0 -0 1 0 0 1 0 -0 1 0 0 1 0 -0 1 0 0 1 0 -0 1 0 0 1 0 -0 1 0 -0 1 -0 -0 1 -0 -0 1 -0 -0 1 0 0 1 0 0 1 0 0 1 0 0 1 0 0 1 0 0 1 0 0 1 0 0 1 0 0 1 0 0 1 0 0 1 0 0 1 0 0 1 0 0 1 0 0 1 0 0 1 0 0 1 0 -0 1 0 -0 1 0 -0 1 -0 0 1 0 -0 1 0 -0 1 0 -0 1 -0 0 1 0 -0 1 0 -0 1 0 -0 1 -0 0 1 0 -0 1 0 -0 1 -0 0 1 0 -0 1 0 -0 1 -0 0 1 0 -0 1 0 -0 1 0 -0 1 0 0 1 0 -0 1 -0 0 1 0 0 1 -0 -0 1 0 0 1 -0 0 1 0 0 1 -0 0 1 -0 0 1 0 0 1 0 0 1 -0 0 1 -0 0 1 0 0 1 -0 0 1 0 0 1 -0 0 1 0 0 1 -0 0 1 0 0 1 0 0 1 0 0 1 0 0 1 0 0 1 0 0 1 0 -0 1 0 -0 1 0 -0 1 -0 0 1 0 -0 1 0 -0 1 0 -0 1 0 -0 1 -0 0 1 0 -0 1 0 -0 1 -0 0 1 0 -0 1 0 -0 1 0 -0 1 0 -0 1 -0 0 1 0 -0 1 0 -0 1 0 -0 1 0 0 1 0 -0 1 0 -0 1 -0 0 1 0 0 1 0 0 1 -0 0 1 0 0 1 -0 0 1 0 0 1 -0 0 1 0 0 1 0 0 1 0 0 1 -0 0 1 0 0 1 -0 0 1 0 0 1 0 0 1 0 0 1 0 0 1 -0 0 1 0 0 1 -0 0 1 -0 0 1 0 0 1 0 -0 1 0 -0 1 0 -0 1 0 -0 1 0 0 1 0 -0 1 0 -0 1 0 -0 1 0 0 1 0 -0 1 0 -0 1 0 -0 1 -0 0 1 0 -0 1 0 -0 1 0 -0 1 -0 0 1 0 -0 1 0 -0 1 -0 0 1 0 -0 1 -0 0 1 0 0 1 0 0 1 -0 0 1 0 0 1 0 0 1 -0 0 1 0 0 1 0 0 1 -0 0 1 0 0 1 -0 0 1 0 0 1 0 0 1 0 0 1 -0 0 1 0 0 1 -0 0 1 0 0 1 0 0 1 0 0 1 -0 0 1 0 0 1 0 -0 1 0 -0 1 0 -0 1 0 -0 1 0 -0 1 0 -0 1 0 -0 1 0 -0 1 0 -0 1 0 -0 1 0 -0 1 0 -0 1 -0 0 1 0 -0 1 0 -0 1 -0 0 1 0 -0 1 0 -0 1 0 0 1 0 -0 1 0 -0 1 0 0 1 0 0 1 -0 0 1 0 -0 1 0 0 1 -0 0 1 0 -0 1 0 -0 1 0 0 1 0 0 1 0 0 1 0 0 1 0 0 1 -0 0 1 -0 0 1 0 0 1 -0 0 1 -0 0 1 0 0 1 -0 0 1 -0 0 1 0 0 1 0 0 1 -0 0 1 0 0 1 -0 0 1 -0 0 1 0 0 1 -0 0 1 0 0 1 -0 0 1 -0 0 1 -0 0 1 0 0 1 -0 0 1 -0 0 1 0 0 1 -0 0 1 -0 0 1 0 0 1 -0 0 1 -0 0 1 -0 0 1 -0 -0 1 -0 0 1 -0 0 1 -0 0 1 -0 0 1 -0 0 1 -0 0 1 -0 0 1 -0 0 1 -0 0 1 -0 0 1 -0 0 1 -0 0 1 -0 0 1 -0 0 1 0 0 1 0 0 1 -0 0 1 -0 0 1 0 0 1 -0 0 1 -0 0 1 0 0 1 -0 0 1 -0 0 1 -0 0 1 -0 0 1 0 0 1 -0 0 1 -0 0 -1 0 0 -1 -0 0 -1 0 0 -1 -0 0 -1 0 0 -1 -0 0 -1 0 0 -1 -0 0 -1 0 0 -1 -0 0 -1 0 0 -1 0 0 -1 0 0 -1 0 0 -1 0 0 -1 0 0 -1 0 0 -1 0 0 -1 0 0 -1 0 0 -1 0 0 -1 0 0 -1 0 0 -1 0 0 -1 -0 0 -1 -0 0 -1 -0 0 -1 -0 0 -1 -0 0 -1 0 0 -1 0 0 -1 0 0 -1 -0 0 -1 -0 0 -1 0 0 -1 0 0 -1 -0 0 -1 -0 0 -1 0 0 -1 0 0 -1 0 0 -1 0 0 -1 -0 0 -1 0 0 -1 -0 0 -1 0 0 -1 0 0 -1 -0 0 -1 0 0 -1 0 0 -1 -0 0 -1 0 0 -1 0 0 -1 0 0 -1 0 0 -1 0 0 -1 0 0 -1 0 0 -1 0 0 -1 0 0 -1 -0 0 -1 0 0 -1 0 0 -1 -0 0 -1 0 0 -1 0 0 -1 0 0 -1 0 0 -1 -0 0 -1 0 0 -1 0 0 -1 -0 0 -1 0 0 -1 0 0 -1 -0 0 -1 0 0 -1 -0 0 -1 -0 0 -1 0 0 -1 -0 0 -1 0 0 -1 -0 0 -1 0 0 -1 0 0 -1 -0 0 -1 0 0 -1 -0 0 -1 0 0 -1 -0 0 -1 0 0 -1 -0 0 -1 0 0 -1 0 0 -1 -0 0 -1 0 0 -1 -0 0 -1 0 0 -1 0 0 -1 0 0 -1 -0 0 -1 -0 0 -1 0 0 -1 0 0 -1 0 0 -1 0 0 -1 0 0 -1 0 0 -1 0 0 -1 0 0 -1 0 0 -1 0 0 -1 -0 0 -1 0 0 -1 0 0 -1 0 0 -1 -0 0 -1 0 0 -1 0 0 -1 0 0 -1 -0 0 -1 0 0 -1 0 0 -1 0 0 -1 0 0 -1 0 0 -1 -0 0 -1 -0 0 -1 0 0 -1 -0 0 -1 0 0 -1 0 0 -1 0 0 -1 -0 0 -1 0 0 -1 0 0 -1 0 0 -1 0 0 -1 0 0 -1 -0 0 -1 0 0 -1 0 0 -1 -0 0 -1 0 0 -1 0 0 -1 0 0 -1 0 0 -1 0 0 -1 0 0 -1 0 0 -1 0 0 -1 0 0 -1 0 0 -1 0 0 -1 0 0 -1 0 0 -1 0 0 -1 0 0 -1 0 0 -1 0 0 -1 0 0 -1 0 0 -1 0 0 -1 0 0 -1 0 0 -1 0 0 -1 -0 0 -1 0 0 -1 0 0 -1 0 0 -1 0 0 -1 0 0 -1 -0 0 -1 0 0 -1 0 0 -1 0 0 -1 0 0 -1 0 0 -1 0 0 -1 -0 0 -1 0 0 -1 0 0 -1 0 0 -1 -0 0 -1 0 0 -1 0 0 -1 0 0 -1 0 0 -1 -0 0 -1 -0 0 -1 0 0 -1 0 0 -1 -0 0 -1 -0 0 -1 0 0 -1 -0 0 -1 0 0 -1 -0 0 -1 0 0 -1 0 0 -1 -0 0 -1 0 0 -1 0 0 -1 0 0 -1 0 0 -1 0 0 -1 0 0 -1 0 0 -1 0 0 -1 0 0 -1 0 0 -1 0 0 -1 0 0 -1 0 0 -1 0 0 -1 0 0 -1 0 0 -1 0 0 -1 0 0 -1 0 0 -1 0 0 -1 0 0 -1 0 0 -1 0 0 -1 0 0 -1 0 0 -1 0 0 -1 -0 0 -1 0 0 -1 0 0 -1 0 0 -1 0 0 -1 0 0 -1 0 0 -1 0 0 -1 0 0 -1 0 0 -1 0 0 -1 0 0 -1 0 0 -1 0 0 -1 0 0 -1 0 0 -1 0 0 -1 0 0 -1 0 0 -1 0 0 -1 0 0 -1 0 0 -1 0 0 -1 0 0 -1 0 0 -1 0 0 -1 -0 0 -1 0 0 -1 -0 0 -1 -0 0 -1 -0 0 -1 0 0 -1 -0 0 -1 0 0 -1 -0 0 -1 -0.9980268 0.06278902 0 -0.9980268 0.06278902 0 -0.9822876 0.1873797 0 -0.9822876 0.1873797 0 -0.9510562 0.309018 0 -0.9510562 0.309018 0 -0.904826 0.4257815 0 -0.904826 0.4257815 0 -0.8443294 0.5358244 0 -0.770514 0.6374231 0 -0.8443294 0.5358244 0 -0.770514 0.6374231 0 -0.6845449 0.7289706 0 -0.6845449 0.7289706 0 -0.5877895 0.8090138 0 -0.4817513 0.876308 0 -0.5877895 0.8090138 0 -0.4817513 0.876308 0 -0.3681233 0.929777 0 -0.3681233 0.929777 0 -0.2486875 0.9685837 0 -0.2486875 0.9685837 0 -0.1253315 0.992115 0 -0.1253315 0.992115 0 0 1 0 0 1 0 0.1253309 0.992115 -0 0.1253309 0.992115 0 0.2486875 0.9685837 -0 0.2486875 0.9685837 0 0.3681249 0.9297764 -0 0.3681249 0.9297764 0 0.4817513 0.876308 -0 0.4817513 0.876308 0 0.5877873 0.8090156 -0 0.5877873 0.8090156 0 0.6845449 0.7289706 -0 0.6845449 0.7289706 0 0.7705164 0.6374203 -0 0.7705164 0.6374203 0 0.8443273 0.5358278 -0 0.8443273 0.5358278 0 0.904826 0.4257815 -0 0.904826 0.4257815 0 0.9510577 0.3090138 -0 0.9510577 0.3090138 0 0.9822866 0.1873843 0 0.9822866 0.1873843 -0 0.9980271 0.06278428 0 0.9980271 0.06278428 -0 -0.9980267 0.06279138 0 -0.9980267 0.06279138 0 -0.9822871 0.187382 0 -0.9822871 0.187382 0 -0.9510568 0.3090159 0 -0.9510568 0.3090159 0 -0.9048269 0.4257795 0 -0.9048269 0.4257795 0 -0.8443283 0.5358261 0 -0.770514 0.6374231 0 -0.8443283 0.5358261 0 -0.770514 0.6374231 0 -0.6845449 0.7289706 0 -0.6845449 0.7289706 0 -0.5877895 0.8090138 0 -0.4817513 0.876308 0 -0.5877895 0.8090138 0 -0.4817513 0.876308 0 -0.3681241 0.9297767 0 -0.3681241 0.9297767 0 -0.2486875 0.9685837 0 -0.2486875 0.9685837 0 -0.1253312 0.992115 0 -0.1253312 0.992115 0 0 1 0 0 1 0 0.1253309 0.992115 -0 0.1253309 0.992115 0 0.2486875 0.9685837 -0 0.2486875 0.9685837 0 0.3681249 0.9297764 -0 0.3681249 0.9297764 0 0.4817513 0.876308 -0 0.4817513 0.876308 0 0.5877895 0.8090138 -0 0.5877895 0.8090138 0 0.6845425 0.7289729 -0 0.6845425 0.7289729 0 0.770514 0.6374231 -0 0.770514 0.6374231 0 0.8443294 0.5358244 -0 0.8443294 0.5358244 0 0.9048279 0.4257776 -0 0.9048279 0.4257776 0 0.9510562 0.309018 -0 0.9510562 0.309018 0 0.9822876 0.1873797 0 0.9822876 0.1873797 -0 0.9980265 0.06279374 0 0.9980265 0.06279374 -0 -0.9978589 0.06540279 -4.360559e-16 -0.9978589 0.06540279 0 -0.9807853 0.1950905 0 -0.9807853 0.1950905 0 -0.9469287 0.3214433 0 -0.9469287 0.3214433 0 -0.8968741 0.442286 0 -0.8968741 0.442286 0 -0.8314679 0.5555726 0 -0.8314679 0.5555726 0 -0.7518399 0.6593456 0 -0.7518399 0.6593456 0 -0.6593456 0.7518401 0 -0.6593456 0.7518401 0 -0.5555723 0.8314682 0 -0.5555723 0.8314682 0 -0.4422871 0.8968736 0 -0.4422871 0.8968736 0 -0.3214423 0.9469292 0 -0.3214423 0.9469292 0 -0.1950891 0.9807855 0 -0.1950891 0.9807855 0 -0.06540338 0.9978589 0 -0.06540338 0.9978589 0 0.06540338 0.9978589 -0 0.06540338 0.9978589 0 0.1950891 0.9807855 -0 0.1950891 0.9807855 0 0.3214423 0.9469292 -0 0.3214423 0.9469292 0 0.4422871 0.8968736 -0 0.4422871 0.8968736 0 0.5555723 0.8314682 -0 0.5555723 0.8314682 0 0.6593456 0.7518401 -0 0.6593456 0.7518401 0 0.7518399 0.6593456 -0 0.7518399 0.6593456 0 0.8314679 0.5555726 -0 0.8314679 0.5555726 0 0.8968741 0.442286 -0 0.8968741 0.442286 0 0.9469287 0.3214433 -0 0.9469287 0.3214433 0 0.9807853 0.1950905 0 0.9807853 0.1950905 0 0.9978589 0.06540279 0 0.9978589 0.06540279 -0 -0.9978589 0.06540278 0 -0.9978589 0.06540278 0 -0.9807854 0.1950897 0 -0.9807854 0.1950897 0 -0.9469303 0.3214388 0 -0.9469303 0.3214388 0 -0.8968711 0.4422919 0 -0.8968711 0.4422919 0 -0.8314719 0.555567 0 -0.8314719 0.555567 0 -0.7518404 0.6593452 0 -0.7518404 0.6593452 0 -0.6593452 0.7518404 0 -0.6593452 0.7518404 0 -0.5555658 0.8314726 0 -0.5555658 0.8314726 0 -0.4422939 0.8968702 0 -0.4422939 0.8968702 0 -0.3214344 0.9469319 0 -0.3214344 0.9469319 0 -0.1950906 0.9807851 0 -0.1950906 0.9807851 0 -0.06540278 0.9978589 0 -0.06540278 0.9978589 0 0.06540278 0.9978589 -0 0.06540278 0.9978589 0 0.1950906 0.9807851 -0 0.1950906 0.9807851 0 0.3214344 0.9469319 -0 0.3214344 0.9469319 0 0.4422939 0.8968702 -0 0.4422939 0.8968702 0 0.5555658 0.8314726 -0 0.5555658 0.8314726 0 0.6593452 0.7518404 -0 0.6593452 0.7518404 0 0.7518404 0.6593452 -0 0.7518404 0.6593452 0 0.8314719 0.555567 -0 0.8314719 0.555567 0 0.8968711 0.4422919 -0 0.8968711 0.4422919 0 0.9469303 0.3214388 -0 0.9469303 0.3214388 0 0.9807854 0.1950897 0 0.9807854 0.1950897 0 0.9978589 0.06540278 0 0.9978589 0.06540278 -0 0.9980267 0.06279102 0 0.9980267 0.06279102 0 0.9822875 0.1873798 0 0.9822875 0.1873798 0 0.951057 0.3090158 0 0.951057 0.3090158 0 0.9048269 0.4257795 0 0.9048269 0.4257795 0 0.8443278 0.5358269 0 0.8443278 0.5358269 0 0.7705128 0.6374246 0 0.7705128 0.6374246 0 0.6845474 0.7289683 0 0.6845474 0.7289683 0 0.5877846 0.8090174 0 0.5877846 0.8090174 0 0.481754 0.8763065 0 0.481754 0.8763065 0 0.3681242 0.9297766 0 0.2486896 0.9685832 -0 0.3681242 0.9297766 0 0.2486896 0.9685832 0 0.1253331 0.9921147 0 0.1253331 0.9921147 0 0 1 0 -0 1 0 -0.1253327 0.9921148 0 -0.1253327 0.9921148 0 -0.2486904 0.968583 0 -0.2486904 0.968583 0 -0.3681232 0.929777 0 -0.3681232 0.929777 0 -0.481754 0.8763065 0 -0.481754 0.8763065 0 -0.5877861 0.8090163 0 -0.5877861 0.8090163 0 -0.6845474 0.7289683 0 -0.6845474 0.7289683 0 -0.7705128 0.6374246 0 -0.7705128 0.6374246 0 -0.8443278 0.5358269 0 -0.8443278 0.5358269 0 -0.9048269 0.4257795 0 -0.9048269 0.4257795 0 -0.951057 0.3090158 0 -0.951057 0.3090158 0 -0.982287 0.1873828 0 -0.982287 0.1873828 0 -0.9980267 0.06279102 0 -0.9980267 0.06279102 0 0.9980267 0.06279072 0 0.9980267 0.06279072 0 0.9822878 0.1873783 0 0.9822878 0.1873783 0 0.9510568 0.3090161 0 0.9510568 0.3090161 0 0.9048256 0.4257824 0 0.9048256 0.4257824 0 0.8443273 0.5358278 0 0.8443273 0.5358278 0 0.7705136 0.6374236 0 0.7705136 0.6374236 0 0.6845486 0.7289672 0 0.6845486 0.7289672 0 0.5877856 0.8090167 0 0.5877856 0.8090167 0 0.4817521 0.8763075 0 0.4817521 0.8763075 0 0.3681231 0.929777 0 0.2486918 0.9685827 -0 0.3681231 0.929777 0 0.2486918 0.9685827 0 0.125333 0.9921148 0 0.125333 0.9921148 0 0 1 0 -0 1 0 -0.125333 0.9921148 0 -0.125333 0.9921148 0 -0.2486918 0.9685827 0 -0.2486918 0.9685827 0 -0.3681231 0.929777 0 -0.3681231 0.929777 0 -0.4817521 0.8763075 0 -0.4817521 0.8763075 0 -0.5877856 0.8090167 0 -0.5877856 0.8090167 0 -0.6845486 0.7289672 0 -0.6845486 0.7289672 0 -0.7705136 0.6374236 0 -0.7705136 0.6374236 0 -0.8443273 0.5358278 0 -0.8443273 0.5358278 0 -0.9048277 0.4257779 0 -0.9048277 0.4257779 0 -0.9510568 0.3090161 0 -0.9510568 0.3090161 0 -0.9822868 0.1873837 0 -0.9822868 0.1873837 0 -0.9980267 0.06279072 0 -0.9980267 0.06279072 0 0.9980267 0.06279102 0 0.9980267 0.06279102 0 0.9822875 0.1873798 0 0.9822875 0.1873798 0 0.951057 0.3090158 0 0.951057 0.3090158 0 0.9048269 0.4257798 0 0.9048269 0.4257798 0 0.8443278 0.5358269 0 0.8443278 0.5358269 0 0.7705134 0.6374238 0 0.7705134 0.6374238 0 0.6845466 0.728969 0 0.6845466 0.728969 0 0.5877851 0.8090171 0 0.5877851 0.8090171 0 0.4817534 0.8763068 0 0.4817534 0.8763068 0 0.3681249 0.9297764 0 0.2486896 0.9685832 -0 0.3681249 0.9297764 0 0.2486896 0.9685832 0 0.1253338 0.9921147 0 0.1253338 0.9921147 0 0 1 0 -0 1 0 -0.1253334 0.9921147 0 -0.1253334 0.9921147 0 -0.2486904 0.968583 0 -0.2486904 0.968583 0 -0.3681239 0.9297768 0 -0.3681239 0.9297768 0 -0.4817534 0.8763068 0 -0.4817534 0.8763068 0 -0.5877866 0.809016 0 -0.5877866 0.809016 0 -0.6845466 0.728969 0 -0.6845466 0.728969 0 -0.7705134 0.6374238 0 -0.7705134 0.6374238 0 -0.8443278 0.5358269 0 -0.8443278 0.5358269 0 -0.9048269 0.4257798 0 -0.9048269 0.4257798 0 -0.951057 0.3090158 0 -0.951057 0.3090158 0 -0.982287 0.1873828 0 -0.982287 0.1873828 0 -0.9980267 0.06279102 0 -0.9980267 0.06279102 0 0.9980267 0.06279072 0 0.9980267 0.06279072 0 0.9822878 0.1873783 0 0.9822878 0.1873783 0 0.9510568 0.3090161 0 0.9510568 0.3090161 0 0.9048256 0.4257824 0 0.9048256 0.4257824 0 0.8443273 0.5358278 0 0.8443273 0.5358278 0 0.7705136 0.6374236 0 0.7705136 0.6374236 0 0.6845479 0.7289679 0 0.6845479 0.7289679 0 0.5877856 0.8090167 0 0.5877856 0.8090167 0 0.4817521 0.8763075 0 0.4817521 0.8763075 0 0.3681255 0.9297761 0 0.2486892 0.9685833 -0 0.3681255 0.9297761 0 0.2486892 0.9685833 0 0.1253343 0.9921145 0 0.1253343 0.9921145 0 0 1 0 -0 1 0 -0.1253343 0.9921145 0 -0.1253343 0.9921145 0 -0.2486892 0.9685833 0 -0.2486892 0.9685833 0 -0.3681255 0.9297761 0 -0.3681255 0.9297761 0 -0.4817521 0.8763075 0 -0.4817521 0.8763075 0 -0.5877856 0.8090167 0 -0.5877856 0.8090167 0 -0.6845479 0.7289679 0 -0.6845479 0.7289679 0 -0.7705136 0.6374236 0 -0.7705136 0.6374236 0 -0.8443273 0.5358278 0 -0.8443273 0.5358278 0 -0.9048277 0.4257779 0 -0.9048277 0.4257779 0 -0.9510568 0.3090161 0 -0.9510568 0.3090161 0 -0.9822868 0.1873837 0 -0.9822868 0.1873837 0 -0.9980267 0.06279072 0 -0.9980267 0.06279072 0 0.9980264 0.06279433 0 0.9980264 0.06279433 0 0.9822865 0.1873857 0 0.9822865 0.1873857 0 0.9510581 0.3090122 0 0.9510581 0.3090122 0 0.9048269 0.4257795 0 0.8443282 0.5358263 -0 0.9048269 0.4257795 0 0.8443282 0.5358263 0 0.770511 0.6374267 0 0.6845528 0.7289633 -0 0.770511 0.6374267 0 0.6845528 0.7289633 0 0.5877822 0.8090192 0 0.4817483 0.8763097 -0 0.5877822 0.8090192 0 0.4817483 0.8763097 0 0.3681245 0.9297765 0 0.3681245 0.9297765 0 0.2486975 0.9685812 0 0.2486975 0.9685812 0 0.1253327 0.9921147 0 0.1253327 0.9921147 0 -0 1 0 0 1 0 -0.1253334 0.9921147 0 -0.1253334 0.9921147 0 -0.248696 0.9685816 0 -0.248696 0.9685816 0 -0.3681266 0.9297757 0 -0.3681266 0.9297757 0 -0.4817457 0.8763111 0 -0.4817457 0.8763111 0 -0.5877851 0.8090171 0 -0.5877851 0.8090171 0 -0.6845467 0.728969 0 -0.6845467 0.728969 0 -0.770514 0.6374231 0 -0.770514 0.6374231 0 -0.844331 0.535822 0 -0.844331 0.535822 0 -0.9048269 0.4257795 0 -0.9048269 0.4257795 0 -0.9510564 0.3090177 0 -0.9510564 0.3090177 0 -0.9822875 0.1873798 0 -0.9822875 0.1873798 0 -0.9980264 0.06279433 0 -0.9980264 0.06279433 0 0.4841606 0.1836164 0.855496 0.4261492 0.2941483 0.855496 0.343373 0.3875839 0.8554962 0.5043635 0.0317338 0.8629082 0.5070676 0.09673065 0.8564612 0.4900716 0.1592312 0.8570153 0.5140335 0.06241614 0.8554962 -0.5277733 0 -0.8493853 0.2406316 0.4585008 0.855496 0.4674034 0.2199435 0.8562469 0.4345976 0.2758036 0.8573548 0.4765649 0.1807358 0.8603607 0.48416 0.1836162 0.8554965 0.48416 0.1836162 0.8554965 0.1239277 0.5027608 0.855496 0.3982393 0.3294546 0.8560753 0.3519228 0.3747538 0.8577353 0.4261475 0.2941495 0.8554966 0.4196343 0.2896537 0.8602371 0.426149 0.2941481 0.8554962 -0 0.5178085 0.8554966 0.3039206 0.418314 0.8559473 0.2473233 0.449886 0.8581571 0.3433735 0.3875844 0.8554958 0.3383284 0.3818958 0.860052 0.2406321 0.4585018 0.8554953 0.3433697 0.3875863 0.8554963 -0.1239277 0.5027608 0.855496 0.1903966 0.480887 0.8558603 0.1274866 0.4965115 0.8586173 0.2373009 0.452136 0.859803 0.2406387 0.4584957 0.8554967 -0.2406316 0.4585008 0.855496 0.06483168 0.513198 0.8558182 0.1223243 0.496295 0.8594929 0.1239281 0.5027622 0.8554952 0.1239182 0.502762 0.8554966 -0.3433756 0.3875819 0.855496 0 0.5117766 0.8591186 -0.06483206 0.5131978 0.8558183 0 0.5117766 0.8591186 -0 0.5178103 0.8554955 -0 0.5178103 0.8554955 -0.4261499 0.2941487 0.8554956 -0.1239187 0.5027639 0.8554955 -0.1274858 0.4965114 0.8586174 -0.1903976 0.4808865 0.8558604 -0.1239273 0.5027592 0.8554971 -0.2406309 0.4584995 0.855497 -0.1223243 0.496295 0.8594929 -0.4841594 0.1836209 0.8554958 -0.2473218 0.4498864 0.8581574 -0.3039218 0.4183127 0.8559474 -0.2406396 0.4584974 0.8554956 -0.2373009 0.452136 0.859803 -0.3433748 0.387581 0.8554968 -0.3519188 0.3747559 0.8577361 -0.3982401 0.329452 0.8560761 -0.3433706 0.3875873 0.8554956 -0.3383284 0.3818958 0.860052 -0.4261484 0.2941477 0.8554966 -0.4261477 0.2941497 0.8554963 -0.4345989 0.2758013 0.8573549 -0.4674034 0.2199435 0.8562469 -0.4196337 0.2896533 0.8602375 -0.4841588 0.1836207 0.8554962 -0.4765643 0.180738 0.8603605 -0.4900708 0.159234 0.8570153 -0.5070683 0.09672765 0.856461 -0.5043643 0.03173385 0.8629076 -0.5140339 0.06241454 0.8554961 0.527414 0 -0.8496084 -0.484159 0.1836183 0.8554965 0.9980268 0.06278829 0 0.9980268 0.06278829 0 0.9822875 0.1873798 0 0.9822875 0.1873798 0 0.9510564 0.3090177 0 0.9510564 0.3090177 0 0.9048269 0.4257795 0 0.8443282 0.5358263 -0 0.9048269 0.4257795 0 0.8443282 0.5358263 0 0.770514 0.6374231 0 0.6845498 0.7289661 -0 0.770514 0.6374231 0 0.6845498 0.7289661 0 0.5877822 0.8090192 0 0.4817483 0.8763097 -0 0.5877822 0.8090192 0 0.4817483 0.8763097 0 0.3681245 0.9297765 0 0.3681245 0.9297765 0 0.2486967 0.9685814 0 0.2486967 0.9685814 0 0.1253331 0.9921147 0 0.1253331 0.9921147 0 -0 1 0 0 1 0 -0.1253331 0.9921147 0 -0.1253331 0.9921147 0 -0.2486967 0.9685814 0 -0.2486967 0.9685814 0 -0.3681255 0.9297761 0 -0.3681255 0.9297761 0 -0.481747 0.8763103 0 -0.481747 0.8763103 0 -0.5877837 0.8090181 0 -0.5877837 0.8090181 0 -0.6845483 0.7289675 0 -0.6845483 0.7289675 0 -0.770514 0.6374231 0 -0.770514 0.6374231 0 -0.8443282 0.5358263 0 -0.8443282 0.5358263 0 -0.9048269 0.4257795 0 -0.9048269 0.4257795 0 -0.9510572 0.3090149 0 -0.9510572 0.3090149 0 -0.9822869 0.1873828 0 -0.9822869 0.1873828 0 -0.9980267 0.06279131 0 -0.9980267 0.06279131 0 0.4841606 0.1836164 0.855496 0.4261483 0.2941501 0.855496 0.3433754 0.3875817 0.8554962 0.5043634 0.03173072 0.8629083 0.5070674 0.0967275 0.8564615 0.4900699 0.1592337 0.8570157 0.5140339 0.06241454 0.8554961 -0.5277733 0 -0.8493853 0.2406315 0.4585007 0.8554962 0.4674034 0.2199435 0.8562469 0.4345976 0.2758036 0.8573548 0.4765649 0.1807358 0.8603607 0.48416 0.1836162 0.8554965 0.48416 0.1836162 0.8554965 0.1239277 0.5027606 0.8554962 0.3982406 0.3294525 0.8560757 0.3519208 0.3747548 0.8577358 0.4261475 0.2941495 0.8554966 0.4196343 0.2896537 0.8602371 0.4261475 0.2941495 0.8554966 -0 0.5178085 0.8554966 0.3039206 0.418314 0.8559473 0.2473233 0.449886 0.8581571 0.3433763 0.3875827 0.8554954 0.3383284 0.3818958 0.860052 0.3433695 0.3875861 0.8554966 -0.1239277 0.5027608 0.855496 0.1903965 0.4808868 0.8558604 0.1274862 0.4965114 0.8586172 0.2373003 0.4521362 0.8598031 0.2406308 0.4584994 0.8554969 0.2406391 0.4584976 0.8554957 -0.2406316 0.4585008 0.855496 0.06483188 0.5131979 0.8558182 0.1223246 0.496295 0.8594928 0.1239281 0.5027623 0.8554952 0.1239185 0.5027621 0.8554966 -0.3433756 0.3875819 0.855496 0 0.5117766 0.8591186 -0.06483188 0.5131979 0.8558182 0 0.5117766 0.8591186 -0 0.5178103 0.8554955 -0 0.5178103 0.8554955 -0.4261486 0.2941503 0.8554958 -0.1239187 0.5027638 0.8554956 -0.1274862 0.4965115 0.8586172 -0.1903971 0.4808868 0.8558602 -0.1239273 0.502759 0.8554972 -0.1223243 0.4962951 0.8594928 -0.484161 0.1836166 0.8554958 -0.2406388 0.4584959 0.8554966 -0.2473227 0.4498864 0.8581572 -0.3039214 0.4183136 0.8559473 -0.237301 0.4521363 0.8598029 -0.2406322 0.458502 0.8554952 -0.3433746 0.3875808 0.855497 -0.35192 0.3747556 0.8577358 -0.3982406 0.3294525 0.8560757 -0.3433704 0.3875871 0.8554958 -0.3383285 0.381896 0.8600519 -0.4841604 0.1836164 0.8554962 -0.4261477 0.2941497 0.8554963 -0.4261481 0.2941487 0.8554965 -0.4345972 0.2758034 0.8573551 -0.4674031 0.2199433 0.8562472 -0.4196348 0.2896529 0.8602371 -0.4841597 0.1836173 0.8554964 -0.4765642 0.1807368 0.8603608 -0.4900708 0.1592325 0.8570156 -0.5070675 0.09672908 0.8564613 -0.5043634 0.03173226 0.8629083 -0.5140339 0.06241576 0.855496 0.5470698 0.1362353 -0.8259265 0.9980267 0.06279131 0 0.9980267 0.06279131 0 0.9822873 0.1873813 0 0.9822873 0.1873813 0 0.951057 0.3090156 0 0.9048269 0.4257795 -0 0.951057 0.3090156 0 0.9048269 0.4257795 0 0.8443286 0.5358257 0 0.8443286 0.5358257 0 0.770514 0.6374231 0 0.770514 0.6374231 0 0.6845485 0.7289674 0 0.5877838 0.809018 -0 0.6845485 0.7289674 0 0.5877838 0.809018 0 0.481747 0.8763103 0 0.481747 0.8763103 0 0.3681253 0.9297762 0 0.3681253 0.9297762 0 0.248697 0.9685814 0 0.248697 0.9685814 0 0.125333 0.9921147 0 0.125333 0.9921147 0 -0 1 0 0 1 0 -0.1253329 0.9921147 0 -0.1253329 0.9921147 0 -0.248697 0.9685813 0 -0.248697 0.9685813 0 -0.3681251 0.9297763 0 -0.3681251 0.9297763 0 -0.4817471 0.8763103 0 -0.4817471 0.8763103 0 -0.5877838 0.809018 0 -0.5877838 0.809018 0 -0.6845485 0.7289674 0 -0.6845485 0.7289674 0 -0.770514 0.6374231 0 -0.770514 0.6374231 0 -0.8443285 0.535826 0 -0.8443285 0.535826 0 -0.9048272 0.4257789 0 -0.9048272 0.4257789 0 -0.9510567 0.3090163 0 -0.9510567 0.3090163 0 -0.9822873 0.1873813 0 -0.9822873 0.1873813 0 -0.9980267 0.06279055 0 -0.9980267 0.06279055 0 0.4841603 0.1836178 0.8554959 0.4261489 0.2941496 0.8554959 0.3433754 0.3875819 0.8554961 0.5043637 0.03173228 0.862908 0.5070678 0.09672835 0.8564612 0.4900707 0.1592328 0.8570155 0.5140339 0.06241485 0.8554961 -0.520394 -0.01626231 -0.8537714 0.2406315 0.4585008 0.8554961 0.4674031 0.2199433 0.8562471 0.4345975 0.2758032 0.8573551 0.4765643 0.1807371 0.8603607 0.4841597 0.1836176 0.8554963 0.4841597 0.1836176 0.8554963 0.1239278 0.5027607 0.8554961 0.3982405 0.3294524 0.8560757 0.3519201 0.3747554 0.8577358 0.426148 0.294149 0.8554965 0.4196346 0.289653 0.8602371 0.4261481 0.294149 0.8554965 -0 0.5178086 0.8554966 0.3039213 0.4183134 0.8559473 0.2473226 0.4498862 0.8581572 0.3433763 0.387583 0.8554953 0.3383283 0.381896 0.8600519 0.3433695 0.3875864 0.8554965 -0.1239278 0.5027607 0.855496 0.190397 0.4808868 0.8558603 0.1274863 0.4965115 0.8586173 0.2373008 0.4521361 0.859803 0.2406307 0.4584994 0.855497 0.2406395 0.4584974 0.8554956 -0.2406315 0.4585008 0.8554961 0.06483182 0.5131978 0.8558182 0.1223243 0.496295 0.8594929 0.1239282 0.5027624 0.8554951 0.1239183 0.5027621 0.8554966 -0.3433754 0.3875819 0.8554961 0 0.5117765 0.8591186 -0.06483181 0.5131978 0.8558182 0 0.5117765 0.8591186 -0 0.5178103 0.8554955 -0 0.5178103 0.8554955 -0.4261489 0.2941496 0.8554959 -0.1239187 0.5027638 0.8554956 -0.1274864 0.4965114 0.8586172 -0.1903969 0.4808868 0.8558602 -0.1239274 0.502759 0.8554971 -0.2406307 0.4584994 0.855497 -0.1223243 0.496295 0.8594929 -0.4841603 0.1836178 0.8554959 -0.2473226 0.4498862 0.8581572 -0.3039213 0.4183134 0.8559473 -0.2373008 0.4521362 0.859803 -0.2406395 0.4584974 0.8554956 -0.3433745 0.387581 0.8554969 -0.426148 0.294149 0.8554965 -0.35192 0.3747554 0.8577358 -0.3982405 0.3294524 0.8560757 -0.3433703 0.3875873 0.8554958 -0.3383283 0.381896 0.8600519 -0.4261481 0.294149 0.8554965 -0.4345973 0.2758033 0.857355 -0.4674033 0.219943 0.8562472 -0.4196346 0.289653 0.8602371 -0.4841597 0.1836176 0.8554963 -0.4765643 0.1807371 0.8603607 -0.4900706 0.1592332 0.8570155 -0.5070677 0.09672834 0.8564613 -0.5043637 0.03173189 0.8629081 -0.5140339 0.06241495 0.8554961 0.5292403 0.008237204 -0.848432 -0.4841597 0.1836176 0.8554963 0.9980268 0.06278829 0 0.9980268 0.06278829 0 0.9822869 0.1873828 0 0.9822869 0.1873828 0 0.9510572 0.3090149 0 0.9510572 0.3090149 0 0.9048269 0.4257795 0 0.8443282 0.5358263 -0 0.9048269 0.4257795 0 0.8443282 0.5358263 0 0.770514 0.6374231 0 0.6845483 0.7289675 -0 0.770514 0.6374231 0 0.6845483 0.7289675 0 0.5877837 0.8090181 0 0.481747 0.8763103 -0 0.5877837 0.8090181 0 0.481747 0.8763103 0 0.3681255 0.9297761 0 0.3681255 0.9297761 0 0.2486967 0.9685814 0 0.2486967 0.9685814 0 0.1253331 0.9921147 0 0.1253331 0.9921147 0 -0 1 0 0 1 0 -0.1253331 0.9921147 0 -0.1253331 0.9921147 0 -0.2486967 0.9685814 0 -0.2486967 0.9685814 0 -0.3681255 0.9297761 0 -0.3681255 0.9297761 0 -0.4817457 0.8763111 0 -0.4817457 0.8763111 0 -0.5877851 0.8090171 0 -0.5877851 0.8090171 0 -0.6845467 0.728969 0 -0.6845467 0.728969 0 -0.770514 0.6374231 0 -0.770514 0.6374231 0 -0.844331 0.535822 0 -0.844331 0.535822 0 -0.9048269 0.4257795 0 -0.9048269 0.4257795 0 -0.9510564 0.3090177 0 -0.9510564 0.3090177 0 -0.9822875 0.1873798 0 -0.9822875 0.1873798 0 -0.9980264 0.06279433 0 -0.9980264 0.06279433 0 0.4841606 0.1836164 0.855496 0.4261483 0.2941501 0.855496 0.3433754 0.3875817 0.8554962 0.5043634 0.03173072 0.8629083 0.5070675 0.09672908 0.8564614 0.4900708 0.1592325 0.8570156 0.5140339 0.06241454 0.8554961 -0.5277733 0 -0.8493853 0.2406315 0.4585007 0.8554962 0.4674031 0.2199433 0.8562472 0.4345972 0.2758034 0.8573551 0.4765642 0.1807368 0.8603608 0.4841597 0.1836173 0.8554964 0.4841604 0.1836164 0.8554962 0.1239277 0.5027606 0.8554962 0.3982406 0.3294525 0.8560757 0.35192 0.3747556 0.8577358 0.4261482 0.2941488 0.8554964 0.4196348 0.2896529 0.8602371 0.4261475 0.2941495 0.8554966 -0 0.5178085 0.8554966 0.3039214 0.4183136 0.8559473 0.2473227 0.4498864 0.8581572 0.3433763 0.3875827 0.8554954 0.3383285 0.381896 0.8600519 0.3433695 0.3875861 0.8554966 -0.1239277 0.5027608 0.855496 0.1903971 0.4808867 0.8558603 0.1274862 0.4965114 0.8586172 0.2373004 0.4521364 0.859803 0.2406308 0.4584994 0.8554969 0.1239273 0.5027592 0.8554971 0.2406391 0.4584976 0.8554957 -0.2406316 0.4585008 0.855496 0.06483188 0.5131979 0.8558182 0.1223246 0.496295 0.8594928 0.1239189 0.5027637 0.8554956 -0.3433756 0.3875819 0.855496 0 0.5117766 0.8591186 -0.06483188 0.5131979 0.8558182 0 0.5117766 0.8591186 -0 0.5178103 0.8554955 -0 0.5178103 0.8554955 -0.4261486 0.2941503 0.8554958 -0.1239187 0.5027638 0.8554956 -0.1274862 0.4965115 0.8586172 -0.1903971 0.4808868 0.8558602 -0.1239273 0.502759 0.8554972 -0.1223243 0.4962951 0.8594928 -0.484161 0.1836166 0.8554958 -0.2406388 0.4584959 0.8554966 -0.2473219 0.4498866 0.8581573 -0.303922 0.4183129 0.8559473 -0.237301 0.4521363 0.8598029 -0.2406322 0.458502 0.8554952 -0.3433746 0.3875808 0.855497 -0.351919 0.3747561 0.8577359 -0.3982403 0.3294523 0.8560759 -0.3433704 0.3875871 0.8554958 -0.3383285 0.381896 0.8600519 -0.4261477 0.2941497 0.8554963 -0.4261481 0.2941487 0.8554965 -0.4345989 0.2758013 0.8573549 -0.4674034 0.2199435 0.8562469 -0.4196345 0.2896526 0.8602373 -0.4841597 0.1836161 0.8554967 -0.4765643 0.180738 0.8603605 -0.4900708 0.159234 0.8570153 -0.5070683 0.09672765 0.856461 -0.5043643 0.03173385 0.8629076 -0.5140339 0.06241454 0.8554961 0.5562341 0.2770349 -0.7834892 -0.4841594 0.1836184 0.8554963 0.9980264 0.06279433 0 0.9980264 0.06279433 0 0.9822865 0.1873857 0 0.9822865 0.1873857 0 0.9510581 0.3090122 0 0.9048269 0.4257795 -0 0.9510581 0.3090122 0 0.9048269 0.4257795 0 0.8443282 0.5358263 0 0.8443282 0.5358263 0 0.770511 0.6374267 0 0.770511 0.6374267 0 0.6845528 0.7289633 0 0.5877822 0.8090192 -0 0.6845528 0.7289633 0 0.5877822 0.8090192 0 0.4817483 0.8763097 0 0.4817483 0.8763097 0 0.3681245 0.9297765 0 0.3681245 0.9297765 0 0.2486975 0.9685812 0 0.2486975 0.9685812 0 0.1253327 0.9921147 0 0.1253327 0.9921147 0 -0 1 0 0 1 0 -0.1253334 0.9921147 0 -0.1253334 0.9921147 0 -0.248696 0.9685816 0 -0.248696 0.9685816 0 -0.3681266 0.9297757 0 -0.3681266 0.9297757 0 -0.4817457 0.8763111 0 -0.4817457 0.8763111 0 -0.5877851 0.8090171 0 -0.5877851 0.8090171 0 -0.6845467 0.728969 0 -0.6845467 0.728969 0 -0.770514 0.6374231 0 -0.770514 0.6374231 0 -0.844331 0.535822 0 -0.844331 0.535822 0 -0.9048269 0.4257795 0 -0.9048269 0.4257795 0 -0.9510564 0.3090177 0 -0.9510564 0.3090177 0 -0.9822875 0.1873798 0 -0.9822875 0.1873798 0 -0.9980264 0.06279433 0 -0.9980264 0.06279433 0 0.4841606 0.1836164 0.855496 0.4261492 0.2941483 0.855496 0.343373 0.3875839 0.8554962 0.5043635 0.0317338 0.8629082 0.5070676 0.09673065 0.8564612 0.4900716 0.1592312 0.8570153 0.5140335 0.06241614 0.8554962 -0.5277733 0 -0.8493853 0.2406316 0.4585008 0.855496 0.4674034 0.2199435 0.8562469 0.4345976 0.2758036 0.8573548 0.4765649 0.1807358 0.8603607 0.48416 0.1836162 0.8554965 0.48416 0.1836162 0.8554965 0.1239277 0.5027608 0.855496 0.3982393 0.3294546 0.8560753 0.3519228 0.3747538 0.8577353 0.4261475 0.2941495 0.8554966 0.4196343 0.2896537 0.8602371 0.426149 0.2941481 0.8554962 -0 0.5178085 0.8554966 0.3039206 0.418314 0.8559473 0.2473233 0.449886 0.8581571 0.3433735 0.3875844 0.8554958 0.3383284 0.3818958 0.860052 0.3433697 0.3875863 0.8554963 -0.1239277 0.5027608 0.855496 0.1903966 0.480887 0.8558603 0.1274866 0.4965115 0.8586173 0.2373009 0.452136 0.859803 0.2406306 0.4584991 0.8554972 0.2406395 0.4584971 0.8554958 -0.2406316 0.4585008 0.855496 0.06483168 0.513198 0.8558182 0.1223243 0.496295 0.8594929 0.1239281 0.5027622 0.8554952 0.1239182 0.502762 0.8554966 -0.3433756 0.3875819 0.855496 0 0.5117766 0.8591186 -0.06483206 0.5131978 0.8558183 0 0.5117766 0.8591186 -0 0.5178103 0.8554955 -0 0.5178103 0.8554955 -0.4261499 0.2941487 0.8554956 -0.1239187 0.5027639 0.8554955 -0.1274858 0.4965114 0.8586174 -0.1903976 0.4808865 0.8558604 -0.1239273 0.5027592 0.8554971 -0.2406309 0.4584995 0.855497 -0.1223243 0.496295 0.8594929 -0.4841594 0.1836209 0.8554958 -0.2473218 0.4498864 0.8581574 -0.3039218 0.4183127 0.8559474 -0.2373009 0.452136 0.859803 -0.2406396 0.4584974 0.8554956 -0.3433748 0.387581 0.8554968 -0.3519188 0.3747559 0.8577361 -0.3982401 0.329452 0.8560761 -0.3433706 0.3875873 0.8554956 -0.3383284 0.3818958 0.860052 -0.484158 0.1836204 0.8554967 -0.4261484 0.2941477 0.8554966 -0.4261477 0.2941497 0.8554963 -0.4345989 0.2758013 0.8573549 -0.4674034 0.2199435 0.8562469 -0.4196337 0.2896533 0.8602375 -0.4841594 0.1836184 0.8554963 -0.4765643 0.180738 0.8603605 -0.4900708 0.159234 0.8570153 -0.5070683 0.09672765 0.856461 -0.5043643 0.03173385 0.8629076 -0.5140339 0.06241454 0.8554961 0.527414 0 -0.8496084 0.9980268 0.06278829 0 0.9980268 0.06278829 0 0.9822875 0.1873798 0 0.9822875 0.1873798 0 0.9510564 0.3090177 0 0.9048269 0.4257795 -0 0.9510564 0.3090177 0 0.9048269 0.4257795 0 0.8443282 0.5358263 0 0.8443282 0.5358263 0 0.770514 0.6374231 0 0.770514 0.6374231 0 0.6845498 0.7289661 0 0.5877822 0.8090192 -0 0.6845498 0.7289661 0 0.5877822 0.8090192 0 0.4817483 0.8763097 0 0.4817483 0.8763097 0 0.3681245 0.9297765 0 0.3681245 0.9297765 0 0.2486967 0.9685814 0 0.2486967 0.9685814 0 0.1253331 0.9921147 0 0.1253331 0.9921147 0 -0 1 0 0 1 0 -0.1253331 0.9921147 0 -0.1253331 0.9921147 0 -0.2486967 0.9685814 0 -0.2486967 0.9685814 0 -0.3681255 0.9297761 0 -0.3681255 0.9297761 0 -0.481747 0.8763103 0 -0.481747 0.8763103 0 -0.5877837 0.8090181 0 -0.5877837 0.8090181 0 -0.6845483 0.7289675 0 -0.6845483 0.7289675 0 -0.770514 0.6374231 0 -0.770514 0.6374231 0 -0.8443282 0.5358263 0 -0.8443282 0.5358263 0 -0.9048269 0.4257795 0 -0.9048269 0.4257795 0 -0.9510572 0.3090149 0 -0.9510572 0.3090149 0 -0.9822869 0.1873828 0 -0.9822869 0.1873828 0 -0.9980267 0.06279131 0 -0.9980267 0.06279131 0 0.4841606 0.1836164 0.855496 0.4261483 0.2941501 0.855496 0.3433754 0.3875817 0.8554962 0.5043634 0.03173072 0.8629083 0.5070674 0.0967275 0.8564615 0.4900699 0.1592337 0.8570157 0.5140339 0.06241454 0.8554961 -0.5277733 0 -0.8493853 0.2406315 0.4585007 0.8554962 0.4674034 0.2199435 0.8562469 0.4345976 0.2758036 0.8573548 0.4765649 0.1807358 0.8603607 0.48416 0.1836162 0.8554965 0.48416 0.1836162 0.8554965 0.1239277 0.5027606 0.8554962 0.3982406 0.3294525 0.8560757 0.3519208 0.3747548 0.8577358 0.4261475 0.2941495 0.8554966 0.4196343 0.2896537 0.8602371 0.4261475 0.2941495 0.8554966 -0 0.5178085 0.8554966 0.3039206 0.418314 0.8559473 0.2473233 0.449886 0.8581571 0.3433763 0.3875827 0.8554954 0.3383284 0.3818958 0.860052 0.3433695 0.3875861 0.8554966 -0.1239277 0.5027608 0.855496 0.1903965 0.4808868 0.8558604 0.1274862 0.4965114 0.8586172 0.2373003 0.4521362 0.8598031 0.2406308 0.4584994 0.8554969 0.2406391 0.4584976 0.8554957 -0.2406316 0.4585008 0.855496 0.06483188 0.5131979 0.8558182 0.1223246 0.496295 0.8594928 0.1239281 0.5027623 0.8554952 0.1239185 0.5027621 0.8554966 -0.3433756 0.3875819 0.855496 0 0.5117766 0.8591186 -0.06483188 0.5131979 0.8558182 0 0.5117766 0.8591186 -0 0.5178103 0.8554955 -0 0.5178103 0.8554955 -0.4261486 0.2941503 0.8554958 -0.1239187 0.5027638 0.8554956 -0.1274862 0.4965115 0.8586172 -0.1903971 0.4808868 0.8558602 -0.1239273 0.502759 0.8554972 -0.1223243 0.4962951 0.8594928 -0.484161 0.1836166 0.8554958 -0.3433763 0.3875827 0.8554954 -0.2406388 0.4584959 0.8554966 -0.2473227 0.4498864 0.8581572 -0.3039214 0.4183136 0.8559473 -0.237301 0.4521363 0.8598029 -0.2406322 0.458502 0.8554952 -0.3433695 0.3875861 0.8554966 -0.35192 0.3747556 0.8577358 -0.3982406 0.3294525 0.8560757 -0.3383285 0.381896 0.8600519 -0.4261477 0.2941497 0.8554963 -0.4261481 0.2941487 0.8554965 -0.4345972 0.2758034 0.8573551 -0.4674031 0.2199433 0.8562472 -0.4196348 0.2896529 0.8602371 -0.48416 0.1836162 0.8554965 -0.4765642 0.1807368 0.8603608 -0.4900708 0.1592325 0.8570156 -0.5070675 0.09672908 0.8564613 -0.5043634 0.03173226 0.8629083 -0.5140339 0.06241576 0.855496 0.5470698 0.1362353 -0.8259265 -0.4841599 0.1836174 0.8554963 0.9980267 0.06279131 0 0.9980267 0.06279131 0 0.9822873 0.1873813 0 0.9822873 0.1873813 0 0.951057 0.3090156 0 0.951057 0.3090156 0 0.9048269 0.4257795 0 0.8443286 0.5358257 -0 0.9048269 0.4257795 0 0.8443286 0.5358257 0 0.770514 0.6374231 0 0.6845485 0.7289674 -0 0.770514 0.6374231 0 0.6845485 0.7289674 0 0.5877838 0.809018 0 0.481747 0.8763103 -0 0.5877838 0.809018 0 0.481747 0.8763103 0 0.3681253 0.9297762 0 0.3681253 0.9297762 0 0.248697 0.9685814 0 0.248697 0.9685814 0 0.125333 0.9921147 0 0.125333 0.9921147 0 -0 1 0 0 1 0 -0.1253329 0.9921147 0 -0.1253329 0.9921147 0 -0.248697 0.9685813 0 -0.248697 0.9685813 0 -0.3681251 0.9297763 0 -0.3681251 0.9297763 0 -0.4817471 0.8763103 0 -0.4817471 0.8763103 0 -0.5877838 0.809018 0 -0.5877838 0.809018 0 -0.6845485 0.7289674 0 -0.6845485 0.7289674 0 -0.770514 0.6374231 0 -0.770514 0.6374231 0 -0.8443285 0.535826 0 -0.8443285 0.535826 0 -0.9048272 0.4257789 0 -0.9048272 0.4257789 0 -0.9510567 0.3090163 0 -0.9510567 0.3090163 0 -0.9822873 0.1873813 0 -0.9822873 0.1873813 0 -0.9980267 0.06279055 0 -0.9980267 0.06279055 0 0.4841603 0.1836178 0.8554959 0.4261489 0.2941496 0.8554959 0.3433754 0.3875819 0.8554961 0.5043637 0.03173228 0.862908 0.5070678 0.09672835 0.8564612 0.4900707 0.1592328 0.8570155 0.5140339 0.06241485 0.8554961 -0.520394 -0.01626231 -0.8537714 0.2406315 0.4585008 0.8554961 0.4674031 0.2199433 0.8562471 0.4345975 0.2758032 0.8573551 0.4765643 0.1807371 0.8603607 0.4841597 0.1836176 0.8554963 0.4841597 0.1836176 0.8554963 0.1239278 0.5027607 0.8554961 0.3982405 0.3294524 0.8560757 0.3519201 0.3747554 0.8577358 0.426148 0.294149 0.8554965 0.4196346 0.289653 0.8602371 0.4261481 0.294149 0.8554965 -0 0.5178086 0.8554966 0.3039213 0.4183134 0.8559473 0.2473226 0.4498862 0.8581572 0.3433763 0.387583 0.8554953 0.3383283 0.381896 0.8600519 0.3433695 0.3875864 0.8554965 -0.1239278 0.5027607 0.855496 0.190397 0.4808868 0.8558603 0.1274863 0.4965115 0.8586173 0.2373008 0.4521361 0.859803 0.2406307 0.4584994 0.855497 0.2406395 0.4584974 0.8554956 -0.2406315 0.4585008 0.8554961 0.06483182 0.5131978 0.8558182 0.1223243 0.496295 0.8594929 0.1239282 0.5027624 0.8554951 0.1239183 0.5027621 0.8554966 -0.3433754 0.3875819 0.8554961 0 0.5117765 0.8591186 -0.06483181 0.5131978 0.8558182 0 0.5117765 0.8591186 -0 0.5178103 0.8554955 -0.1239282 0.5027624 0.855495 -0 0.5178103 0.8554955 -0.4261489 0.2941496 0.8554959 -0.1239183 0.5027622 0.8554966 -0.1274864 0.4965114 0.8586172 -0.1903969 0.4808868 0.8558602 -0.1223243 0.496295 0.8594929 -0.4841603 0.1836178 0.8554959 -0.2473226 0.4498862 0.8581572 -0.3039213 0.4183134 0.8559473 -0.2406388 0.458496 0.8554965 -0.2373008 0.4521362 0.859803 -0.2406322 0.4585021 0.8554952 -0.3433745 0.387581 0.8554969 -0.426148 0.294149 0.8554965 -0.35192 0.3747554 0.8577358 -0.3982405 0.3294524 0.8560757 -0.3433703 0.3875873 0.8554958 -0.3383283 0.381896 0.8600519 -0.4345973 0.2758033 0.857355 -0.4674033 0.219943 0.8562472 -0.4261481 0.294149 0.8554965 -0.4196346 0.289653 0.8602371 -0.4841597 0.1836176 0.8554963 -0.4900706 0.1592332 0.8570155 -0.5070677 0.09672834 0.8564613 -0.5043637 0.03173189 0.8629081 -0.5140339 0.06241495 0.8554961 -0.4765643 0.1807371 0.8603607 0.5292403 0.008237204 -0.848432 -0.4841597 0.1836176 0.8554963 0.9980268 0.06278829 0 0.9980268 0.06278829 0 0.9822869 0.1873828 0 0.9822869 0.1873828 0 0.9510572 0.3090149 0 0.9510572 0.3090149 0 0.9048269 0.4257795 0 0.8443282 0.5358263 -0 0.9048269 0.4257795 0 0.8443282 0.5358263 0 0.770514 0.6374231 0 0.6845483 0.7289675 -0 0.770514 0.6374231 0 0.6845483 0.7289675 0 0.5877837 0.8090181 0 0.481747 0.8763103 -0 0.5877837 0.8090181 0 0.481747 0.8763103 0 0.3681255 0.9297761 0 0.3681255 0.9297761 0 0.2486967 0.9685814 0 0.2486967 0.9685814 0 0.1253331 0.9921147 0 0.1253331 0.9921147 0 -0 1 0 0 1 0 -0.1253331 0.9921147 0 -0.1253331 0.9921147 0 -0.2486967 0.9685814 0 -0.2486967 0.9685814 0 -0.3681255 0.9297761 0 -0.3681255 0.9297761 0 -0.4817457 0.8763111 0 -0.4817457 0.8763111 0 -0.5877851 0.8090171 0 -0.5877851 0.8090171 0 -0.6845467 0.728969 0 -0.6845467 0.728969 0 -0.770514 0.6374231 0 -0.770514 0.6374231 0 -0.844331 0.535822 0 -0.844331 0.535822 0 -0.9048269 0.4257795 0 -0.9048269 0.4257795 0 -0.9510564 0.3090177 0 -0.9510564 0.3090177 0 -0.9822875 0.1873798 0 -0.9822875 0.1873798 0 -0.9980264 0.06279433 0 -0.9980264 0.06279433 0 0.4841606 0.1836164 0.855496 0.4261483 0.2941501 0.855496 0.3433754 0.3875817 0.8554962 0.5043634 0.03173072 0.8629083 0.5070675 0.09672908 0.8564614 0.4900708 0.1592325 0.8570156 0.5140339 0.06241454 0.8554961 -0.5277733 0 -0.8493853 0.2406315 0.4585007 0.8554962 0.4674031 0.2199433 0.8562472 0.4345972 0.2758034 0.8573551 0.4765642 0.1807368 0.8603608 0.4841597 0.1836173 0.8554964 0.4841604 0.1836164 0.8554962 0.1239277 0.5027606 0.8554962 0.3982406 0.3294525 0.8560757 0.35192 0.3747556 0.8577358 0.4261482 0.2941488 0.8554964 0.4196348 0.2896529 0.8602371 0.4261475 0.2941495 0.8554966 -0 0.5178085 0.8554966 0.3039214 0.4183136 0.8559473 0.2473227 0.4498864 0.8581572 0.3433763 0.3875827 0.8554954 0.3383285 0.381896 0.8600519 0.3433695 0.3875861 0.8554966 -0.1239277 0.5027608 0.855496 0.1903971 0.4808867 0.8558603 0.1274862 0.4965114 0.8586172 0.2373004 0.4521364 0.859803 0.2406308 0.4584994 0.8554969 0.2406391 0.4584976 0.8554957 -0.2406316 0.4585008 0.855496 0.06483188 0.5131979 0.8558182 0.1223246 0.496295 0.8594928 0.1239281 0.5027623 0.8554952 0.1239185 0.5027621 0.8554966 -0.3433756 0.3875819 0.855496 0 0.5117766 0.8591186 -0.06483188 0.5131979 0.8558182 0 0.5117766 0.8591186 -0 0.5178103 0.8554955 -0.1239281 0.5027623 0.8554952 -0 0.5178103 0.8554955 -0.4261486 0.2941503 0.8554958 -0.1239182 0.5027621 0.8554966 -0.1274862 0.4965115 0.8586172 -0.1903971 0.4808868 0.8558602 -0.1223243 0.4962951 0.8594928 -0.484161 0.1836166 0.8554958 -0.2473219 0.4498866 0.8581573 -0.303922 0.4183129 0.8559473 -0.2406388 0.4584959 0.8554966 -0.237301 0.4521363 0.8598029 -0.2406322 0.458502 0.8554952 -0.3433746 0.3875808 0.855497 -0.351919 0.3747561 0.8577359 -0.3982403 0.3294523 0.8560759 -0.3433704 0.3875871 0.8554958 -0.3383285 0.381896 0.8600519 -0.4261477 0.2941497 0.8554963 -0.4261481 0.2941487 0.8554965 -0.4345989 0.2758013 0.8573549 -0.4674034 0.2199435 0.8562469 -0.4196345 0.2896526 0.8602373 -0.4841597 0.1836161 0.8554967 -0.4765643 0.180738 0.8603605 -0.4900708 0.159234 0.8570153 -0.5070683 0.09672765 0.856461 -0.5043643 0.03173385 0.8629076 -0.5140339 0.06241454 0.8554961 0.5562341 0.2770349 -0.7834892 -0.4841594 0.1836184 0.8554963 0.9980268 0.06278829 0 0.9980268 0.06278829 0 0.9822875 0.1873798 0 0.9822875 0.1873798 0 0.9510564 0.3090177 0 0.9510564 0.3090177 0 0.9048269 0.4257795 0 0.8443282 0.5358263 -0 0.9048269 0.4257795 0 0.8443282 0.5358263 0 0.770514 0.6374231 0 0.6845498 0.7289661 -0 0.770514 0.6374231 0 0.6845498 0.7289661 0 0.5877822 0.8090192 0 0.4817483 0.8763097 -0 0.5877822 0.8090192 0 0.4817483 0.8763097 0 0.3681245 0.9297765 0 0.3681245 0.9297765 0 0.2486975 0.9685812 0 0.2486975 0.9685812 0 0.1253327 0.9921147 0 0.1253327 0.9921147 0 -0 1 0 0 1 0 -0.1253334 0.9921147 0 -0.1253334 0.9921147 0 -0.248696 0.9685816 0 -0.248696 0.9685816 0 -0.3681266 0.9297757 0 -0.3681266 0.9297757 0 -0.4817457 0.8763111 0 -0.4817457 0.8763111 0 -0.5877851 0.8090171 0 -0.5877851 0.8090171 0 -0.6845467 0.728969 0 -0.6845467 0.728969 0 -0.770514 0.6374231 0 -0.770514 0.6374231 0 -0.844331 0.535822 0 -0.844331 0.535822 0 -0.9048246 0.4257844 0 -0.9048246 0.4257844 0 -0.9510581 0.3090122 0 -0.9510581 0.3090122 0 -0.9822865 0.1873857 0 -0.9822865 0.1873857 0 -0.9980273 0.06278224 0 -0.9980273 0.06278224 0 0.4841606 0.1836164 0.855496 0.4261492 0.2941483 0.855496 0.343373 0.3875839 0.8554962 0.5043634 0.03173072 0.8629083 0.5070674 0.0967275 0.8564615 0.4900699 0.1592337 0.8570157 0.5140339 0.06241454 0.8554961 -0.5277733 0 -0.8493853 0.2406316 0.4585008 0.855496 0.4674034 0.2199435 0.8562469 0.4345976 0.2758036 0.8573548 0.4765649 0.1807358 0.8603607 0.48416 0.1836162 0.8554965 0.48416 0.1836162 0.8554965 0.1239277 0.5027608 0.855496 0.3982406 0.3294525 0.8560757 0.3519208 0.3747548 0.8577358 0.4261475 0.2941495 0.8554966 0.4196343 0.2896537 0.8602371 0.426149 0.2941481 0.8554962 -0 0.5178085 0.8554966 0.3039206 0.418314 0.8559473 0.2473233 0.449886 0.8581571 0.3433735 0.3875844 0.8554958 0.3383284 0.3818958 0.860052 0.3433697 0.3875863 0.8554963 -0.1239277 0.5027608 0.855496 0.1903966 0.480887 0.8558603 0.1274866 0.4965115 0.8586173 0.2373009 0.452136 0.859803 0.2406306 0.4584991 0.8554972 0.2406395 0.4584971 0.8554958 -0.2406316 0.4585008 0.855496 0.06483168 0.513198 0.8558182 0.1223243 0.496295 0.8594929 0.1239281 0.5027622 0.8554952 0.1239182 0.502762 0.8554966 -0.3433756 0.3875819 0.855496 0 0.5117766 0.8591186 -0.06483206 0.5131978 0.8558183 0 0.5117766 0.8591186 -0 0.5178103 0.8554955 -0.1239281 0.5027624 0.855495 -0 0.5178103 0.8554955 -0.4261499 0.2941487 0.8554956 -0.1239183 0.5027622 0.8554965 -0.1274858 0.4965114 0.8586174 -0.1903976 0.4808865 0.8558604 -0.1223243 0.496295 0.8594929 -0.4841594 0.1836209 0.8554958 -0.3433765 0.3875829 0.8554953 -0.2473218 0.4498864 0.8581574 -0.3039218 0.4183127 0.8559474 -0.2406389 0.4584961 0.8554965 -0.2373009 0.452136 0.859803 -0.2406323 0.4585022 0.8554951 -0.3433697 0.3875863 0.8554963 -0.3519188 0.3747559 0.8577361 -0.3982401 0.329452 0.8560761 -0.3383284 0.3818958 0.860052 -0.4261484 0.2941477 0.8554966 -0.4345989 0.2758013 0.8573549 -0.467402 0.219946 0.8562471 -0.4261477 0.2941497 0.8554963 -0.4196337 0.2896533 0.8602375 -0.4841588 0.1836207 0.8554962 -0.4765636 0.1807378 0.860361 -0.4900716 0.1592312 0.8570153 -0.5070676 0.09673065 0.8564612 -0.5043631 0.03172763 0.8629085 -0.5140343 0.06241295 0.855496 0.527414 0 -0.8496084 -0.484159 0.1836183 0.8554965 0.9980268 0.06278829 0 0.9980268 0.06278829 0 0.9822875 0.1873798 0 0.9822875 0.1873798 0 0.9510564 0.3090177 0 0.9510564 0.3090177 0 0.9048269 0.4257795 0 0.8443282 0.5358263 -0 0.9048269 0.4257795 0 0.8443282 0.5358263 0 0.770514 0.6374231 0 0.6845498 0.7289661 -0 0.770514 0.6374231 0 0.6845498 0.7289661 0 0.5877822 0.8090192 0 0.4817483 0.8763097 -0 0.5877822 0.8090192 0 0.4817483 0.8763097 0 0.3681245 0.9297765 0 0.3681245 0.9297765 0 0.2486975 0.9685812 0 0.2486975 0.9685812 0 0.1253327 0.9921147 0 0.1253327 0.9921147 0 -0 1 0 0 1 0 -0.1253334 0.9921147 0 -0.1253334 0.9921147 0 -0.248696 0.9685816 0 -0.248696 0.9685816 0 -0.3681266 0.9297757 0 -0.3681266 0.9297757 0 -0.4817457 0.8763111 0 -0.4817457 0.8763111 0 -0.5877851 0.8090171 0 -0.5877851 0.8090171 0 -0.6845467 0.728969 0 -0.6845467 0.728969 0 -0.770514 0.6374231 0 -0.770514 0.6374231 0 -0.844331 0.535822 0 -0.844331 0.535822 0 -0.9048246 0.4257844 0 -0.9048246 0.4257844 0 -0.9510581 0.3090122 0 -0.9510581 0.3090122 0 -0.9822865 0.1873857 0 -0.9822865 0.1873857 0 -0.9980273 0.06278224 0 -0.9980273 0.06278224 0 0.4841606 0.1836164 0.855496 0.4261492 0.2941483 0.855496 0.343373 0.3875839 0.8554962 0.5043634 0.03173072 0.8629083 0.5070674 0.0967275 0.8564615 0.4900699 0.1592337 0.8570157 0.5140339 0.06241454 0.8554961 -0.5277733 0 -0.8493853 0.2406316 0.4585008 0.855496 0.4674034 0.2199435 0.8562469 0.4345976 0.2758036 0.8573548 0.4765649 0.1807358 0.8603607 0.48416 0.1836162 0.8554965 0.48416 0.1836162 0.8554965 0.1239277 0.5027608 0.855496 0.3982406 0.3294525 0.8560757 0.3519208 0.3747548 0.8577358 0.4261475 0.2941495 0.8554966 0.4196343 0.2896537 0.8602371 0.426149 0.2941481 0.8554962 -0 0.5178085 0.8554966 0.3039206 0.418314 0.8559473 0.2473233 0.449886 0.8581571 0.3433735 0.3875844 0.8554958 0.3383284 0.3818958 0.860052 0.2406321 0.4585018 0.8554953 0.3433697 0.3875863 0.8554963 -0.1239277 0.5027608 0.855496 0.1903966 0.480887 0.8558603 0.1274866 0.4965115 0.8586173 0.2373009 0.452136 0.859803 0.2406387 0.4584957 0.8554967 -0.2406316 0.4585008 0.855496 0.06483168 0.513198 0.8558182 0 0.5117766 0.8591186 0.1223243 0.496295 0.8594929 0.1239281 0.5027622 0.8554952 -0 0.5178103 0.8554955 0.1239182 0.502762 0.8554966 -0.3433756 0.3875819 0.855496 -0.06483206 0.5131978 0.8558183 0 0.5117766 0.8591186 -0 0.5178103 0.8554955 -0.4261499 0.2941487 0.8554956 -0.1239187 0.5027639 0.8554955 -0.1274858 0.4965114 0.8586174 -0.1903976 0.4808865 0.8558604 -0.1239273 0.5027592 0.8554971 -0.1223243 0.496295 0.8594929 -0.4841594 0.1836209 0.8554958 -0.3433765 0.3875829 0.8554953 -0.2406389 0.4584961 0.8554965 -0.2473218 0.4498864 0.8581574 -0.3039218 0.4183127 0.8559474 -0.2373009 0.452136 0.859803 -0.2406323 0.4585022 0.8554951 -0.3433697 0.3875863 0.8554963 -0.3519188 0.3747559 0.8577361 -0.3982401 0.329452 0.8560761 -0.3383284 0.3818958 0.860052 -0.484158 0.1836204 0.8554967 -0.4261484 0.2941477 0.8554966 -0.4261477 0.2941497 0.8554963 -0.4345989 0.2758013 0.8573549 -0.467402 0.219946 0.8562471 -0.4196337 0.2896533 0.8602375 -0.4841594 0.1836184 0.8554963 -0.4765636 0.1807378 0.860361 -0.4900716 0.1592312 0.8570153 -0.5070676 0.09673065 0.8564612 -0.5043631 0.03172763 0.8629085 -0.5140343 0.06241295 0.855496 0.527414 0 -0.8496084 0.9980268 0.06278798 -4.186223e-16 0.9822875 0.1873798 -0 0.9980268 0.06278798 0 0.9822875 0.1873798 0 0.9510559 0.3090187 0 0.9510559 0.3090187 0 0.9048269 0.4257796 0 0.9048269 0.4257796 0 0.8443276 0.5358271 0 0.7705132 0.6374241 -0 0.8443276 0.5358271 0 0.7705132 0.6374241 0 0.6845484 0.7289674 0 0.5877837 0.8090181 -0 0.6845484 0.7289674 0 0.5877837 0.8090181 0 0.4817547 0.8763062 0 0.4817547 0.8763062 0 0.3681238 0.9297767 0 0.3681238 0.9297767 0 0.2486904 0.968583 0 0.2486904 0.968583 0 0.1253334 0.9921147 0 0.1253334 0.9921147 0 -0 1 0 0 1 0 -0.1253342 0.9921145 0 -0.1253342 0.9921145 0 -0.2486889 0.9685833 0 -0.2486889 0.9685833 0 -0.3681259 0.9297759 0 -0.3681259 0.9297759 0 -0.4817521 0.8763075 0 -0.4817521 0.8763075 0 -0.5877866 0.809016 0 -0.5877866 0.809016 0 -0.6845453 0.7289703 0 -0.6845453 0.7289703 0 -0.7705132 0.6374241 0 -0.7705132 0.6374241 0 -0.8443305 0.5358228 0 -0.8443305 0.5358228 0 -0.9048269 0.4257796 0 -0.9048269 0.4257796 0 -0.9510559 0.3090187 0 -0.9510559 0.3090187 0 -0.9822875 0.1873798 0 -0.9822875 0.1873798 0 -0.9980264 0.06279403 0 -0.9980264 0.06279403 0 0.9980267 0.0627913 0 0.9980267 0.0627913 0 0.9822873 0.1873813 0 0.951057 0.3090156 -0 0.9822873 0.1873813 0 0.951057 0.3090156 0 0.9048269 0.4257795 0 0.9048269 0.4257795 0 0.8443286 0.5358257 0 0.8443286 0.5358257 0 0.770514 0.6374231 0 0.770514 0.6374231 0 0.6845487 0.7289672 0 0.5877837 0.8090181 -0 0.6845487 0.7289672 0 0.5877837 0.8090181 0 0.481747 0.8763104 0 0.481747 0.8763104 0 0.3681253 0.9297762 0 0.3681253 0.9297762 0 0.248697 0.9685814 0 0.248697 0.9685814 0 0.125333 0.9921147 -0 0.125333 0.9921147 0 -0 1 0 0 1 0 -0.125333 0.9921147 0 -0.125333 0.9921147 0 -0.248697 0.9685813 0 -0.248697 0.9685813 0 -0.3681252 0.9297763 0 -0.3681252 0.9297763 0 -0.4817471 0.8763103 0 -0.4817471 0.8763103 0 -0.5877837 0.8090181 0 -0.5877837 0.8090181 0 -0.6845487 0.7289672 0 -0.6845487 0.7289672 0 -0.770514 0.6374231 0 -0.770514 0.6374231 0 -0.8443284 0.535826 0 -0.8443284 0.535826 0 -0.9048271 0.4257793 0 -0.9048271 0.4257793 0 -0.9510568 0.3090159 0 -0.9510568 0.3090159 0 -0.9822873 0.1873813 0 -0.9822873 0.1873813 0 -0.9980267 0.06279055 0 -0.9980267 0.06279055 0 0.4841604 0.1836176 0.855496 0.4261489 0.2941496 0.8554959 0.3433754 0.3875819 0.8554961 0.5043637 0.03173228 0.862908 0.5070678 0.09672835 0.8564612 0.4900707 0.1592328 0.8570155 0.5140339 0.06241485 0.8554961 -0.5311981 0.03319988 -0.846597 0.2406314 0.4585008 0.855496 0.4674031 0.2199433 0.8562471 0.4345975 0.2758032 0.8573551 0.4765643 0.1807371 0.8603607 0.4841596 0.1836176 0.8554963 0.4841598 0.1836174 0.8554963 0.1239278 0.5027607 0.855496 0.3982405 0.3294524 0.8560757 0.3519201 0.3747553 0.8577358 0.426148 0.294149 0.8554965 0.4196346 0.289653 0.8602371 0.4261481 0.294149 0.8554965 -0 0.5178086 0.8554966 0.3039212 0.4183134 0.8559473 0.2473226 0.4498862 0.8581572 0.3433763 0.387583 0.8554953 0.3383283 0.3818961 0.8600519 0.3433695 0.3875864 0.8554965 -0.1239277 0.5027606 0.8554961 0.190397 0.4808868 0.8558603 0.1274863 0.4965115 0.8586173 0.2373008 0.4521361 0.859803 0.2406307 0.4584994 0.8554971 0.2406395 0.4584974 0.8554956 -0.2406314 0.4585007 0.8554961 0.06483183 0.5131979 0.8558182 0.1223243 0.496295 0.8594929 0.1239282 0.5027624 0.855495 -0 0.5178103 0.8554955 0.1239183 0.5027622 0.8554966 -0.3433754 0.3875819 0.8554961 0 0.5117765 0.8591186 -0.06483181 0.5131978 0.8558182 0 0.5117766 0.8591186 -0 0.5178103 0.8554955 -0.4261489 0.2941495 0.8554959 -0.1239187 0.5027638 0.8554956 -0.1274864 0.4965114 0.8586172 -0.1903969 0.4808868 0.8558602 -0.1239274 0.5027591 0.8554971 -0.2406307 0.4584994 0.855497 -0.1223243 0.496295 0.8594929 -0.4841602 0.1836179 0.8554959 -0.2473226 0.4498862 0.8581572 -0.3039213 0.4183134 0.8559473 -0.2406395 0.4584974 0.8554956 -0.2373008 0.4521362 0.8598031 -0.3433745 0.387581 0.8554969 -0.3519202 0.3747554 0.8577358 -0.3982405 0.3294524 0.8560757 -0.3433703 0.3875873 0.8554957 -0.3383283 0.381896 0.8600519 -0.4261481 0.2941489 0.8554965 -0.4261481 0.294149 0.8554965 -0.4345974 0.2758033 0.857355 -0.4674031 0.2199432 0.8562471 -0.4196346 0.289653 0.8602371 -0.4841597 0.1836177 0.8554963 -0.4765643 0.1807371 0.8603607 -0.4900707 0.159233 0.8570155 -0.5070677 0.09672834 0.8564613 -0.5043637 0.03173189 0.8629081 -0.5140339 0.06241475 0.8554961 -0.4841597 0.1836176 0.8554963 0.5236866 -0.01630153 -0.851755 0.9980268 0.06279057 0 0.9980268 0.06279057 0 0.9822873 0.1873811 0 0.9822873 0.1873811 0 0.9510566 0.309017 0 0.9510566 0.309017 0 0.9048269 0.4257796 0 0.9048269 0.4257796 0 0.8443283 0.5358262 0 0.8443283 0.5358262 0 0.7705127 0.6374246 0 0.6845469 0.7289688 -0 0.7705127 0.6374246 0 0.6845469 0.7289688 0 0.5877854 0.8090169 0 0.4817541 0.8763065 -0 0.5877854 0.8090169 0 0.4817541 0.8763065 0 0.3681238 0.9297768 0 0.3681238 0.9297768 0 0.2486913 0.9685828 0 0.2486913 0.9685828 0 0.125333 0.9921148 0 0.125333 0.9921148 0 -0 1 0 0 1 0 -0.125333 0.9921148 0 -0.125333 0.9921148 0 -0.2486913 0.9685828 0 -0.2486913 0.9685828 0 -0.3681238 0.9297768 0 -0.3681238 0.9297768 0 -0.4817541 0.8763065 0 -0.4817541 0.8763065 0 -0.5877856 0.8090168 0 -0.5877856 0.8090168 0 -0.6845471 0.7289687 0 -0.6845471 0.7289687 0 -0.7705126 0.6374248 0 -0.7705126 0.6374248 0 -0.8443284 0.5358261 0 -0.8443284 0.5358261 0 -0.9048268 0.4257796 0 -0.9048268 0.4257796 0 -0.9510567 0.3090164 0 -0.9510567 0.3090164 0 -0.9822872 0.1873815 0 -0.9822872 0.1873815 0 -0.9980268 0.06279055 0 -0.9980268 0.06279055 0 0.4841602 0.1836175 0.8554961 0.4261484 0.2941494 0.8554961 0.3433705 0.3875864 0.8554961 0.5043636 0.03173189 0.8629081 0.5070675 0.09672817 0.8564614 0.4900701 0.1592334 0.8570158 0.5140339 0.0624151 0.855496 0.5105388 0 0.8598548 0.2406387 0.4584969 0.855496 0.4674028 0.2199432 0.8562474 0.434597 0.2758032 0.8573552 0.476564 0.1807367 0.860361 0.4841603 0.1836176 0.8554961 0.4841603 0.1836175 0.855496 0.1239197 0.5027626 0.8554962 0.3982397 0.3294531 0.8560758 0.3519192 0.3747561 0.8577358 0.4261488 0.2941492 0.855496 0.4196344 0.2896527 0.8602374 0.4261485 0.2941495 0.855496 -0 0.5178092 0.8554961 0.3039225 0.4183132 0.855947 0.2473265 0.4498848 0.8581569 0.3433705 0.3875864 0.8554961 0.3383297 0.3818956 0.8600516 0.343371 0.3875861 0.855496 -0.1239197 0.5027626 0.8554961 0.1903958 0.4808862 0.8558609 0.1274832 0.4965112 0.8586179 0.2372992 0.4521358 0.8598036 0.2406389 0.4584972 0.8554959 0.2406381 0.4584973 0.855496 -0.2406389 0.4584968 0.8554961 0.06483185 0.5131982 0.855818 0.1223255 0.4962949 0.8594927 0.1239197 0.502763 0.8554959 0.1239197 0.502763 0.8554959 -0.3433702 0.3875866 0.8554961 0 0.5117768 0.8591185 -0.06483185 0.5131982 0.855818 0 0.5117768 0.8591185 -0 0.5178096 0.8554959 -0 0.5178096 0.8554959 -0.4261486 0.294149 0.8554961 -0.1239197 0.502763 0.855496 -0.1274832 0.4965112 0.8586179 -0.1903958 0.4808862 0.8558609 -0.1239197 0.502763 0.8554959 -0.1223255 0.496295 0.8594928 -0.4841602 0.1836175 0.8554961 -0.3433702 0.3875866 0.8554961 -0.2406382 0.4584974 0.8554959 -0.2473265 0.4498847 0.8581569 -0.3039225 0.4183131 0.855947 -0.2372994 0.4521358 0.8598036 -0.2406389 0.4584968 0.855496 -0.3433709 0.3875862 0.855496 -0.3519193 0.3747561 0.8577358 -0.3982397 0.3294532 0.8560758 -0.3383296 0.3818957 0.8600516 -0.4261488 0.2941491 0.855496 -0.4261488 0.2941491 0.855496 -0.434597 0.2758032 0.8573553 -0.4674028 0.2199433 0.8562474 -0.4196345 0.2896526 0.8602373 -0.4841603 0.1836175 0.855496 -0.476564 0.1807366 0.8603609 -0.4900702 0.1592331 0.8570158 -0.5070675 0.0967284 0.8564615 -0.5043635 0.03173188 0.8629082 -0.5140339 0.06241517 0.855496 -0.5263546 0 0.8502651 -0.4841603 0.1836175 0.855496 0.9980267 0.0627913 0 0.9980267 0.0627913 0 0.9822873 0.1873813 0 0.9822873 0.1873813 0 0.951057 0.3090156 0 0.951057 0.3090156 0 0.9048269 0.4257795 0 0.9048269 0.4257795 0 0.8443286 0.5358257 0 0.8443286 0.5358257 0 0.770514 0.6374231 0 0.770514 0.6374231 0 0.6845487 0.7289672 0 0.6845487 0.7289672 0 0.5877837 0.8090181 0 0.5877837 0.8090181 0 0.481747 0.8763104 0 0.481747 0.8763104 0 0.3681253 0.9297762 0 0.248697 0.9685814 -0 0.3681253 0.9297762 0 0.248697 0.9685814 0 0.125333 0.9921147 0 0.125333 0.9921147 0 0 1 0 -0 1 0 -0.125333 0.9921147 0 -0.125333 0.9921147 0 -0.248697 0.9685813 0 -0.248697 0.9685813 0 -0.3681252 0.9297763 0 -0.3681252 0.9297763 0 -0.4817471 0.8763103 0 -0.4817471 0.8763103 0 -0.5877837 0.8090181 0 -0.5877837 0.8090181 0 -0.6845487 0.7289672 0 -0.6845487 0.7289672 0 -0.770514 0.6374231 0 -0.770514 0.6374231 0 -0.8443284 0.535826 0 -0.8443284 0.535826 0 -0.9048271 0.4257793 0 -0.9048271 0.4257793 0 -0.9510568 0.3090159 0 -0.9510568 0.3090159 0 -0.9822873 0.1873813 0 -0.9822873 0.1873813 0 -0.9980267 0.06279055 0 -0.9980267 0.06279055 0 0.4841604 0.1836176 0.855496 0.4261489 0.2941496 0.8554959 0.3433754 0.3875819 0.8554961 0.5043637 0.03173228 0.862908 0.5070678 0.09672835 0.8564612 0.4900707 0.1592328 0.8570155 0.5140339 0.06241485 0.8554961 -0.5311981 0.03319988 -0.846597 0.2406314 0.4585008 0.855496 0.4674031 0.2199433 0.8562471 0.4345975 0.2758032 0.8573551 0.4765643 0.1807371 0.8603607 0.4841596 0.1836176 0.8554963 0.4841598 0.1836174 0.8554963 0.1239278 0.5027607 0.855496 0.3982405 0.3294524 0.8560757 0.3519201 0.3747553 0.8577358 0.426148 0.294149 0.8554965 0.4196346 0.289653 0.8602371 0.4261481 0.294149 0.8554965 -0 0.5178086 0.8554966 0.3039212 0.4183134 0.8559473 0.2473226 0.4498862 0.8581572 0.3433763 0.387583 0.8554953 0.3383283 0.3818961 0.8600519 0.3433695 0.3875864 0.8554965 -0.1239277 0.5027606 0.8554961 0.190397 0.4808868 0.8558603 0.1274863 0.4965115 0.8586173 0.2373008 0.4521361 0.859803 0.2406307 0.4584994 0.8554971 0.2406395 0.4584974 0.8554956 -0.2406314 0.4585007 0.8554961 0.06483183 0.5131979 0.8558182 0.1223243 0.496295 0.8594929 0.1239282 0.5027624 0.855495 -0 0.5178103 0.8554955 0.1239183 0.5027622 0.8554966 -0.3433754 0.3875819 0.8554961 0 0.5117765 0.8591186 -0.06483181 0.5131978 0.8558182 0 0.5117766 0.8591186 -0 0.5178103 0.8554955 -0.4261489 0.2941495 0.8554959 -0.1239187 0.5027638 0.8554956 -0.1274864 0.4965114 0.8586172 -0.1903969 0.4808868 0.8558602 -0.1239274 0.5027591 0.8554971 -0.2406307 0.4584994 0.855497 -0.1223243 0.496295 0.8594929 -0.4841602 0.1836179 0.8554959 -0.2473226 0.4498862 0.8581572 -0.3039213 0.4183134 0.8559473 -0.2406395 0.4584974 0.8554956 -0.2373008 0.4521362 0.8598031 -0.3433745 0.387581 0.8554969 -0.3519202 0.3747554 0.8577358 -0.3982405 0.3294524 0.8560757 -0.3433703 0.3875873 0.8554957 -0.3383283 0.381896 0.8600519 -0.4261481 0.2941489 0.8554965 -0.4261481 0.294149 0.8554965 -0.4345974 0.2758033 0.857355 -0.4674031 0.2199432 0.8562471 -0.4196346 0.289653 0.8602371 -0.4841597 0.1836177 0.8554963 -0.4765643 0.1807371 0.8603607 -0.4900707 0.159233 0.8570155 -0.5070677 0.09672834 0.8564613 -0.5043637 0.03173189 0.8629081 -0.5140339 0.06241475 0.8554961 -0.4841597 0.1836176 0.8554963 0.5236866 -0.01630153 -0.851755 0.9980269 0.06278803 0 0.9980269 0.06278803 0 0.9822872 0.187382 0 0.9822872 0.187382 0 0.9510562 0.309018 0 0.9510562 0.309018 0 0.9048263 0.4257807 0 0.9048263 0.4257807 0 0.8443288 0.5358255 0 0.8443288 0.5358255 0 0.7705132 0.637424 0 0.6845478 0.728968 -0 0.7705132 0.637424 0 0.6845478 0.728968 0 0.5877851 0.8090171 0 0.4817536 0.8763068 -0 0.5877851 0.8090171 0 0.4817536 0.8763068 0 0.3681264 0.9297758 0 0.3681264 0.9297758 0 0.248687 0.9685839 0 0.248687 0.9685839 0 0.1253325 0.9921147 0 0.1253325 0.9921147 0 -0 1 0 0 1 0 -0.1253332 0.9921147 0 -0.1253332 0.9921147 0 -0.248687 0.9685839 0 -0.248687 0.9685839 0 -0.3681246 0.9297764 0 -0.3681246 0.9297764 0 -0.4817536 0.8763068 0 -0.4817536 0.8763068 0 -0.5877851 0.8090171 0 -0.5877851 0.8090171 0 -0.6845478 0.728968 0 -0.6845478 0.728968 0 -0.7705157 0.637421 0 -0.7705157 0.637421 0 -0.8443265 0.5358291 0 -0.8443265 0.5358291 0 -0.9048284 0.4257766 0 -0.9048284 0.4257766 0 -0.9510562 0.309018 0 -0.9510562 0.309018 0 -0.9822872 0.187382 0 -0.9822872 0.187382 0 -0.9980269 0.06278803 0 -0.9980269 0.06278803 0 0.4841613 0.1836166 0.8554956 0.4261482 0.2941512 0.8554957 0.3433743 0.3875835 0.8554959 0.5043637 0.03173061 0.8629081 0.5070677 0.0967287 0.8564612 0.4900703 0.159234 0.8570154 0.5140342 0.06241423 0.855496 -0.4291679 0.8363271 -0.3411334 0.2406363 0.4584983 0.855496 0.4674028 0.219944 0.8562472 0.4345975 0.275803 0.8573551 0.4765639 0.180738 0.8603607 0.4841591 0.1836186 0.8554965 0.4841607 0.1836164 0.8554961 0.1239189 0.5027631 0.8554959 0.3982404 0.3294531 0.8560755 0.3519201 0.3747561 0.8577355 0.4261491 0.2941483 0.8554962 0.4196353 0.2896522 0.8602371 0.4261469 0.2941502 0.8554967 -0 0.5178095 0.8554959 0.3039222 0.4183132 0.8559471 0.2473262 0.4498848 0.858157 0.3433746 0.3875839 0.8554955 0.3383285 0.3818966 0.8600516 0.3433693 0.3875866 0.8554965 -0.1239169 0.5027634 0.855496 0.1903972 0.4808857 0.8558609 0.127481 0.4965116 0.858618 0.2373001 0.4521357 0.8598035 0.2406362 0.458498 0.8554962 0.1239188 0.5027629 0.855496 0.2406389 0.4584973 0.8554958 -0.2406378 0.458497 0.8554963 0.06483173 0.5131989 0.8558176 0.1223258 0.4962955 0.8594924 0.1239197 0.5027624 0.8554962 -0.3433718 0.3875847 0.8554963 0 0.5117775 0.859118 -0.06483206 0.5131989 0.8558177 0 0.5117775 0.859118 -0 0.5178088 0.8554964 -0 0.5178089 0.8554963 -0.4261494 0.2941479 0.8554962 -0.1239197 0.5027622 0.8554963 -0.127481 0.4965116 0.858618 -0.1903963 0.4808859 0.8558609 -0.123917 0.5027637 0.8554959 -0.2406381 0.4584976 0.8554959 -0.1223258 0.4962955 0.8594924 -0.484159 0.1836198 0.8554963 -0.2473262 0.4498848 0.858157 -0.3039222 0.4183132 0.855947 -0.2372991 0.4521359 0.8598036 -0.240638 0.4584976 0.855496 -0.3433714 0.3875844 0.8554966 -0.3519201 0.3747561 0.8577355 -0.3982418 0.3294517 0.8560753 -0.3433697 0.387587 0.8554961 -0.3383285 0.3818966 0.8600516 -0.4261494 0.2941479 0.8554962 -0.4261497 0.2941467 0.8554964 -0.4345958 0.2758045 0.8573555 -0.4674034 0.2199416 0.8562475 -0.4196366 0.2896511 0.8602369 -0.4841587 0.1836197 0.8554964 -0.4765635 0.1807399 0.8603606 -0.490071 0.1592343 0.8570151 -0.5070685 0.09672883 0.8564608 -0.5043644 0.03173065 0.8629077 -0.514034 0.06241136 0.8554962 0.5275334 0 -0.8495343 -0.4841587 0.1836205 0.8554963 -0.9980267 0.06279089 0 -0.9822869 0.1873832 0 -0.9980267 0.06279089 0 -0.9510568 0.3090161 0 -0.9822869 0.1873832 0 -0.9048272 0.425779 0 -0.9510568 0.3090161 0 -0.8443273 0.5358278 0 -0.9048272 0.425779 0 -0.7705136 0.6374236 0 -0.8443273 0.5358278 0 -0.6845458 0.7289698 0 -0.7705136 0.6374236 0 -0.5877856 0.8090168 0 -0.6845458 0.7289698 0 -0.4817544 0.8763062 0 -0.5877856 0.8090168 0 -0.4817544 0.8763062 0 -0.3681256 0.9297761 0 -0.2486879 0.9685836 0 -0.3681256 0.9297761 0 -0.2486879 0.9685836 0 -0.125333 0.9921147 0 -0.125333 0.9921147 0 0 1 0 0 1 0 0.125333 0.9921147 0 0.125333 0.9921147 0 0.2486879 0.9685836 0 0.2486879 0.9685836 0 0.3681256 0.9297761 -0 0.3681256 0.9297761 0 0.4817544 0.8763062 0 0.4817544 0.8763062 0 0.5877856 0.8090168 0 0.5877856 0.8090168 0 0.6845458 0.7289698 -0 0.6845458 0.7289698 0 0.7705136 0.6374236 -0 0.7705136 0.6374236 0 0.8443298 0.5358239 0 0.8443298 0.5358239 0 0.9048251 0.4257835 0 0.9048251 0.4257835 0 0.9510568 0.3090161 -0 0.9510568 0.3090161 0 0.9822879 0.1873778 -0 0.9822879 0.1873778 0 0.9980267 0.06279089 0 0.9980267 0.06279089 0 -0.9980267 0.06279089 0 -0.9822874 0.1873805 0 -0.9980267 0.06279089 0 -0.9510564 0.3090174 0 -0.9822874 0.1873805 0 -0.9048277 0.4257779 0 -0.9510564 0.3090174 0 -0.8443271 0.5358281 0 -0.9048277 0.4257779 0 -0.770514 0.637423 0 -0.8443271 0.5358281 0 -0.6845465 0.7289692 0 -0.770514 0.637423 0 -0.5877838 0.809018 0 -0.6845465 0.7289692 0 -0.4817533 0.8763069 0 -0.5877838 0.809018 0 -0.4817533 0.8763069 0 -0.3681279 0.9297752 0 -0.2486885 0.9685836 0 -0.3681279 0.9297752 0 -0.2486885 0.9685836 0 -0.125333 0.9921147 0 -0.125333 0.9921147 0 0 1 0 0 1 0 0.125333 0.9921147 0 0.125333 0.9921147 0 0.2486889 0.9685834 0 0.2486889 0.9685834 0 0.3681279 0.9297752 -0 0.3681279 0.9297752 0 0.481753 0.8763071 0 0.481753 0.8763071 0 0.5877838 0.809018 0 0.5877838 0.809018 0 0.6845465 0.7289692 -0 0.6845465 0.7289692 0 0.7705144 0.6374226 -0 0.7705144 0.6374226 0 0.8443271 0.5358281 0 0.8443271 0.5358281 0 0.9048274 0.4257785 0 0.9048274 0.4257785 0 0.9510566 0.3090168 -0 0.9510566 0.3090168 0 0.9822873 0.1873808 -0 0.9822873 0.1873808 0 0.9980267 0.06279089 0 0.9980267 0.06279089 0 -0.9980267 0.06279089 0 -0.9822874 0.1873805 0 -0.9980267 0.06279089 0 -0.9510564 0.3090174 0 -0.9822874 0.1873805 0 -0.9048277 0.4257779 0 -0.9510564 0.3090174 0 -0.8443271 0.5358281 0 -0.9048277 0.4257779 0 -0.7705117 0.6374257 0 -0.8443271 0.5358281 0 -0.6845494 0.7289665 0 -0.7705117 0.6374257 0 -0.5877838 0.809018 0 -0.6845494 0.7289665 0 -0.4817533 0.8763069 0 -0.5877838 0.809018 0 -0.4817533 0.8763069 0 -0.3681279 0.9297752 0 -0.2486885 0.9685836 0 -0.3681279 0.9297752 0 -0.2486885 0.9685836 0 -0.125333 0.9921147 0 -0.125333 0.9921147 0 0 1 0 0 1 0 0.125333 0.9921147 0 0.125333 0.9921147 0 0.2486889 0.9685834 0 0.2486889 0.9685834 0 0.3681279 0.9297752 -0 0.3681279 0.9297752 0 0.481753 0.8763071 0 0.481753 0.8763071 0 0.5877838 0.809018 0 0.5877838 0.809018 0 0.6845494 0.7289665 -0 0.6845494 0.7289665 0 0.7705121 0.6374254 -0 0.7705121 0.6374254 0 0.8443271 0.5358281 0 0.8443271 0.5358281 0 0.9048274 0.4257785 0 0.9048274 0.4257785 0 0.9510566 0.3090168 -0 0.9510566 0.3090168 0 0.9822873 0.1873808 -0 0.9822873 0.1873808 0 0.9980267 0.06279089 0 0.9980267 0.06279089 0 -0.9980267 0.06279055 0 -0.9822869 0.1873832 0 -0.9980267 0.06279055 0 -0.9510562 0.3090177 0 -0.9822869 0.1873832 0 -0.9048282 0.4257768 0 -0.9510562 0.3090177 0 -0.8443264 0.535829 0 -0.9048282 0.4257768 0 -0.7705147 0.6374222 0 -0.8443264 0.535829 0 -0.6845444 0.7289712 0 -0.7705147 0.6374222 0 -0.5877874 0.8090155 0 -0.6845444 0.7289712 0 -0.4817544 0.8763062 0 -0.5877874 0.8090155 0 -0.4817544 0.8763062 0 -0.3681232 0.9297771 0 -0.2486879 0.9685836 0 -0.3681232 0.9297771 0 -0.2486879 0.9685836 0 -0.125333 0.9921147 0 -0.125333 0.9921147 0 0 1 0 0 1 0 0.125333 0.9921147 0 0.125333 0.9921147 0 0.2486879 0.9685836 0 0.2486879 0.9685836 0 0.3681232 0.9297771 -0 0.3681232 0.9297771 0 0.4817544 0.8763062 0 0.4817544 0.8763062 0 0.5877874 0.8090155 0 0.5877874 0.8090155 0 0.6845444 0.7289712 -0 0.6845444 0.7289712 0 0.7705147 0.6374222 -0 0.7705147 0.6374222 0 0.844329 0.5358251 0 0.844329 0.5358251 0 0.9048261 0.4257813 0 0.9048261 0.4257813 0 0.9510562 0.3090177 -0 0.9510562 0.3090177 0 0.9822879 0.1873778 -0 0.9822879 0.1873778 0 0.9980267 0.06279055 0 0.9980267 0.06279055 0 -1 -0 -0 -1 0 0 0 1 0 0 1 -0 0 1 -0 0 1 0 0 -1 0 0 -1 0 0 -1 0 0 -1 0 -1 -0 -0 -1 0 0 0.9980267 -0.06279089 0 0.9980267 -0.06279089 0 0.9822879 -0.1873778 0 0.9822879 -0.1873778 0 0.9510568 -0.3090161 0 0.9510568 -0.3090161 0 0.9048251 -0.4257835 0 0.9048251 -0.4257835 0 0.8443298 -0.5358239 0 0.8443298 -0.5358239 0 0.7705136 -0.6374236 0 0.7705136 -0.6374236 0 0.6845458 -0.7289698 0 0.6845458 -0.7289698 0 0.5877856 -0.8090168 0 0.5877856 -0.8090168 0 0.4817544 -0.8763062 0 0.4817544 -0.8763062 0 0.3681256 -0.9297761 0 0.3681256 -0.9297761 0 0.2486879 -0.9685836 0 0.2486879 -0.9685836 0 0.125333 -0.9921147 0 0.125333 -0.9921147 0 0 -1 0 0 -1 0 -0.125333 -0.9921147 0 -0.125333 -0.9921147 0 -0.2486879 -0.9685836 0 -0.2486879 -0.9685836 0 -0.3681256 -0.9297761 0 -0.3681256 -0.9297761 0 -0.4817544 -0.8763062 0 -0.4817544 -0.8763062 0 -0.5877856 -0.8090168 0 -0.5877856 -0.8090168 0 -0.6845458 -0.7289698 0 -0.6845458 -0.7289698 0 -0.7705136 -0.6374236 0 -0.7705136 -0.6374236 0 -0.8443273 -0.5358278 0 -0.8443273 -0.5358278 0 -0.9048272 -0.425779 0 -0.9048272 -0.425779 0 -0.9510568 -0.3090161 0 -0.9510568 -0.3090161 0 -0.9822869 -0.1873832 -0 -0.9822869 -0.1873832 0 -0.9980267 -0.06279089 -0 -0.9980267 -0.06279089 0 0.9980267 -0.06279089 0 0.9980267 -0.06279089 0 0.9822873 -0.1873808 0 0.9822873 -0.1873808 0 0.9510566 -0.3090168 0 0.9510566 -0.3090168 0 0.9048274 -0.4257785 0 0.9048274 -0.4257785 0 0.8443271 -0.5358281 0 0.8443271 -0.5358281 0 0.7705144 -0.6374226 0 0.7705144 -0.6374226 0 0.6845465 -0.7289692 0 0.6845465 -0.7289692 0 0.5877838 -0.809018 0 0.5877838 -0.809018 0 0.481753 -0.8763071 0 0.481753 -0.8763071 0 0.3681279 -0.9297752 0 0.3681279 -0.9297752 0 0.2486889 -0.9685834 0 0.2486889 -0.9685834 0 0.125333 -0.9921147 0 0.125333 -0.9921147 0 0 -1 0 0 -1 0 -0.125333 -0.9921147 0 -0.125333 -0.9921147 0 -0.2486885 -0.9685836 0 -0.2486885 -0.9685836 0 -0.3681279 -0.9297752 0 -0.3681279 -0.9297752 0 -0.4817533 -0.8763069 0 -0.4817533 -0.8763069 0 -0.5877838 -0.809018 0 -0.5877838 -0.809018 0 -0.6845465 -0.7289692 0 -0.6845465 -0.7289692 0 -0.770514 -0.637423 0 -0.770514 -0.637423 0 -0.8443271 -0.5358281 0 -0.8443271 -0.5358281 0 -0.9048277 -0.4257779 0 -0.9048277 -0.4257779 0 -0.9510564 -0.3090174 0 -0.9510564 -0.3090174 0 -0.9822874 -0.1873805 -0 -0.9822874 -0.1873805 0 -0.9980267 -0.06279089 -0 -0.9980267 -0.06279089 0 0.9980267 -0.06279089 0 0.9980267 -0.06279089 0 0.9822873 -0.1873808 0 0.9822873 -0.1873808 0 0.9510566 -0.3090168 0 0.9510566 -0.3090168 0 0.9048274 -0.4257785 0 0.9048274 -0.4257785 0 0.8443271 -0.5358281 0 0.8443271 -0.5358281 0 0.7705121 -0.6374254 0 0.7705121 -0.6374254 0 0.6845494 -0.7289665 0 0.6845494 -0.7289665 0 0.5877838 -0.809018 0 0.5877838 -0.809018 0 0.481753 -0.8763071 0 0.481753 -0.8763071 0 0.3681279 -0.9297752 0 0.3681279 -0.9297752 0 0.2486889 -0.9685834 0 0.2486889 -0.9685834 0 0.125333 -0.9921147 0 0.125333 -0.9921147 0 0 -1 0 0 -1 0 -0.125333 -0.9921147 0 -0.125333 -0.9921147 0 -0.2486885 -0.9685836 0 -0.2486885 -0.9685836 0 -0.3681279 -0.9297752 0 -0.3681279 -0.9297752 0 -0.4817533 -0.8763069 0 -0.4817533 -0.8763069 0 -0.5877838 -0.809018 0 -0.5877838 -0.809018 0 -0.6845494 -0.7289665 0 -0.6845494 -0.7289665 0 -0.7705117 -0.6374257 0 -0.7705117 -0.6374257 0 -0.8443271 -0.5358281 0 -0.8443271 -0.5358281 0 -0.9048277 -0.4257779 0 -0.9048277 -0.4257779 0 -0.9510564 -0.3090174 0 -0.9510564 -0.3090174 0 -0.9822874 -0.1873805 -0 -0.9822874 -0.1873805 0 -0.9980267 -0.06279089 -0 -0.9980267 -0.06279089 0 0.9980267 -0.06279055 0 0.9980267 -0.06279055 0 0.9822879 -0.1873778 0 0.9822879 -0.1873778 0 0.9510562 -0.3090177 0 0.9510562 -0.3090177 0 0.9048261 -0.4257813 0 0.9048261 -0.4257813 0 0.844329 -0.5358251 0 0.844329 -0.5358251 0 0.7705147 -0.6374222 0 0.7705147 -0.6374222 0 0.6845444 -0.7289712 0 0.6845444 -0.7289712 0 0.5877874 -0.8090155 0 0.5877874 -0.8090155 0 0.4817544 -0.8763062 0 0.4817544 -0.8763062 0 0.3681232 -0.9297771 0 0.3681232 -0.9297771 0 0.2486879 -0.9685836 0 0.2486879 -0.9685836 0 0.125333 -0.9921147 0 0.125333 -0.9921147 0 0 -1 0 0 -1 0 -0.125333 -0.9921147 0 -0.125333 -0.9921147 0 -0.2486879 -0.9685836 0 -0.2486879 -0.9685836 0 -0.3681232 -0.9297771 0 -0.3681232 -0.9297771 0 -0.4817544 -0.8763062 0 -0.4817544 -0.8763062 0 -0.5877874 -0.8090155 0 -0.5877874 -0.8090155 0 -0.6845444 -0.7289712 0 -0.6845444 -0.7289712 0 -0.7705147 -0.6374222 0 -0.7705147 -0.6374222 0 -0.8443264 -0.535829 0 -0.8443264 -0.535829 0 -0.9048282 -0.4257768 0 -0.9048282 -0.4257768 0 -0.9510562 -0.3090177 0 -0.9510562 -0.3090177 0 -0.9822869 -0.1873832 -0 -0.9822869 -0.1873832 0 -0.9980267 -0.06279055 -0 -0.9980267 -0.06279055 0 0 0 1 0 0 1 0 0 1 0 0 1 0 0 1 0 0 1 0 0 1 0 0 1 0 0 1 0 0 1 0 0 1 0 0 1 0 0 1 0 0 1 0 0 1 0 0 1 0 0 1 0 0 1 0 0 1 0 0 1 0 0 1 0 0 1 0 0 1 0 0 1 0 0 1 0 0 1 0 0 1 0 0 1 0 0 1 0 0 1 0 0 1 0 0 1 0 0 1 0 0 1 0 0 1 0 0 1 0 0 1 0 0 1 0 0 1 0 0 1 0 0 1 0 0 1 0 0 1 0 0 1 0 0 1 0 0 1 0 0 1 0 0 1 0 0 1 0 0 1 0 0 1 0 0 1 0 0 1 0 0 1 0 0 1 0 0 1 0 0 1 0 0 1 0 0 1 0 0 1 0 0 1 0 0 1 0 0 1 0 0 1 0 0 1 0 0 1 0 0 1 0 0 1 0 0 1 0 0 1 0 0 1 0 0 1 0 0 1 0 0 1 0 0 1 0 0 1 0 0 1 0 0 1 0 0 1 0 0 1 0 0 1 0 0 1 0 0 1 0 0 1 0 0 1 0 0 1 0 0 1 0 0 1 0 0 1 0 0 1 0 0 1 0 0 1 0 0 1 0 0 1 0 0 1 0 0 1 0 0 1 0 0 1 0 0 1 0 0 1 0 0 1 0 0 1 0 0 1 0 0 1 0 0 1 0 0 1 0 0 1 0 0 1 0 0 1 0 0 1 0 0 1 0 0 1 0 0 1 0 0 1 0 0 1 0 0 1 0 0 1 0 0 1 0 0 1 0 0 1 0 0 1 0 0 1 0 0 1 0 0 1 0 0 1 0 0 1 0 0 1 0 0 1 0 0 1 0 0 1 0 0 1 0 0 1 0 0 1 0 0 1 0 0 1 0 0 1 0 0 1 0 0 1 0 0 1 0 0 1 0 0 1 0 0 1 0 0 1 0 0 1 0 0 1 0 0 1 0 0 1 0 0 1 0 0 1 0 0 1 0 0 1 0 0 1 0 0 1 0 0 1 0 0 1 0 0 1 0 0 1 0 0 1 0 0 1 0 0 1 0 0 1 0 0 1 0 0 1 0 0 1 0 0 1 0 0 1 0 0 1 0 0 1 0 0 1 0 0 1 0 0 1 0 0 1 0 0 1 0 0 1 0 0 1 0 0 1 0 0 1 0 0 1 0 0 1 0 0 1 0 0 1 0 0 1 0 0 1 0 0 1 0 0 1 0 0 1 0 0 1 0 0 1 0 0 1 0 0 1 0 0 1 0 0 1 0 0 1 0 0 1 0 0 1 0 0 1 0 0 1 0 0 1 0 0 1 0 0 1 0 0 1 0 0 1 0 0 1 0 0 1 0 0 1 0 0 1 0 0 1 0 0 1 0 0 1 0 0 1 0 0 1 0 0 1 0 0 1 0 0 1 0 0 1 0 0 1 0 0 1 0 0 1 0 0 1 0 0 1 0 0 1 0 0 1 0 0 1 0 0 1 0 0 1 0 0 1 0 0 1 0 0 1 0 0 1 0 0 1 0 0 1 0 0 1 0 0 1 0 0 1 0 0 1 0 0 1 0 0 1 0 0 1 0 0 1 0 0 1 0 0 1 0 0 1 0 0 1 0 0 1 0 0 1 0 0 1 0 0 1 0 0 1 0 0 1 0 0 1 0 0 1 0 0 1 0 0 1 0 0 1 0 0 1 0 0 1 0 0 1 0 0 1 0 0 1 0 0 1 0 0 1 0 0 1 0 0 1 0 0 1 0 0 1 0 0 1 0 0 1 0 0 1 0 0 1 0 0 1 0 0 1 0 0 1 0 0 1 0 0 1 0 0 1 0 0 1 0 0 1 0 0 1 0 0 1 0 0 1 0 0 1 0 0 1 0 0 1 0 0 1 0 0 1 0 0 1 0 0 1 0 0 1 0 0 1 0 0 1 0 0 1 0 0 1 0 0 1 0 0 1 0 0 1 0 0 1 0 0 1 0 0 1 0 0 1 0 0 1 0 0 1 0 0 1 0 0 1 0 0 1 0 0 1 0 0 1 0 0 1 0 0 1 0 0 1 0 0 1 0 0 1 0 0 1 0 0 1 0 0 1 0 0 1 0 0 1 0 0 1 0 0 1 0 0 1 0 0 1 0 0 1 0 0 1 0 0 1 0 0 1 0 0 1 0 0 1 0 0 1 0 0 1 0 0 1 0 0 1 0 0 1 0 0 1 0 0 1 0 0 1 0 0 1 0 0 1 0 0 1 0 0 1 0 0 1 0 0 1 0 0 1 0 0 1 0 0 1 0 0 1 0 0 1 0 0 1 0 0 1 0 0 1 0 0 1 0 0 1 0 0 1 0 0 1 0 0 1 0 0 1 0 0 1 0 0 1 0 0 1 0 0 1 0 0 1 0 0 1 0 0 1 0 0 1 0 0 1 0 0 1 0 0 1 0 0 1 0 0 1 0 0 1 0 0 1 0 0 1 0 0 1 0 0 1 0 0 1 0 0 1 0 0 1 0 0 1 0 0 1 0 0 1 0 0 1 0 0 1 0 0 1 0 0 1 0 0 1 0 0 1 0 0 1 0 0 1 0 0 1 0 0 1 0 0 1 0 0 1 0 0 1 0 0 1 0 0 1 0 0 1 0 0 1 0 0 1 0 0 1 0 0 1 0 0 1 0 0 1 0 0 1 0 0 1 0 0 1 0 0 1 0 0 1 0 0 1 0 0 1 0 0 1 0 0 1 0 0 1 0 0 1 0 0 1 0 0 1 0 0 1 0 0 1 0 0 1 0 0 1 0 0 1 0 0 1 0 0 1 0 0 1 0 0 1 0 0 1 0 0 1 0 0 1 0 0 1 0 0 1 0 0 1 0 0 1 0 0 1 0 0 1 0 0 1 0 0 1 0 0 1 0 0 1 0 0 1 0 0 1 0 0 1 0 0 1 0 0 1 0 0 1 0 0 1 0 0 1 0 0 1 0 0 1 0 0 1 0 0 1 0 0 1 0 0 1 0 0 1 0 0 1 0 0 1 0 0 1 0 0 1 0 0 1 0 0 1 0 0 1 0 0 1 0 0 1 0 0 1 0 0 1 0 0 1 0 0 1 0 0 1 0 0 1 0 0 1 0 0 1 0 0 1 0 0 1 0 0 1 0 0 1 0 0 1 0 0 1 0 0 1 0 0 1 0 0 1 0 0 1 0 0 1 0 0 1 0 0 1 0 0 1 0 0 1 0 0 1 0 0 1 0 0 1 0 0 1 0 0 1 0 0 1 0 0 1 0 0 1 0 0 1 0 0 1 0 0 1 0 0 1 0 0 1 0 0 1 0 0 1 0 0 1 0 0 1 0 0 1 0 0 1 0 0 1 0 0 1 0 0 1 0 0 1 0 0 1 0 0 1 0 0 1 0 0 1 0 0 1 0 0 1 0 0 1 0 0 1 0 0 1 0 0 1 0 0 1 0 0 1 0 0 1 0 0 1 0 0 1 0 0 1 0 0 1 0 0 1 0 0 1 0 0 1 0 0 1 0 0 1 0 0 1 0 0 1 0 0 1 0 0 1 0 0 1 0 0 1 0 0 1 0 0 1 0 0 1 0 0 1 0 0 1 0 0 1 0 0 1 0 0 1 0 0 1 0 0 1 0 0 1 0 0 1 0 0 1 0 0 1 0 0 1 0 0 1 0 0 1 0 0 1 0 0 1 0 0 1 0 0 1 0 0 1 0 0 1 0 0 1 0 0 1 0 0 1 0 0 1 0 0 1 0 0 1 0 0 1 0 0 1 0 0 1 0 0 1 0 0 1 0 0 1 0 0 1 0 0 1 0 0 1 0 0 1 0 0 1 0 0 1 0 0 1 0 0 1 0 0 1 0 0 1 0 0 1 0 0 1 0 0 1 0 0 1 0 0 1 0 0 1 0 0 1 0 0 1 0 0 1 0 0 1 0 0 1 0 0 1 0 0 1 0 0 1 0 0 1 0 0 1 0 0 1 0 0 1 0 0 1 0 0 1 0 0 1 0 0 1 0 0 1 0 0 1 0 0 1 0 0 1 0 0 1 0 0 1 0 0 1 0 0 1 0 0 1 0 0 1 0 0 1 0 0 1 0 0 1 0 0 1 0 0 1 0 0 1 0 0 1 0 0 1 0 0 1 0 0 1 0 0 1 0 0 1 0 0 1 0 0 1 0 0 1 0 0 1 0 0 1 0 0 1 0 0 1 0 0 1 0 0 1 0 0 1 0 0 1 0 0 1 0 0 1 0 0 1 0 0 1 0 0 1 0 0 1 0 0 1 0 0 1 0 0 1 0 0 1 0 0 1 0 0 1 0 0 1 0 0 1 0 0 1 0 0 1 0 0 1 0 0 1 0 0 1 0 0 1 0 0 1 0 0 1 0 0 1 0 0 1 0 0 1 0 0 1 0 0 1 0 0 1 0 0 1 0 0 1 0 0 1 0 0 1 0 0 1 0 0 1 0 0 1 0 0 1 0 0 1 0 0 1 0 0 1 0 0 1 0 0 1 0 0 1 0 0 1 0 0 1 0 0 1 0 0 1 0 0 1 0 0 1 0 -0 1 0 0 1 0 0 1 -0.6229349 0.7822737 0 -0.6229349 0.7822737 0 -0.7907553 0.6121324 0 -0.7119464 0.7022338 0 -0.7119464 0.7022338 0 -0.7907553 0.6121324 0 -0.8582304 0.5132648 0 -0.8582304 0.5132648 0 -0.9134114 0.4070376 0 -0.9134114 0.4070376 0 -0.9555032 0.2949805 0 -0.9555032 0.2949805 0 -0.9839043 0.178696 0 -0.9839043 0.178696 0 -0.9982073 0.05985165 0 -0.9982073 0.05985165 0 -0.1802564 0.9836196 0 -0.06037772 0.9981756 0 -0.06037772 0.9981756 0 -0.1802564 0.9836196 0 -0.4104124 0.9119 0 -0.2975024 0.954721 0 -0.2975024 0.954721 0 -0.4104124 0.9119 0 -0.5173378 0.8557813 0 -0.5173378 0.8557813 0 -0.7071064 0.7071072 0 -0.6167193 0.7871832 0 -0.6167193 0.7871832 0 -0.7071064 0.7071072 0 -0.8557811 0.5173381 0 -0.7871839 0.6167183 0 -0.7871839 0.6167183 0 -0.9118999 0.4104128 0 -0.8557811 0.5173381 0 -0.954721 0.2975029 0 -0.9118999 0.4104128 0 -0.954721 0.2975029 0 -0.9836199 0.1802551 0 -0.9836199 0.1802551 0 -0.9981755 0.06037853 0 -0.9981755 0.06037853 0 0.9836194 0.180258 0 0.9981758 0.0603746 0 0.9981758 0.0603746 0 0.9836194 0.180258 0 0.9547216 0.2975007 0 0.9547216 0.2975007 0 0.9118989 0.4104151 0 0.9118989 0.4104151 0 0.8557825 0.5173358 0 0.8557825 0.5173358 0 0.7871822 0.6167207 0 0.7871822 0.6167207 0 0.7071092 0.7071044 0 0.7071092 0.7071044 0 0.6167172 0.7871849 0 0.6167172 0.7871849 0 0.410413 0.9118998 0 0.5173374 0.8557815 0 0.5173374 0.8557815 0 0.410413 0.9118998 0 0.2975022 0.9547212 0 0.2975022 0.9547212 0 0.1802564 0.9836196 0 0.1802564 0.9836196 0 0.06037765 0.9981756 0 0.06037765 0.9981756 0 1 0 0 1 -0 0 1 0 -0 1 -0 0 1 -0 0 1 -0 0 1 0 0 1 -0 0 1 0 0 1 -0 0 1 0 0 1 -0 0 0 0 1 0 0 1 0 0 1 0 0 1 0 0 1 0 0 1 0 0 1 0 0 1 0 0 1 0 0 1 0 0 1 0 0 1 0 0 1 0 0 1 0 0 1 0 0 1 0 0 1 0 0 1 0 0 1 0 0 1 0 0 1 0 0 1 0 0 1 0 0 1 0 0 1 0 0 1 0 0 1 0 -0 1 0 0 1 0 -0 1 0 -0 1 0 0 1 0 0 1 0 -0 1 0 0 1 -0 0 1 0 0 1 0 0 1 0 0 1 0 0 1 0 0 1 0 0 1 0 0 1 0 0 1 0 0 1 0 0 1 0 -0 1 0 0 1 0 0 1 0 0 1 0 0 1 0 0 1 0 0 1 0 0 1 0 0 1 0 -0 1 0 0 1 0 0 1 0 0 1 0 -0 1 0 -0 1 0 0 1 0 0 1 0 -0 1 0 -0 1 0 0 1 0 0 1 0 0 1 0 0 1 0 0 1 0 0 1 0 0 1 0 0 1 0 0 1 0 0 1 -0 0 1 0 0 1 0 0 1 0 0 1 0 0 1 0 0 1 0 0 1 0 0 1 0 0 1 0 0 1 0 0 1 0 0 1 0 0 1 0 0 1 0 0 1 0 0 1 0 0 1 0 0 1 0 0 1 0 0 1 0 0 1 0 0 1 0 0 1 0 0 1 0 0 1 0 0 1 0 0 1 0 0 1 0 0 1 0 0 1 0 0 1 0 0 1 0 0 1 0 -0 1 0 -0 1 0 0 1 0 0 1 0 0 1 0 0 1 0 0 1 0 0 1 0 0 1 0 0 1 0 0 1 0 0 1 0 0 1 0 0 1 0 0 1 0 0 1 0 0 1 0 0 1 0 0 1 0 0 1 0 0 1 0 0 1 0 0 1 0 0 1 0 0 1 -0 0 1 0 0 1 0 0 1 0 0 1 -0 0 1 0 0 1 -0 0 1 -0 0 1 0 0 1 0 0 1 0 0 1 0 0 1 -0 0 1 -0 0 1 0 0 1 0 0 1 0 0 1 0 0 1 0 0 1 0 0 1 0 0 1 0 0 1 0 0 1 0 0 1 0 0 1 0 0 1 0 0 1 0 0 1 0 0 1 0 0 1 0 0 1 0 0 1 0 0 1 0 0 1 0 0 1 0 0 1 0 0 1 0 0 1 0 0 1 0 0 1 0 0 1 0 0 1 0 0 1 0 0 1 0 0 1 0 0 1 0 0 1 0 0 1 0 0 1 0 0 1 0 0 1 0 0 1 0 0 1 0 0 1 0 0 1 0 0 1 0 0 1 0 0 1 0 0 1 0 0 1 0 0 1 0 0 1 0 0 1 0 0 1 0 0 1 0 0 1 0 0 1 0 0 1 -0 0 1 -0 0 1 0 0 1 -0 0 1 -0 0 1 0 0 1 0 0 1 0 0 1 -0 0 1 0 0 1 0 0 1 0 0 1 -0.4841587 -0.1836205 0.8554963 -0.4261499 -0.2941468 0.8554962 -0.3433695 -0.3875868 0.8554963 -0.5043644 -0.03173065 0.8629078 -0.5070684 -0.09672857 0.8564609 -0.4900707 -0.1592346 0.8570153 -0.514034 -0.06241156 0.8554962 -0.5225621 0 0.8526012 -0.2406395 -0.4584963 0.8554963 -0.4674032 -0.2199415 0.8562476 -0.434596 -0.2758038 0.8573555 -0.4765634 -0.1807398 0.8603607 -0.4841588 -0.1836205 0.8554962 -0.4841588 -0.1836205 0.8554962 -0.1239188 -0.5027627 0.8554962 -0.3982415 -0.3294514 0.8560757 -0.3519183 -0.374757 0.8577358 -0.4261501 -0.294147 0.8554962 -0.4196362 -0.2896508 0.8602371 -0.4261501 -0.294147 0.8554962 0 -0.5178092 0.8554962 -0.3039232 -0.4183127 0.855947 -0.2473262 -0.4498848 0.858157 -0.3433694 -0.3875867 0.8554963 -0.3383292 -0.3818963 0.8600515 -0.3433702 -0.3875864 0.8554961 0.1239208 -0.5027624 0.855496 -0.1903951 -0.4808862 0.855861 -0.1274834 -0.496511 0.858618 -0.2406399 -0.4584971 0.8554957 -0.240637 -0.4584977 0.855496 -0.2372981 -0.4521361 0.8598038 0.240638 -0.4584976 0.8554959 -0.06483197 -0.5131981 0.8558181 0 -0.5117768 0.8591185 -0.1223256 -0.4962947 0.8594928 -0.1239199 -0.5027632 0.8554959 -0.1239189 -0.5027631 0.855496 0.343372 -0.3875856 0.8554959 0.06483164 -0.5131981 0.855818 0 -0.5178095 0.8554959 0 -0.5117768 0.8591185 0 -0.5178096 0.8554959 0.4261487 -0.2941501 0.8554958 0.1239199 -0.5027632 0.8554959 0.1274834 -0.496511 0.858618 0.190396 -0.480886 0.8558609 0.1239208 -0.5027626 0.855496 0.1223256 -0.4962947 0.8594928 0.484161 -0.1836172 0.8554956 0.240638 -0.4584976 0.8554959 0.2473262 -0.4498848 0.858157 0.3039232 -0.4183127 0.855947 0.240638 -0.4584976 0.8554959 0.2372991 -0.4521359 0.8598036 0.3433715 -0.387585 0.8554962 0.3519183 -0.374757 0.8577358 0.3982401 -0.3294528 0.8560758 0.3433704 -0.3875867 0.8554959 0.3383292 -0.3818963 0.8600515 0.4261484 -0.2941499 0.855496 0.426149 -0.2941483 0.8554962 0.4345977 -0.2758023 0.8573552 0.4674027 -0.2199439 0.8562473 0.419635 -0.289652 0.8602373 0.4841598 -0.1836168 0.8554964 0.4765638 -0.180738 0.8603609 0.49007 -0.1592344 0.8570157 0.5070677 -0.09672843 0.8564613 0.5043637 -0.03173061 0.8629081 0.5140342 -0.06241421 0.855496 0.4841596 -0.1836188 0.855496 0.1926402 -0.7705606 0.6075574 -0.9980269 -0.06278803 -0 -0.9980269 -0.06278803 0 -0.9822872 -0.1873815 0 -0.951056 -0.3090187 0 -0.9822872 -0.1873815 -0 -0.951056 -0.3090187 0 -0.9048284 -0.4257766 0 -0.8443272 -0.5358279 0 -0.9048284 -0.4257766 -0 -0.8443272 -0.5358279 0 -0.7705157 -0.637421 0 -0.7705157 -0.637421 -0 -0.6845451 -0.7289704 0 -0.5877868 -0.8090159 0 -0.6845451 -0.7289704 -0 -0.5877868 -0.8090159 0 -0.4817536 -0.8763068 0 -0.3681225 -0.9297772 0 -0.4817536 -0.8763068 -0 -0.3681225 -0.9297772 0 -0.2486918 -0.9685826 -0 -0.2486918 -0.9685826 0 -0.1253332 -0.9921147 -0 -0.1253332 -0.9921147 0 -0 -1 -0 0 -1 0 0.1253325 -0.9921147 0 0.1253325 -0.9921147 0 0.2486918 -0.9685826 0 0.2486918 -0.9685826 0 0.3681242 -0.9297765 0 0.3681242 -0.9297765 0 0.4817536 -0.8763068 0 0.4817536 -0.8763068 0 0.5877868 -0.8090159 0 0.5877868 -0.8090159 0 0.6845451 -0.7289704 0 0.6845451 -0.7289704 0 0.7705132 -0.637424 0 0.7705132 -0.637424 0 0.8443295 -0.5358244 0 0.8443295 -0.5358244 0 0.9048263 -0.4257807 0 0.9048263 -0.4257807 0 0.951056 -0.3090187 0 0.951056 -0.3090187 0 0.9822872 -0.1873815 0 0.9822872 -0.1873815 0 0.9980269 -0.06278803 0 0.9980269 -0.06278803 0 -0.4841602 -0.1836179 0.8554959 -0.4261489 -0.2941495 0.8554959 -0.3433754 -0.3875819 0.8554961 -0.5043637 -0.03173189 0.8629081 -0.5070677 -0.09672834 0.8564613 -0.4900706 -0.159233 0.8570155 -0.5140339 -0.06241475 0.8554961 0.5240271 0.01637585 -0.8515441 -0.2406314 -0.4585007 0.8554961 -0.4674032 -0.2199433 0.8562472 -0.4345974 -0.2758033 0.857355 -0.4765643 -0.1807371 0.8603607 -0.4841597 -0.1836176 0.8554963 -0.4841597 -0.1836177 0.8554963 -0.1239278 -0.5027607 0.8554961 -0.3982405 -0.3294524 0.8560757 -0.3519201 -0.3747553 0.8577358 -0.426148 -0.294149 0.8554965 -0.4196346 -0.289653 0.8602371 -0.4261481 -0.2941489 0.8554965 0 -0.5178086 0.8554966 -0.3039213 -0.4183134 0.8559473 -0.2473226 -0.4498862 0.8581572 -0.3433762 -0.3875829 0.8554953 -0.3383283 -0.381896 0.8600519 -0.2406322 -0.4585021 0.8554952 -0.3433695 -0.3875864 0.8554965 0.1239278 -0.5027607 0.855496 -0.1903969 -0.4808868 0.8558602 -0.1274864 -0.4965114 0.8586172 -0.2373008 -0.4521362 0.8598031 -0.2406388 -0.458496 0.8554965 0.2406314 -0.4585008 0.855496 -0.06483181 -0.5131978 0.8558182 -0.1223243 -0.496295 0.8594929 -0.1239282 -0.5027624 0.8554951 -0.1239183 -0.5027622 0.8554966 0.3433754 -0.3875819 0.8554961 0 -0.5117765 0.8591186 0.06483183 -0.5131979 0.8558182 0 -0.5117766 0.8591186 0 -0.5178103 0.8554955 0 -0.5178103 0.8554955 0.4261489 -0.2941496 0.8554959 0.1239187 -0.5027638 0.8554956 0.1274863 -0.4965115 0.8586173 0.190397 -0.4808868 0.8558603 0.1239274 -0.502759 0.8554971 0.2406307 -0.4584994 0.8554971 0.1223243 -0.496295 0.8594929 0.4841604 -0.1836176 0.855496 0.2473226 -0.4498863 0.8581572 0.3039213 -0.4183134 0.8559473 0.2406395 -0.4584974 0.8554956 0.2373008 -0.4521361 0.859803 0.3433745 -0.387581 0.8554969 0.3519201 -0.3747553 0.8577358 0.3982405 -0.3294524 0.8560757 0.3433703 -0.3875873 0.8554957 0.3383283 -0.3818961 0.8600519 0.4261481 -0.294149 0.8554965 0.426148 -0.294149 0.8554965 0.4345975 -0.2758032 0.8573551 0.4674031 -0.2199433 0.8562471 0.4196346 -0.289653 0.8602371 0.4841597 -0.1836173 0.8554964 0.4765643 -0.1807371 0.8603607 0.4900708 -0.1592329 0.8570155 0.5070677 -0.09672834 0.8564612 0.5043637 -0.03173228 0.862908 0.5140339 -0.06241495 0.8554961 -0.5326851 -0.03316328 -0.8456635 0.4841597 -0.1836176 0.8554963 -0.9980267 -0.06279055 -0 -0.9980267 -0.06279055 0 -0.9822873 -0.1873813 0 -0.9510568 -0.3090159 0 -0.9822873 -0.1873813 0 -0.9510568 -0.3090159 0 -0.9048271 -0.4257793 0 -0.9048271 -0.4257793 -0 -0.8443284 -0.535826 0 -0.8443284 -0.535826 -0 -0.770514 -0.6374231 0 -0.770514 -0.6374231 -0 -0.6845487 -0.7289672 0 -0.6845487 -0.7289672 -0 -0.5877837 -0.8090181 0 -0.4817471 -0.8763103 0 -0.5877837 -0.8090181 -0 -0.3681252 -0.9297763 0 -0.4817471 -0.8763103 0 -0.3681252 -0.9297763 0 -0.248697 -0.9685813 -0 -0.248697 -0.9685813 0 -0.125333 -0.9921147 -0 -0.125333 -0.9921147 0 -0 -1 -0 0 -1 0 0.125333 -0.9921147 0 0.125333 -0.9921147 0 0.248697 -0.9685814 0 0.248697 -0.9685814 0 0.3681253 -0.9297762 0 0.3681253 -0.9297762 0 0.481747 -0.8763104 0 0.481747 -0.8763104 0 0.5877837 -0.8090181 0 0.5877837 -0.8090181 0 0.6845487 -0.7289672 0 0.6845487 -0.7289672 0 0.770514 -0.6374231 0 0.770514 -0.6374231 0 0.8443286 -0.5358257 0 0.8443286 -0.5358257 0 0.9048269 -0.4257795 0 0.9048269 -0.4257795 0 0.951057 -0.3090156 0 0.951057 -0.3090156 0 0.9822873 -0.1873813 0 0.9822873 -0.1873813 0 0.9980267 -0.0627913 0 0.9980267 -0.0627913 0 -1 -0 -0 -1 -0 0 -1 0 0 -1 -0 0 -1 0 -0 -1 -0 0 -1 0 0 -1 -0 -0 0 -0 -1 0 0 -1 0 -0 -1 0 0 -1 0 -0 -1 0 0 -1 0 -0 -1 0 0 -1 0 -0 -1 0 -0 -1 0 -0 -1 0 -0 -1 0 -0 -1 0 0 -1 0 0 -1 0 0 -1 0 0 -1 0 0 -1 0 0 -1 0 0 -1 0 0 -1 0 0 -1 0 0 -1 0 0 -1 0 0 -1 0 0 -1 0 0 -1 0 0 -1 0 0 -1 0 0 -1 0 0 -1 0 0 -1 0 0 -1 0 0 -1 0 0 -1 0 0 -1 0 0 -1 0 0 -1 0 0 -1 0 0 -1 0 0 -1 0 0 -1 0 0 -1 0 0 -1 0 0 -1 0 0 -1 0 0 -1 0 0 -1 0 0 -1 0 0 -1 0 0 -1 0 0 -1 0 0 -1 0 0 -1 0 0 -1 0 0 -1 0 0 -1 0 0 -1 0 0 -1 0 0 -1 0 -0 -1 0 0 -1 0 -0 -1 0 0 -1 0 -0 -1 0 0 -1 0 -0 -1 0 0 -1 0 -0 -1 0 -0 -1 0 -0 -1 0 0 -1 0 -0 -1 0 -0 -1 0 0 -1 0 -0 -1 0 0 -1 0 -0 -1 0 0 -1 0 -0 -1 0 0 -1 0 -0 -1 0 0 -1 0 -0 -1 0 0 -1 0 -0 -1 0 0 -1 0 -0 -1 0 0 -1 0 0 -1 0 -0 -1 0 0 -1 0 0 -1 0 0 -1 0 0 -1 0 0 -1 0 -0 -1 0 0 -1 0 0 -1 0 0 -1 0 -0 -1 0 0 -1 0 0 -1 0 0 -1 0 -0 -1 0 0 -1 0 0 -1 0 0 -1 0 0 -1 0 0 -1 0 0 -1 0 -0 -1 0 0 -1 0 0 -1 0 0 -1 0 -0 -1 0 0 -1 0 0 -1 0 0 -1 0 -0 -1 0 0 -1 0 0 -1 0 -0 -1 0 0 -1 0 0 -1 0 0 -1 0 0 -1 0 -0 -1 0 0 -1 0 0 -1 0 -0 -1 0 -0 -1 0 0 -1 0 0 -1 0 -0 -1 0 0 -1 0 -0 -1 0 0 -1 0 -0 -1 0 0 -1 0 0 -1 0 0 -1 0 0 -1 0 0 -1 0 0 -1 0 0 -1 0 -0 -1 0 -0 -1 0 -0 -1 0 -0 -1 0 -0 -1 0 -0 -1 0 -0 -1 0 -0 -1 -0 -0 -1 0 -0 -1 0 0 -1 0 -0 -1 0 0 -1 0 0 -1 0 0 -1 0 -0 -1 0 0 -1 0 0 -1 0 0 -1 0 -0 -1 0 -0 -1 0 0 -1 0 0 -1 0 -0 -1 0 -0 -1 0 0 -1 0 0 -1 0 -0 -1 0 -0 -1 0 0 -1 0 0 -1 0 -0 -1 0 -0 -1 0 0 -1 0 0 -1 0 0 -1 0 -0 -1 0 0 -1 0 0 -1 0 0 -1 0 0 -1 0 0 -1 0 0 -1 0 0 -1 0 0 -1 0 0 -1 0 0 -1 0 0 -1 0 0 -1 0 0 -1 0 0 -1 0 0 -1 0 0 -1 0 0 -1 0 0 -1 0 0 -1 0 0 -1 0 0 -1 0 0 -1 0 0 -1 0 0 -1 0 0 -1 0 0 -1 0 0 -1 0 0 -1 0 0 -1 0 0 -1 0 0 -1 0 0 -1 0 0 -1 0 0 -1 0 0 -1 0 0 -1 0 0 -1 0 0 -1 0 0 -1 0 0 -1 0 -0 -1 0 0 -1 0 0 -1 0 -0 -1 0 0 -1 0 -0 -1 0 0 -1 0 0 -1 0 0 -1 0 0 -1 0 0 -1 0 -0 -1 0 0 -1 0 0 -1 0 0 -1 0 -0 -1 0 0 -1 0 0 -1 0 -0 -1 0 0 -1 0 0 -1 0 0 -1 0 -0 -1 0 0 -1 0 0 -1 0 0 -1 0 0 -1 0 -0 -1 0 0 -1 0 -0 -1 0 -0 -1 0 0 -1 0 -0 -1 0 -0 -1 0 0 -1 0 0 -1 0 0 -1 0 0 -1 0 0 -1 0 0 -1 0 0 -1 0 0 -1 0 0 -1 0 0 -1 0 -0 -1 0 0 -1 0 0 -1 0 -0 -1 0 0 -1 0 0 -1 0 0 -1 0 -0 -1 0 0 -1 0 0 -1 0 0 -1 0 0 -1 0 -0 -1 0 0 -1 0 0 -1 0 0 -1 0 -0 -1 0 0 -1 0 -0 -1 0 0 -1 0 0 -1 0 -0 -1 0 0 -1 0 -0 -1 0 0 -1 0 0 -1 0 -0 -1 0 0 -1 0 -0 -1 0 -0 -1 0 0 -1 0 -0 -1 0 0 -1 0 0 -1 0 0 -1 0 -0 -1 0 -0 -1 0 -0 -1 0 -0 -1 0 -0 -1 0 0 -1 0 -0 -1 0 -0 -1 0 0 -1 0 -0 -1 0 0 -1 0 -0 -1 0 -0 -1 0 0 -1 0 -0 -1 0 0 -1 0 -0 -1 0 -0 -1 0 -0 -1 0 0 -1 0 0 -1 0 0 -1 0 0 -1 0 -0 -1 0 -0 -1 0 0 -1 0 0 -1 0 0 -1 0 0 -1 0 0 -1 0 0 -1 0 0 -1 0 0 -1 0 0 -1 0 0 -1 0 0 -1 0 0 -1 0 0 -1 0 0 -1 0 0 -1 0 0 -1 0 0 -1 0 0 -1 0 0 -1 0 0 -1 0 0 -1 0 0 -1 0 0 -1 0 0 -1 0 0 -1 0 0 -1 0 0 -1 0 0 -1 0 0 -1 0 0 -1 0 0 -1 0 0 -1 0 0 -1 0 0 -1 0 0 -1 -0 -0 -1 0 0 -1 0 0 -1 0 0 -1 -0 -0 -1 0 0 -1 0 0 -1 0 0 -1 0 -0 -1 0 0 -1 0 0 -1 0 0 -1 0 -0 -1 0 0 -1 0 0 -1 0 0 -1 0 -0 -1 0 0 -1 0 0 -1 0 0 -1 0 -0 -1 0 0 -1 0 0 -1 0 0 -1 0 -0 -1 0 0 -1 0 0 -1 0 0 -1 0 -0 -1 0 0 -1 0 0 -1 0 0 -1 0 -0 -1 0 0 -1 0 0 -1 0 0 -1 0 -0 -1 0 0 -1 0 0 -1 0 0 -1 0 -0 -1 0 0 -1 0 0 -1 0 0 -1 0 0 -1 0 -0 -1 0 0 -1 0 0 -1 0 0 -1 0 -0 -1 0 0 -1 0 0 -1 0 -0 -1 0 0 -1 0 0 -1 0 0 -1 0 0 -1 0 0 -1 0 0 -1 0 0 -1 0 0 -1 0 0 -1 0 0 -1 0 0 -1 0 0 -1 0 0 -1 0 0 -1 0 0 -1 0 0 -1 0 0 -1 0 0 -1 0 0 -1 0 0 -1 0 0 -1 0 0 -1 0 0 -1 0 0 -1 0 0 -1 0 0 -1 0 0 -1 0 0 -1 0 0 -1 0 0 -1 0 0 -1 0 0 -1 0 0 -1 0 0 -1 0 0 -1 0 0 -1 0 0 -1 0 0 -1 0 0 -1 0 0 -1 0 0 -1 0 0 -1 0 0 -1 0 0 -1 0 0 -1 0 0 -1 0 0 -1 0 0 -1 0 0 -1 0 0 -1 0 0 -1 0.06037765 -0.9981756 0 0.06037765 -0.9981756 0 0.1802564 -0.9836196 0 0.1802564 -0.9836196 0 0.2975022 -0.9547212 0 0.2975022 -0.9547212 0 0.410413 -0.9118998 0 0.410413 -0.9118998 0 0.5173374 -0.8557815 0 0.5173374 -0.8557815 0 0.6167172 -0.7871849 0 0.6167172 -0.7871849 0 0.7071092 -0.7071044 0 0.7071092 -0.7071044 0 0.7871822 -0.6167207 0 0.7871822 -0.6167207 0 0.8557825 -0.5173358 0 0.8557825 -0.5173358 0 0.9118989 -0.4104151 0 0.9118989 -0.4104151 0 0.9547216 -0.2975007 0 0.9547216 -0.2975007 0 0.9836194 -0.180258 0 0.9836194 -0.180258 0 0.9981758 -0.0603746 0 0.9981758 -0.0603746 0 -0.9981755 -0.06037853 -0 -0.9836199 -0.1802551 -0 -0.9981755 -0.06037853 -0 -0.954721 -0.2975029 -0 -0.9836199 -0.1802551 -0 -0.9118999 -0.4104128 -0 -0.954721 -0.2975029 -0 -0.8557811 -0.5173381 -0 -0.9118999 -0.4104128 -0 -0.7871839 -0.6167183 -0 -0.8557811 -0.5173381 -0 -0.7071064 -0.7071072 -0 -0.7871839 -0.6167183 -0 -0.6167193 -0.7871832 -0 -0.7071064 -0.7071072 -0 -0.5173378 -0.8557813 -0 -0.6167193 -0.7871832 -0 -0.5173378 -0.8557813 -0 -0.2975024 -0.954721 -0 -0.4104124 -0.9119 -0 -0.4104124 -0.9119 0 -0.1802564 -0.9836196 -0 -0.2975024 -0.954721 -0 -0.06037772 -0.9981756 -0 -0.1802564 -0.9836196 -0 -0.06037772 -0.9981756 -0 -0.9982073 -0.05985165 -0 -0.9982073 -0.05985165 0 -0.9839043 -0.178696 -0 -0.9839043 -0.178696 0 -0.9555032 -0.2949805 -0 -0.9555032 -0.2949805 0 -0.8582304 -0.5132648 -0 -0.9134114 -0.4070376 -0 -0.9134114 -0.4070376 0 -0.7907553 -0.6121324 -0 -0.8582304 -0.5132648 -0 -0.7907553 -0.6121324 -0 -0.6229349 -0.7822737 -0 -0.7119464 -0.7022338 -0 -0.7119464 -0.7022338 0 -0.6229349 -0.7822737 -0 0 0 1 0 0 1 0 0 1 0 0 1 0 0 1 0 0 1 0 0 1 0 0 1 0 0 1 0 0 1 0 0 1 0 0 1 0 0 1 0 0 1 0 0 1 0 0 1 0 0 1 0 0 1 0 0 1 0 0 1 0 0 1 0 0 1 0 0 1 0 0 1 0 0 1 0 0 1 0 0 1 0 0 1 0 0 1 0 0 1 0 0 1 0 0 1 0 0 1 0 0 1 0 0 1 0 0 1 0 0 1 0 0 1 0 0 1 0 0 1 0 0 1 0 0 1 0 0 1 0 0 1 0 0 1 0 0 1 0 0 1 0 0 1 0 0 1 0 0 1 0 0 1 0 0 1 0 0 1 0 0 1 0 0 1 0 0 1 0 0 1 0 0 1 0 0 1 0 0 1 0 0 1 0 0 1 0 0 1 0 0 1 0 0 1 0 0 1 0 0 1 0 0 1 0 0 1 0 0 1 0 0 1 0 0 1 0 0 1 0 0 1 0 0 1 0 0 1 0 0 1 0 0 1 0 0 1 0 0 1 0 0 1 0 0 1 0 0 1 0 0 1 0 0 1 0 0 1 0 0 1 0 0 1 0 0 1 0 0 1 0 0 1 0 0 1 0 0 1 0 0 1 0 0 1 0 0 1 0 0 1 0 0 1 0 0 1 0 0 1 0 0 1 0 0 1 0 0 1 0 0 1 0 0 1 0 0 1 0 0 1 0 0 1 0 0 1 0 0 1 0 0 1 0 0 1 0 0 1 0 0 1 0 0 1 0 0 1 0 0 1 0 0 1 0 0 1 0 0 1 0 0 1 0 0 1 0 0 1 0 0 1 0 0 1 0 0 1 0 0 1 0 0 1 0 0 1 0 0 1 0 0 1 0 0 1 0 0 1 0 0 1 0 0 1 0 0 1 0 0 1 0 0 1 0 0 1 0 0 1 0 0 1 0 0 1 0 0 1 0 0 1 0 0 1 0 0 1 0 0 1 0 0 1 0 0 1 0 0 1 0 0 1 0 0 1 0 0 1 0 0 1 0 0 1 0 0 1 0 0 1 0 0 1 0 0 1 0 0 1 0 0 1 0 0 1 0 0 1 0 0 1 0 0 1 0 0 1 0 0 1 0 0 1 0 0 1 0 0 1 0 0 1 0 0 1 0 0 1 0 0 1 0 0 1 0 0 1 0 0 1 0 0 1 0 0 1 0 0 1 0 0 1 0 0 1 0 0 1 0 0 1 0 0 1 0 0 1 0 0 1 0 0 1 0 0 1 0 0 1 0 0 1 0 0 1 0 0 1 0 0 1 0 0 1 0 0 1 0 0 1 0 0 1 0 0 1 0 0 1 0 0 1 0 0 1 0 0 1 0 0 1 0 0 1 0 0 1 0 0 1 0 0 1 0 0 1 0 0 1 0 0 1 0 0 1 0 0 1 -0.4841604 -0.1836168 0.855496 -0.4261481 -0.2941501 0.855496 -0.3433725 -0.3875845 0.8554961 -0.5043636 -0.03173188 0.8629081 -0.5070676 -0.09672866 0.8564613 -0.4900705 -0.1592328 0.8570156 -0.5140339 -0.06241497 0.855496 0.5263546 0 -0.8502651 -0.2406373 -0.4584975 0.8554962 -0.4674029 -0.2199434 0.8562473 -0.4345968 -0.2758039 0.8573552 -0.4765642 -0.1807367 0.8603608 -0.48416 -0.1836174 0.8554962 -0.4841604 -0.1836168 0.855496 -0.1239178 -0.5027633 0.8554961 -0.3982401 -0.3294535 0.8560755 -0.3519211 -0.3747551 0.8577355 -0.4261486 -0.294149 0.8554961 -0.4196348 -0.2896529 0.8602371 -0.4261478 -0.2941498 0.8554963 0 -0.5178096 0.8554959 -0.3039216 -0.4183137 0.855947 -0.2473265 -0.4498847 0.8581569 -0.3433728 -0.3875849 0.8554958 -0.3383289 -0.3818961 0.8600518 -0.34337 -0.3875864 0.8554962 0.1239178 -0.5027633 0.855496 -0.190397 -0.4808858 0.8558608 -0.1274807 -0.4965117 0.858618 -0.2373003 -0.4521356 0.8598034 -0.2406373 -0.4584975 0.8554962 -0.2406391 -0.4584971 0.8554959 0.240637 -0.4584976 0.8554962 -0.06483194 -0.5131989 0.8558176 -0.1223256 -0.4962956 0.8594923 -0.1239176 -0.5027626 0.8554965 -0.1239196 -0.5027626 0.8554961 0.3433727 -0.3875843 0.8554961 0 -0.5117775 0.859118 0.06483194 -0.5131989 0.8558176 0 -0.5117775 0.859118 0 -0.5178089 0.8554963 0.1239176 -0.5027626 0.8554965 0 -0.5178089 0.8554963 0.4261478 -0.2941504 0.855496 0.1239197 -0.5027626 0.8554961 0.1274807 -0.4965117 0.858618 0.190397 -0.4808858 0.8558608 0.1223257 -0.4962956 0.8594924 0.4841605 -0.1836168 0.8554961 0.3433731 -0.3875847 0.8554958 0.2473265 -0.4498848 0.8581569 0.3039216 -0.4183138 0.855947 0.2406388 -0.4584969 0.8554961 0.2373002 -0.4521357 0.8598034 0.2406373 -0.4584982 0.8554958 0.3433701 -0.3875862 0.8554963 0.351921 -0.3747551 0.8577355 0.3982401 -0.3294534 0.8560755 0.3383291 -0.381896 0.8600518 0.4261479 -0.2941504 0.855496 0.4345968 -0.2758039 0.8573552 0.4674029 -0.2199433 0.8562473 0.4261484 -0.294149 0.8554963 0.4196347 -0.2896529 0.8602371 0.4841602 -0.1836167 0.8554963 0.4765642 -0.1807368 0.8603609 0.4900703 -0.1592331 0.8570157 0.5070676 -0.09672844 0.8564613 0.5043636 -0.03173189 0.8629081 0.5140339 -0.06241504 0.855496 -0.5244774 0 -0.8514244 0.4841602 -0.1836176 0.8554961 -0.9980268 -0.06279055 -0 -0.9980268 -0.06279055 0 -0.9822872 -0.187382 0 -0.9510569 -0.3090157 0 -0.9822872 -0.187382 -0 -0.9510569 -0.3090157 0 -0.9048268 -0.4257796 0 -0.8443276 -0.5358273 0 -0.9048268 -0.4257796 -0 -0.8443276 -0.5358273 0 -0.7705126 -0.6374248 0 -0.7705126 -0.6374248 -0 -0.6845497 -0.7289662 0 -0.5877839 -0.809018 0 -0.6845497 -0.7289662 -0 -0.5877839 -0.809018 0 -0.4817541 -0.8763065 0 -0.368126 -0.9297759 0 -0.4817541 -0.8763065 -0 -0.368126 -0.9297759 0 -0.2486866 -0.9685841 -0 -0.2486866 -0.9685841 0 -0.125333 -0.9921148 -0 -0.125333 -0.9921148 0 -0 -1 -0 0 -1 0 0.125333 -0.9921148 0 0.125333 -0.9921148 0 0.2486866 -0.9685841 0 0.2486866 -0.9685841 0 0.368126 -0.9297759 0 0.368126 -0.9297759 0 0.4817541 -0.8763065 0 0.4817541 -0.8763065 0 0.5877838 -0.8090181 0 0.5877838 -0.8090181 0 0.6845496 -0.7289662 0 0.6845496 -0.7289662 0 0.7705127 -0.6374246 0 0.7705127 -0.6374246 0 0.8443276 -0.5358274 0 0.8443276 -0.5358274 0 0.9048269 -0.4257796 0 0.9048269 -0.4257796 0 0.9510568 -0.3090163 0 0.9510568 -0.3090163 0 0.9822873 -0.1873816 0 0.9822873 -0.1873816 0 0.9980268 -0.06279057 0 0.9980268 -0.06279057 0 -0.4841602 -0.1836179 0.8554959 -0.4261489 -0.2941495 0.8554959 -0.3433754 -0.3875819 0.8554961 -0.5043637 -0.03173189 0.8629081 -0.5070677 -0.09672834 0.8564613 -0.4900706 -0.159233 0.8570155 -0.5140339 -0.06241475 0.8554961 0.5240271 0.01637585 -0.8515441 -0.2406314 -0.4585007 0.8554961 -0.4674032 -0.2199433 0.8562472 -0.4345974 -0.2758033 0.857355 -0.4765643 -0.1807371 0.8603607 -0.4841597 -0.1836176 0.8554963 -0.4841597 -0.1836177 0.8554963 -0.1239278 -0.5027607 0.8554961 -0.3982405 -0.3294524 0.8560757 -0.3519201 -0.3747553 0.8577358 -0.426148 -0.294149 0.8554965 -0.4196346 -0.289653 0.8602371 -0.4261481 -0.2941489 0.8554965 0 -0.5178086 0.8554966 -0.3039213 -0.4183134 0.8559473 -0.2473226 -0.4498862 0.8581572 -0.3433762 -0.3875829 0.8554953 -0.3383283 -0.381896 0.8600519 -0.3433695 -0.3875864 0.8554965 0.1239278 -0.5027607 0.855496 -0.1903969 -0.4808868 0.8558602 -0.1274864 -0.4965114 0.8586172 -0.2406307 -0.4584994 0.855497 -0.2406395 -0.4584974 0.8554956 -0.2373008 -0.4521362 0.8598031 -0.1239274 -0.5027591 0.8554971 0.2406314 -0.4585008 0.855496 -0.06483181 -0.5131978 0.8558182 0 -0.5117765 0.8591186 -0.1223243 -0.496295 0.8594929 -0.1239187 -0.5027639 0.8554956 0.3433754 -0.3875819 0.8554961 0.06483183 -0.5131979 0.8558182 0 -0.5178103 0.8554955 0 -0.5117766 0.8591186 0.1239282 -0.5027624 0.855495 0 -0.5178103 0.8554955 0.4261489 -0.2941496 0.8554959 0.1239183 -0.5027621 0.8554966 0.1274863 -0.4965115 0.8586173 0.190397 -0.4808868 0.8558603 0.1223243 -0.496295 0.8594929 0.4841604 -0.1836176 0.855496 0.2473226 -0.4498863 0.8581572 0.3039213 -0.4183134 0.8559473 0.2406388 -0.458496 0.8554965 0.2406321 -0.4585022 0.8554952 0.2373008 -0.4521361 0.859803 0.3433745 -0.387581 0.8554969 0.426148 -0.294149 0.8554965 0.3519201 -0.3747553 0.8577358 0.3982405 -0.3294524 0.8560757 0.3433703 -0.3875873 0.8554957 0.3383283 -0.3818961 0.8600519 0.4345975 -0.2758032 0.8573551 0.4674031 -0.2199433 0.8562471 0.4196346 -0.289653 0.8602371 0.4261481 -0.294149 0.8554965 0.4841597 -0.1836173 0.8554964 0.4900708 -0.1592329 0.8570155 0.5070677 -0.09672834 0.8564612 0.5043637 -0.03173228 0.862908 0.5140339 -0.06241495 0.8554961 0.4765643 -0.1807371 0.8603607 -0.5326851 -0.03316328 -0.8456635 0.4841597 -0.1836176 0.8554963 -0.9980267 -0.06279055 -0 -0.9980267 -0.06279055 0 -0.9822873 -0.1873813 0 -0.9510568 -0.3090159 0 -0.9822873 -0.1873813 0 -0.9510568 -0.3090159 0 -0.9048271 -0.4257793 0 -0.9048271 -0.4257793 -0 -0.8443284 -0.535826 0 -0.8443284 -0.535826 -0 -0.770514 -0.6374231 0 -0.770514 -0.6374231 -0 -0.6845487 -0.7289672 0 -0.6845487 -0.7289672 -0 -0.5877837 -0.8090181 0 -0.4817471 -0.8763103 0 -0.5877837 -0.8090181 -0 -0.3681252 -0.9297763 0 -0.4817471 -0.8763103 0 -0.3681252 -0.9297763 0 -0.248697 -0.9685813 -0 -0.248697 -0.9685813 0 -0.125333 -0.9921147 -0 -0.125333 -0.9921147 0 -0 -1 -0 0 -1 0 0.125333 -0.9921147 0 0.125333 -0.9921147 0 0.248697 -0.9685814 0 0.248697 -0.9685814 0 0.3681253 -0.9297762 0 0.3681253 -0.9297762 0 0.481747 -0.8763104 0 0.481747 -0.8763104 0 0.5877837 -0.8090181 0 0.5877837 -0.8090181 0 0.6845487 -0.7289672 0 0.6845487 -0.7289672 0 0.770514 -0.6374231 0 0.770514 -0.6374231 0 0.8443286 -0.5358257 0 0.8443286 -0.5358257 0 0.9048269 -0.4257795 0 0.9048269 -0.4257795 0 0.951057 -0.3090156 0 0.951057 -0.3090156 0 0.9822873 -0.1873813 0 0.9822873 -0.1873813 0 0.9980267 -0.0627913 0 0.9980267 -0.0627913 0 -0.9980264 -0.06279403 4.186626e-16 -0.9980264 -0.06279403 0 -0.9822875 -0.1873798 0 -0.9822875 -0.1873798 -0 -0.9510559 -0.3090187 0 -0.9048269 -0.4257796 0 -0.9510559 -0.3090187 -0 -0.8443305 -0.5358228 0 -0.9048269 -0.4257796 0 -0.8443305 -0.5358228 0 -0.7705132 -0.6374241 0 -0.7705132 -0.6374241 -0 -0.6845453 -0.7289703 0 -0.6845453 -0.7289703 -0 -0.5877866 -0.809016 0 -0.4817521 -0.8763075 0 -0.5877866 -0.809016 -0 -0.4817521 -0.8763075 0 -0.3681259 -0.9297759 0 -0.2486889 -0.9685833 0 -0.3681259 -0.9297759 -0 -0.2486889 -0.9685833 0 -0.1253342 -0.9921145 -0 -0.1253342 -0.9921145 0 -0 -1 -0 0 -1 0 0.1253334 -0.9921147 0 0.1253334 -0.9921147 0 0.2486904 -0.968583 0 0.2486904 -0.968583 0 0.3681238 -0.9297767 0 0.3681238 -0.9297767 0 0.4817547 -0.8763062 0 0.4817547 -0.8763062 0 0.5877837 -0.8090181 0 0.5877837 -0.8090181 0 0.6845484 -0.7289674 0 0.6845484 -0.7289674 0 0.7705132 -0.6374241 0 0.7705132 -0.6374241 0 0.8443276 -0.5358271 0 0.8443276 -0.5358271 0 0.9048269 -0.4257796 0 0.9048269 -0.4257796 0 0.9510559 -0.3090187 0 0.9510559 -0.3090187 0 0.9822875 -0.1873798 0 0.9822875 -0.1873798 0 0.9980268 -0.06278798 0 0.9980268 -0.06278798 0 0 -1 0 0 -1 0 0 1 0 0 1 -0 0 1 0 0 1 -0 0 0 1 0 0 1 0 0 1 0 0 1 0 0 1 0 0 1 0 0 1 0 0 1 0 0 1 0 0 1 0 0 1 0 0 1 0 0 1 0 0 1 0 0 1 0 -0 1 0 -0 1 0 -0 1 0 -0 1 0 -0 1 0 -0 1 0 -0 1 0 -0 1 0 -0 1 0 -0 1 0 0 1 0 0 1 0 0 1 0 0 1 0 0 1 0 0 1 0 0 1 0 0 1 -0 0 1 0 0 1 0 0 1 -0 0 1 0 0 1 0 0 1 0 0 1 -0 0 1 0 0 1 0 0 1 0 0 1 -0 0 1 0 0 1 0 0 1 0 0 1 0 0 1 0 0 1 0 0 1 0 0 1 0 0 1 0 0 1 0 0 1 0 0 1 0 0 1 0 0 1 0 0 1 0 0 1 0 0 1 0 0 1 0 0 1 0 0 1 0 0 1 0 0 1 0 0 1 0 0 1 0 0 1 0 0 1 0 0 1 0 0 1 0 0 1 0 0 1 0 0 1 0 0 1 0 0 1 0 0 1 -0 0 1 0 0 1 0 0 1 0 0 1 -0 0 1 0 0 1 0 0 1 0 0 1 0 0 1 -0 0 1 0 0 1 0 0 1 0 0 1 -0 0 1 0 0 1 0 0 1 0 0 1 -0 0 1 0 0 1 0 0 1 0 0 1 -0 0 1 0 0 1 0 0 1 0 0 1 0 0 1 0 0 1 0 0 1 0 0 1 0 0 1 0 0 1 0 0 1 0 0 1 0 0 1 0 0 1 0 0 1 0 0 1 0 0 1 0 0 1 0 0 1 0 0 1 0 0 1 0 0 1 0 0 1 0 0 1 0 0 1 0 0 1 0 0 1 0 0 1 0 0 1 -0 0 1 0 0 1 0 0 1 0 0 1 -0 0 1 0 0 1 0 0 1 0 0 1 0 0 1 0 0 1 0 0 1 0 0 1 -0 0 1 0 0 1 0 0 1 -0 0 1 0 0 1 0 0 1 0 0 1 -0 0 1 0 0 1 0 0 1 0 0 1 0 0 1 0 0 1 0 0 1 0 0 1 0 0 1 0 0 1 0 0 1 0 0 1 0 0 1 0 0 1 0 0 1 0 0 1 0 0 1 0 0 1 0 0 1 0 0 1 0 0 1 0 0 1 0 0 1 0 0 1 0 0 1 -0 0 1 0 0 1 0 0 1 0 0 1 0 0 1 -0 0 1 0 0 1 0 0 1 -0 0 1 0 0 1 0 0 1 0 0 1 0 0 1 -0 0 1 0 0 1 0 0 1 0 0 1 0 0 1 0 0 1 0 0 1 0 0 1 0 0 1 0 0 1 0 0 1 -0 0 1 0 0 1 0 0 1 -0 0 1 -0 0 1 -0 0 1 0 0 1 0 0 1 -0 0 1 -0 0 1 0 0 1 0 0 1 0 0 1 0 0 1 0 0 1 0 0 1 0 0 1 0 0 1 0 0 1 0 0 1 0 0 1 0 0 1 0 0 1 0 0 1 0 0 1 0 0 1 0 0 1 0 0 1 0 0 1 0 0 1 0 0 1 0 0 1 0 0 1 0 0 1 0 0 1 0 0 1 0 0 1 0 0 1 0 0 1 0 0 1 0 0 1 0 0 1 0 0 1 0 0 1 0 0 1 0 0 1 0 0 1 0 0 1 0 0 1 0 0 1 0 0 1 0 0 1 0 0 1 0 0 1 0 0 1 0 0 1 0 0 1 0 0 1 0 0 1 0 0 1 0 0 1 0 0 1 0 0 1 0 0 1 0 0 1 0 0 1 0 -1 0 0 -1 0 0 -1 0 0 -1 0 0 1 0 0 1 -0 0 0 1 0 0 1 0 0 1 0 0 1 0 0 1 0 0 1 0 0 1 0 0 1 0 0 1 0 0 1 0 0 1 0 0 1 0 0 1 0 0 1 0 0 1 0 0 1 0 0 1 0 0 1 0 0 1 0 0 1 0 0 1 0 0 1 0 0 1 0 0 1 0 0 1 0 0 1 0 0 1 0 0 1 0 0 1 0 0 1 0 0 1 0 0 1 0 0 1 0 0 1 0 0 1 0 0 1 0 0 1 0 0 1 0 0 1 0 0 1 0 0 1 0 0 1 0 0 1 0 0 1 0 0 1 0 0 1 0 0 1 0 0 1 0 0 1 0 0 1 0 0 1 0 0 1 0 0 1 0 0 1 0 0 1 0 0 1 0 0 1 0 0 1 0 0 1 0 0 1 0 0 1 0 0 1 0 0 1 0 0 1 0 0 1 0 0 1 0 0 1 0 0 1 0 0 1 0 0 1 0 0 1 0 0 1 0 0 1 0 0 1 0 0 1 0 0 1 0 0 1 0 0 1 0 0 1 0 0 1 0 0 1 0 0 1 0 0 1 0 0 1 0 0 1 0 0 1 0 0 1 0 0 1 0 0 1 0 0 1 0 0 1 0 0 1 0 0 1 0 0 1 0 0 1 0 0 1 0 0 1 0 0 1 0 0 1 0 0 1 0 0 1 0 0 1 0 0 1 0 0 1 0 0 1 0 0 1 0 0 1 0 0 1 0 0 1 0 0 1 0 0 1 0 0 1 0 0 1 0 0 1 0 0 1 0 0 1 0 0 1 0 0 1 0 0 1 0 0 1 0 0 1 0 0 1 0 0 1 0 0 1 0 0 1 0 0 1 0 0 1 0 0 1 0 0 1 0 0 1 0 0 1 0 0 1 0 0 1 0 0 1 0 0 1 0 0 1 0 0 1 0 0 1 0 0 1 0 0 1 0 0 1 0 0 1 0 0 1 0 0 1 0 0 1 0 0 1 0 0 1 0 0 1 0 0 1 0 0 1 0 0 1 0 0 1 0 0 1 0 0 1 0 0 1 0 0 1 0 0 1 0 0 1 0 0 1 0 0 1 0 0 1 0 0 1 0 0 1 0 0 1 0 0 1 0 0 1 0 0 1 0 0 1 0 0 1 0 0 1 0 0 1 0 0 1 0 0 1 0 0 1 0 0 1 0 0 1 0 0 1 0 0 1 0 0 1 0 0 1 0 0 1 0 0 1 0 0 1 0 0 1 0 0 1 0 0 1 0 0 1 0 0 1 0 0 1 0 0 1 0 0 1 0 0 1 0 0 1 0 0 1 0 0 1 0 0 1 0 0 1 0 0 1 0 0 1 0 0 1 0 0 1 0 0 1 0 0 1 0 0 1 0 0 1 0 0 1 0 0 1 0 0 1 0 0 1 0 0 1 0 0 1 0 0 1 0 0 1 0 0 1 0 0 1 0 0 1 0 0 1 0 0 1 0 0 1 0 0 1 0 0 1 0 0 1 0 0 1 0 0 1 0 0 1 0 0 1 0 0 1 0 0 1 0 0 1 0 0 1 0 0 1 0 0 1 0 0 1 0 0 1 0 0 1 0 0 1 0 0 1 0 0 1 0 0 1 0 0 1 0 0 1 0 0 1 0 0 1 0 0 1 0 0 1 0 0 1 0 0 1 0 0 1 0 0 1 0 0 1 0 0 1 0 0 1 0 0 1 0 0 1 0 0 1 0 0 1 0 0 1 0 0 1 0 0 1 0 0 1 0 0 1 0 0 1 0 0.8968709 -0.4422925 0 0.8968709 -0.4422925 0 -0.8968709 -0.4422925 0 -0.8968709 -0.4422925 -0.06038089 0.9981754 0 -0.06038089 0.9981754 0 -0.1802519 0.9836205 0 -0.1802519 0.9836205 0 -0.2975069 0.9547197 0 -0.2975069 0.9547197 0 -0.4104098 0.9119012 0 -0.4104098 0.9119012 0 -0.5173397 0.8557801 0 -0.5173397 0.8557801 0 -0.6167175 0.7871846 0 -0.6167175 0.7871846 0 -0.7071072 0.7071064 0 -0.7071072 0.7071064 0 -0.7871829 0.6167197 0 -0.7871829 0.6167197 0 -0.8557815 0.5173374 0 -0.8557815 0.5173374 0 -0.9118994 0.4104137 0 -0.9118994 0.4104137 0 -0.954721 0.2975029 0 -0.954721 0.2975029 0 -0.9836199 0.1802549 0 -0.9836199 0.1802549 0 -0.9981756 0.06037844 0 -0.9981756 0.06037844 0 -0.9981756 -0.06037844 0 -0.9836199 -0.1802549 0 -0.9981756 -0.06037844 0 -0.954721 -0.2975029 0 -0.9836199 -0.1802549 0 -0.9118994 -0.4104137 0 -0.954721 -0.2975029 0 -0.8557815 -0.5173374 0 -0.9118994 -0.4104137 0 -0.7871829 -0.6167197 0 -0.8557815 -0.5173374 0 -0.7071072 -0.7071064 0 -0.7871829 -0.6167197 0 -0.6167175 -0.7871846 0 -0.7071072 -0.7071064 0 -0.5173397 -0.8557801 0 -0.6167175 -0.7871846 0 -0.4104098 -0.9119012 0 -0.5173397 -0.8557801 0 -0.4104098 -0.9119012 0 -0.2975069 -0.9547197 0 -0.1802519 -0.9836205 0 -0.2975069 -0.9547197 -0 -0.06038089 -0.9981754 0 -0.1802519 -0.9836205 0 -0.06038089 -0.9981754 0 -0.4841594 -0.1836209 0.8554958 -0.4261499 -0.2941487 0.8554956 -0.3433756 -0.3875819 0.855496 -0.5043631 -0.03172763 0.8629085 -0.5070676 -0.09673065 0.8564612 -0.4900716 -0.1592312 0.8570153 -0.5140343 -0.06241295 0.855496 0.5277733 0 -0.8493853 -0.2406316 -0.4585008 0.855496 -0.467402 -0.219946 0.8562471 -0.4345989 -0.2758013 0.8573549 -0.4765636 -0.1807378 0.860361 -0.4841594 -0.1836184 0.8554963 -0.484158 -0.1836204 0.8554967 -0.1239277 -0.5027608 0.855496 -0.3982401 -0.329452 0.8560761 -0.3519188 -0.3747559 0.8577361 -0.4261475 -0.2941495 0.8554966 -0.4196337 -0.2896533 0.8602375 -0.426149 -0.2941481 0.8554962 0 -0.5178085 0.8554966 -0.3039218 -0.4183127 0.8559474 -0.2473218 -0.4498864 0.8581574 -0.3433765 -0.3875829 0.8554953 -0.3383284 -0.3818958 0.860052 -0.3433697 -0.3875863 0.8554963 0.1239277 -0.5027608 0.855496 -0.1903976 -0.4808865 0.8558604 -0.1274858 -0.4965114 0.8586174 -0.2373009 -0.452136 0.859803 -0.2406308 -0.4584994 0.8554969 -0.2406397 -0.4584975 0.8554956 0.2406316 -0.4585008 0.855496 -0.06483206 -0.5131978 0.8558183 -0.1223243 -0.496295 0.8594929 -0.1239282 -0.5027624 0.855495 0 -0.5178103 0.8554955 -0.1239183 -0.5027623 0.8554966 0.343373 -0.3875839 0.8554962 0 -0.5117766 0.8591186 0.06483168 -0.513198 0.8558182 0 -0.5117766 0.8591186 0 -0.5178103 0.8554955 0.4261492 -0.2941483 0.855496 0.1239186 -0.5027637 0.8554956 0.1274866 -0.4965115 0.8586173 0.1903966 -0.480887 0.8558603 0.1239273 -0.5027589 0.8554972 0.1223243 -0.496295 0.8594929 0.4841606 -0.1836164 0.855496 0.2406387 -0.4584957 0.8554967 0.2473233 -0.449886 0.8581571 0.3039205 -0.418314 0.8559473 0.2373009 -0.452136 0.859803 0.2406321 -0.4585018 0.8554953 0.3433725 -0.3875833 0.8554966 0.3519208 -0.3747548 0.8577358 0.3982406 -0.3294525 0.8560757 0.3383284 -0.3818958 0.860052 0.3433702 -0.3875869 0.8554959 0.4261484 -0.2941477 0.8554966 0.4261477 -0.2941497 0.8554963 0.4345976 -0.2758036 0.8573548 0.4674034 -0.2199435 0.8562469 0.4196343 -0.2896537 0.8602371 0.48416 -0.1836162 0.8554965 0.4765649 -0.1807358 0.8603607 0.4900699 -0.1592337 0.8570157 0.5070674 -0.0967275 0.8564615 0.5043634 -0.03173072 0.8629083 0.5140339 -0.06241454 0.8554961 -0.527414 0 -0.8496084 0.48416 -0.1836162 0.8554965 -0.9980273 -0.06278224 -0 -0.9980273 -0.06278224 0 -0.9822865 -0.1873857 0 -0.9822865 -0.1873857 -0 -0.9510581 -0.3090122 0 -0.9510581 -0.3090122 -0 -0.9048246 -0.4257844 0 -0.844331 -0.535822 0 -0.9048246 -0.4257844 -0 -0.844331 -0.535822 0 -0.770514 -0.6374231 0 -0.6845467 -0.728969 0 -0.770514 -0.6374231 -0 -0.6845467 -0.728969 0 -0.5877851 -0.8090171 0 -0.4817457 -0.8763111 0 -0.5877851 -0.8090171 -0 -0.4817457 -0.8763111 0 -0.3681266 -0.9297757 0 -0.3681266 -0.9297757 -0 -0.248696 -0.9685816 -0 -0.248696 -0.9685816 0 -0.1253334 -0.9921147 -0 -0.1253334 -0.9921147 0 0 -1 0 -0 -1 0 0.1253327 -0.9921147 0 0.1253327 -0.9921147 0 0.2486975 -0.9685812 0 0.2486975 -0.9685812 0 0.3681245 -0.9297765 0 0.3681245 -0.9297765 0 0.4817483 -0.8763097 0 0.4817483 -0.8763097 0 0.5877822 -0.8090192 0 0.5877822 -0.8090192 0 0.6845498 -0.7289661 0 0.6845498 -0.7289661 0 0.770514 -0.6374231 0 0.770514 -0.6374231 0 0.8443282 -0.5358263 0 0.8443282 -0.5358263 0 0.9048269 -0.4257795 0 0.9048269 -0.4257795 0 0.9510564 -0.3090177 0 0.9510564 -0.3090177 0 0.9822875 -0.1873798 0 0.9822875 -0.1873798 0 0.9980268 -0.06278829 0 0.9980268 -0.06278829 0 -0.4841594 -0.1836209 0.8554958 -0.4261499 -0.2941487 0.8554956 -0.3433756 -0.3875819 0.855496 -0.5043631 -0.03172763 0.8629085 -0.5070676 -0.09673065 0.8564612 -0.4900716 -0.1592312 0.8570153 -0.5140343 -0.06241295 0.855496 0.5277733 0 -0.8493853 -0.2406316 -0.4585008 0.855496 -0.467402 -0.219946 0.8562471 -0.4345989 -0.2758013 0.8573549 -0.4765636 -0.1807378 0.860361 -0.4841594 -0.1836184 0.8554963 -0.484158 -0.1836204 0.8554967 -0.1239277 -0.5027608 0.855496 -0.3982401 -0.329452 0.8560761 -0.3519188 -0.3747559 0.8577361 -0.4261475 -0.2941495 0.8554966 -0.4196337 -0.2896533 0.8602375 -0.426149 -0.2941481 0.8554962 0 -0.5178085 0.8554966 -0.3039218 -0.4183127 0.8559474 -0.2473218 -0.4498864 0.8581574 -0.3433765 -0.3875829 0.8554953 -0.3383284 -0.3818958 0.860052 -0.3433697 -0.3875863 0.8554963 0.1239277 -0.5027608 0.855496 -0.1903976 -0.4808865 0.8558604 -0.1274858 -0.4965114 0.8586174 -0.2373009 -0.452136 0.859803 -0.2406308 -0.4584994 0.8554969 -0.2406397 -0.4584975 0.8554956 0.2406316 -0.4585008 0.855496 -0.06483206 -0.5131978 0.8558183 -0.1223243 -0.496295 0.8594929 -0.1239282 -0.5027624 0.855495 -0.1239183 -0.5027623 0.8554966 0.343373 -0.3875839 0.8554962 0 -0.5117766 0.8591186 0.06483168 -0.513198 0.8558182 0 -0.5117766 0.8591186 0 -0.5178103 0.8554955 0.1239281 -0.5027622 0.8554952 0 -0.5178103 0.8554955 0.4261492 -0.2941483 0.855496 0.1239182 -0.502762 0.8554966 0.1274866 -0.4965115 0.8586173 0.1903966 -0.480887 0.8558603 0.1223243 -0.496295 0.8594929 0.4841606 -0.1836164 0.855496 0.2473233 -0.449886 0.8581571 0.3039205 -0.418314 0.8559473 0.2406387 -0.4584957 0.8554967 0.2373009 -0.452136 0.859803 0.2406321 -0.4585018 0.8554953 0.3433725 -0.3875833 0.8554966 0.3519208 -0.3747548 0.8577358 0.3982406 -0.3294525 0.8560757 0.3433702 -0.3875869 0.8554959 0.3383284 -0.3818958 0.860052 0.4261484 -0.2941477 0.8554966 0.4261477 -0.2941497 0.8554963 0.4345976 -0.2758036 0.8573548 0.4674034 -0.2199435 0.8562469 0.4196343 -0.2896537 0.8602371 0.48416 -0.1836162 0.8554965 0.4765649 -0.1807358 0.8603607 0.4900699 -0.1592337 0.8570157 0.5070674 -0.0967275 0.8564615 0.5043634 -0.03173072 0.8629083 0.5140339 -0.06241454 0.8554961 -0.527414 0 -0.8496084 0.48416 -0.1836162 0.8554965 -0.9980273 -0.06278224 -0 -0.9980273 -0.06278224 0 -0.9822865 -0.1873857 0 -0.9822865 -0.1873857 -0 -0.9510581 -0.3090122 0 -0.9510581 -0.3090122 -0 -0.9048246 -0.4257844 0 -0.844331 -0.535822 0 -0.9048246 -0.4257844 -0 -0.844331 -0.535822 0 -0.770514 -0.6374231 0 -0.6845467 -0.728969 0 -0.770514 -0.6374231 -0 -0.6845467 -0.728969 0 -0.5877851 -0.8090171 0 -0.4817457 -0.8763111 0 -0.5877851 -0.8090171 -0 -0.4817457 -0.8763111 0 -0.3681266 -0.9297757 0 -0.3681266 -0.9297757 -0 -0.248696 -0.9685816 -0 -0.248696 -0.9685816 0 -0.1253334 -0.9921147 -0 -0.1253334 -0.9921147 0 0 -1 0 -0 -1 0 0.1253327 -0.9921147 0 0.1253327 -0.9921147 0 0.2486975 -0.9685812 0 0.2486975 -0.9685812 0 0.3681245 -0.9297765 0 0.3681245 -0.9297765 0 0.4817483 -0.8763097 0 0.4817483 -0.8763097 0 0.5877822 -0.8090192 0 0.5877822 -0.8090192 0 0.6845498 -0.7289661 0 0.6845498 -0.7289661 0 0.770514 -0.6374231 0 0.770514 -0.6374231 0 0.8443282 -0.5358263 0 0.8443282 -0.5358263 0 0.9048269 -0.4257795 0 0.9048269 -0.4257795 0 0.9510564 -0.3090177 0 0.9510564 -0.3090177 0 0.9822875 -0.1873798 0 0.9822875 -0.1873798 0 0.9980268 -0.06278829 0 0.9980268 -0.06278829 0 -0.484161 -0.1836166 0.8554958 -0.4261486 -0.2941503 0.8554958 -0.3433756 -0.3875819 0.855496 -0.5043643 -0.03173385 0.8629076 -0.5070683 -0.09672765 0.856461 -0.4900707 -0.159234 0.8570153 -0.5140339 -0.06241454 0.8554961 0.5528552 -0.2764276 -0.7860909 -0.2406316 -0.4585008 0.855496 -0.4674034 -0.2199435 0.8562469 -0.4345989 -0.2758013 0.8573549 -0.4765643 -0.180738 0.8603605 -0.4841591 -0.1836183 0.8554965 -0.4841604 -0.1836164 0.8554962 -0.1239277 -0.5027608 0.855496 -0.3982403 -0.3294522 0.8560759 -0.351919 -0.3747561 0.8577359 -0.4261482 -0.2941488 0.8554964 -0.4196345 -0.2896526 0.8602373 -0.4261475 -0.2941495 0.8554966 0 -0.5178085 0.8554966 -0.303922 -0.4183129 0.8559473 -0.2473219 -0.4498866 0.8581573 -0.3433763 -0.3875827 0.8554954 -0.3383285 -0.381896 0.8600519 -0.3433695 -0.3875861 0.8554966 0.1239277 -0.5027606 0.8554962 -0.1903971 -0.4808868 0.8558602 -0.1274862 -0.4965115 0.8586172 -0.237301 -0.4521363 0.8598029 -0.2406307 -0.4584993 0.8554971 -0.2406396 -0.4584973 0.8554957 0.2406315 -0.4585007 0.8554962 -0.06483188 -0.5131979 0.8558182 0 -0.5117766 0.8591186 -0.1223243 -0.4962951 0.8594928 -0.1239281 -0.5027623 0.8554952 -0.1239182 -0.5027621 0.8554966 0.3433754 -0.3875817 0.8554962 0.06483188 -0.5131979 0.8558182 0 -0.5178103 0.8554955 0 -0.5117766 0.8591186 0.1239281 -0.5027623 0.8554952 0 -0.5178103 0.8554955 0.4261483 -0.2941501 0.855496 0.1239185 -0.5027621 0.8554966 0.1274862 -0.4965114 0.8586174 0.1903971 -0.4808867 0.8558603 0.1223246 -0.496295 0.8594928 0.4841606 -0.1836164 0.855496 0.3433763 -0.3875827 0.8554954 0.2473227 -0.4498864 0.8581572 0.3039214 -0.4183136 0.8559473 0.2406384 -0.4584963 0.8554965 0.2406322 -0.458502 0.8554952 0.2373004 -0.4521364 0.859803 0.3433695 -0.3875861 0.8554966 0.35192 -0.3747556 0.8577358 0.3982406 -0.3294525 0.8560757 0.3383285 -0.381896 0.8600519 0.4261477 -0.2941497 0.8554963 0.4345972 -0.2758034 0.8573551 0.4674031 -0.2199433 0.8562472 0.4261481 -0.2941487 0.8554965 0.4196348 -0.2896529 0.8602371 0.48416 -0.1836162 0.8554965 0.4765642 -0.1807368 0.8603608 0.4900708 -0.1592325 0.8570156 0.5070675 -0.09672908 0.8564613 0.5043634 -0.03173072 0.8629083 0.5140339 -0.06241454 0.8554961 -0.527414 0 -0.8496084 0.4841599 -0.1836174 0.8554963 -0.9980264 -0.06279433 -0 -0.9980264 -0.06279433 0 -0.9822875 -0.1873798 0 -0.9822875 -0.1873798 -0 -0.9510564 -0.3090177 0 -0.9510564 -0.3090177 -0 -0.9048269 -0.4257795 0 -0.844331 -0.535822 0 -0.9048269 -0.4257795 -0 -0.844331 -0.535822 0 -0.770514 -0.6374231 0 -0.6845467 -0.728969 0 -0.770514 -0.6374231 -0 -0.6845467 -0.728969 0 -0.5877851 -0.8090171 0 -0.4817457 -0.8763111 0 -0.5877851 -0.8090171 -0 -0.4817457 -0.8763111 0 -0.3681255 -0.9297761 0 -0.3681255 -0.9297761 -0 -0.2486967 -0.9685814 -0 -0.2486967 -0.9685814 0 -0.1253331 -0.9921147 -0 -0.1253331 -0.9921147 0 0 -1 0 -0 -1 0 0.1253331 -0.9921147 0 0.1253331 -0.9921147 0 0.2486967 -0.9685814 0 0.2486967 -0.9685814 0 0.3681255 -0.9297761 0 0.3681255 -0.9297761 0 0.481747 -0.8763103 0 0.481747 -0.8763103 0 0.5877837 -0.8090181 0 0.5877837 -0.8090181 0 0.6845483 -0.7289675 0 0.6845483 -0.7289675 0 0.770514 -0.6374231 0 0.770514 -0.6374231 0 0.8443282 -0.5358263 0 0.8443282 -0.5358263 0 0.9048269 -0.4257795 0 0.9048269 -0.4257795 0 0.9510572 -0.3090149 0 0.9510572 -0.3090149 0 0.9822869 -0.1873828 0 0.9822869 -0.1873828 0 0.9980268 -0.06278829 0 0.9980268 -0.06278829 0 -0.4841603 -0.1836178 0.8554959 -0.4261489 -0.2941496 0.8554959 -0.3433754 -0.3875819 0.8554961 -0.5043637 -0.03173189 0.8629081 -0.5070677 -0.09672834 0.8564613 -0.4900706 -0.1592332 0.8570155 -0.5140339 -0.06241475 0.8554961 0.5240974 0 -0.8516583 -0.2406315 -0.4585008 0.8554961 -0.4674033 -0.219943 0.8562472 -0.4345973 -0.2758033 0.857355 -0.4765643 -0.1807371 0.8603607 -0.4841597 -0.1836176 0.8554963 -0.4841597 -0.1836176 0.8554963 -0.1239278 -0.5027607 0.855496 -0.3982405 -0.3294524 0.8560757 -0.3519201 -0.3747554 0.8577358 -0.426148 -0.294149 0.8554965 -0.4196346 -0.289653 0.8602371 -0.4261481 -0.294149 0.8554965 0 -0.5178086 0.8554966 -0.3039213 -0.4183134 0.8559473 -0.2473226 -0.4498862 0.8581572 -0.3433762 -0.3875829 0.8554953 -0.3383283 -0.381896 0.8600519 -0.3433695 -0.3875863 0.8554965 0.1239278 -0.5027607 0.8554961 -0.1903969 -0.4808868 0.8558602 -0.1274864 -0.4965114 0.8586172 -0.2406307 -0.4584994 0.855497 -0.2406395 -0.4584974 0.8554956 -0.2373008 -0.4521362 0.859803 0.2406315 -0.4585008 0.8554961 -0.06483181 -0.5131978 0.8558182 0 -0.5117765 0.8591186 -0.1223243 -0.496295 0.8594929 -0.1239183 -0.5027622 0.8554966 -0.1239282 -0.5027624 0.855495 0.3433754 -0.3875819 0.8554961 0.06483182 -0.5131978 0.8558182 0 -0.5178103 0.8554955 0 -0.5117765 0.8591186 0 -0.5178103 0.8554955 0.4261489 -0.2941496 0.8554959 0.1239187 -0.5027638 0.8554956 0.1274863 -0.4965114 0.8586173 0.190397 -0.4808868 0.8558603 0.1239274 -0.5027591 0.8554971 0.1223243 -0.496295 0.8594929 0.2406307 -0.4584994 0.855497 0.4841602 -0.1836178 0.8554959 0.2473226 -0.4498863 0.8581572 0.3039213 -0.4183134 0.8559473 0.2406395 -0.4584974 0.8554956 0.2373008 -0.4521361 0.859803 0.3433745 -0.387581 0.8554969 0.35192 -0.3747554 0.8577358 0.3982405 -0.3294524 0.8560757 0.3433703 -0.3875873 0.8554957 0.3383283 -0.381896 0.8600519 0.4841597 -0.1836176 0.8554963 0.4261481 -0.294149 0.8554965 0.426148 -0.294149 0.8554965 0.4345975 -0.2758032 0.8573551 0.4674031 -0.2199433 0.8562471 0.4196346 -0.289653 0.8602371 0.4841597 -0.1836176 0.8554963 0.4765643 -0.1807371 0.8603607 0.4900708 -0.1592329 0.8570155 0.5070677 -0.09672834 0.8564612 0.5043637 -0.03173228 0.862908 0.5140339 -0.06241495 0.8554961 -0.5255623 0.008179959 -0.8507158 -0.9980267 -0.06279055 -0 -0.9980267 -0.06279055 0 -0.9822873 -0.1873813 0 -0.9822873 -0.1873813 -0 -0.9510567 -0.3090163 0 -0.9510567 -0.3090163 -0 -0.9048272 -0.4257789 0 -0.8443285 -0.535826 0 -0.9048272 -0.4257789 -0 -0.8443285 -0.535826 0 -0.770514 -0.6374231 0 -0.6845485 -0.7289674 0 -0.770514 -0.6374231 -0 -0.6845485 -0.7289674 0 -0.5877838 -0.809018 0 -0.4817471 -0.8763103 0 -0.5877838 -0.809018 -0 -0.4817471 -0.8763103 0 -0.3681251 -0.9297763 0 -0.3681251 -0.9297763 -0 -0.248697 -0.9685813 -0 -0.248697 -0.9685813 0 -0.1253329 -0.9921147 -0 -0.1253329 -0.9921147 0 0 -1 0 -0 -1 0 0.125333 -0.9921147 0 0.125333 -0.9921147 0 0.248697 -0.9685814 0 0.248697 -0.9685814 0 0.3681253 -0.9297762 0 0.3681253 -0.9297762 0 0.481747 -0.8763103 0 0.481747 -0.8763103 0 0.5877838 -0.809018 0 0.5877838 -0.809018 0 0.6845485 -0.7289674 0 0.6845485 -0.7289674 0 0.770514 -0.6374231 0 0.770514 -0.6374231 0 0.8443286 -0.5358257 0 0.8443286 -0.5358257 0 0.9048269 -0.4257795 0 0.9048269 -0.4257795 0 0.951057 -0.3090156 0 0.951057 -0.3090156 0 0.9822873 -0.1873813 0 0.9822873 -0.1873813 0 0.9980267 -0.06279131 0 0.9980267 -0.06279131 0 -0.5140338 -0.06241779 0.855496 -0.484161 -0.1836166 0.8554958 -0.4261486 -0.2941503 0.8554958 -0.3433756 -0.3875819 0.855496 -0.5043634 -0.03173226 0.8629083 -0.5070675 -0.09672908 0.8564614 -0.4900708 -0.1592325 0.8570156 -0.5140337 -0.06241514 0.8554962 -0.2406316 -0.4585008 0.855496 -0.4674031 -0.2199433 0.8562472 -0.4345972 -0.2758034 0.8573551 -0.4765642 -0.1807368 0.8603608 -0.4841597 -0.1836173 0.8554964 -0.4841604 -0.1836164 0.8554962 -0.1239277 -0.5027608 0.855496 -0.3982406 -0.3294525 0.8560757 -0.35192 -0.3747556 0.8577358 -0.4196348 -0.2896529 0.8602371 -0.4261482 -0.2941488 0.8554964 -0.4261475 -0.2941495 0.8554966 0 -0.5178085 0.8554966 -0.3039214 -0.4183136 0.8559473 -0.2473227 -0.4498864 0.8581572 -0.3433763 -0.3875827 0.8554954 -0.3383285 -0.381896 0.8600519 -0.3433695 -0.3875861 0.8554966 0.1239277 -0.5027606 0.8554962 -0.1903971 -0.4808868 0.8558602 -0.1274862 -0.4965115 0.8586172 -0.2406396 -0.4584973 0.8554957 -0.237301 -0.4521363 0.8598029 -0.1239273 -0.502759 0.8554971 -0.2406307 -0.4584993 0.8554971 0.2406315 -0.4585007 0.8554962 -0.06483188 -0.5131979 0.8558182 -0.1223243 -0.4962951 0.8594928 -0.1239187 -0.5027638 0.8554956 0.3433754 -0.3875817 0.8554962 0 -0.5117766 0.8591186 0.06483188 -0.5131979 0.8558182 0 -0.5117766 0.8591186 0 -0.5178103 0.8554955 0 -0.5178103 0.8554955 0.4261483 -0.2941501 0.855496 0.123919 -0.5027637 0.8554956 0.1274862 -0.4965114 0.8586174 0.1903965 -0.4808868 0.8558604 0.1239273 -0.5027592 0.8554971 0.1223246 -0.496295 0.8594928 0.4841606 -0.1836164 0.855496 0.2406384 -0.4584963 0.8554965 0.2473233 -0.449886 0.8581571 0.3039205 -0.418314 0.8559473 0.2373003 -0.4521362 0.8598031 0.2406322 -0.458502 0.8554952 0.3433746 -0.3875808 0.855497 0.3519208 -0.3747548 0.8577358 0.3982406 -0.3294525 0.8560757 0.3433704 -0.3875871 0.8554958 0.3383284 -0.3818958 0.860052 0.4261475 -0.2941495 0.8554966 0.4261475 -0.2941495 0.8554966 0.4345976 -0.2758036 0.8573548 0.4674034 -0.2199435 0.8562469 0.4196343 -0.2896537 0.8602371 0.48416 -0.1836162 0.8554965 0.4765649 -0.1807358 0.8603607 0.4900699 -0.1592337 0.8570157 0.5070674 -0.0967275 0.8564615 0.5043634 -0.03173072 0.8629083 0.5140339 -0.06241454 0.8554961 0.48416 -0.1836162 0.8554965 -0.527414 0 -0.8496084 -0.9980267 -0.06279131 -0 -0.9980267 -0.06279131 0 -0.9822869 -0.1873828 0 -0.9822869 -0.1873828 -0 -0.9510572 -0.3090149 0 -0.9510572 -0.3090149 -0 -0.9048269 -0.4257795 0 -0.8443282 -0.5358263 0 -0.9048269 -0.4257795 -0 -0.8443282 -0.5358263 0 -0.770514 -0.6374231 0 -0.6845483 -0.7289675 0 -0.770514 -0.6374231 -0 -0.6845483 -0.7289675 0 -0.5877837 -0.8090181 0 -0.481747 -0.8763103 0 -0.5877837 -0.8090181 -0 -0.3681255 -0.9297761 0 -0.481747 -0.8763103 0 -0.3681255 -0.9297761 0 -0.2486967 -0.9685814 -0 -0.2486967 -0.9685814 0 -0.1253331 -0.9921147 -0 -0.1253331 -0.9921147 0 -0 -1 -0 0 -1 0 0.1253331 -0.9921147 0 0.1253331 -0.9921147 0 0.2486967 -0.9685814 0 0.2486967 -0.9685814 0 0.3681245 -0.9297765 0 0.3681245 -0.9297765 0 0.4817483 -0.8763097 0 0.4817483 -0.8763097 0 0.5877822 -0.8090192 0 0.5877822 -0.8090192 0 0.6845498 -0.7289661 0 0.6845498 -0.7289661 0 0.770514 -0.6374231 0 0.770514 -0.6374231 0 0.8443282 -0.5358263 0 0.8443282 -0.5358263 0 0.9048269 -0.4257795 0 0.9048269 -0.4257795 0 0.9510564 -0.3090177 0 0.9510564 -0.3090177 0 0.9822875 -0.1873798 0 0.9822875 -0.1873798 0 0.9980268 -0.06278829 0 0.9980268 -0.06278829 0 -0.4841594 -0.1836209 0.8554958 -0.4261499 -0.2941487 0.8554956 -0.3433756 -0.3875819 0.855496 -0.5043643 -0.03173385 0.8629076 -0.5070683 -0.09672765 0.856461 -0.4900707 -0.159234 0.8570153 -0.5140339 -0.06241454 0.8554961 0.5277733 0 -0.8493853 -0.2406316 -0.4585008 0.855496 -0.4674034 -0.2199435 0.8562469 -0.4345989 -0.2758013 0.8573549 -0.4765643 -0.180738 0.8603605 -0.4841594 -0.1836184 0.8554963 -0.484158 -0.1836204 0.8554967 -0.1239277 -0.5027608 0.855496 -0.3982401 -0.329452 0.8560761 -0.3519188 -0.3747559 0.8577361 -0.4261475 -0.2941495 0.8554966 -0.4196337 -0.2896533 0.8602375 -0.426149 -0.2941481 0.8554962 0 -0.5178085 0.8554966 -0.3039218 -0.4183127 0.8559474 -0.2473218 -0.4498864 0.8581574 -0.3433765 -0.3875829 0.8554953 -0.3383284 -0.3818958 0.860052 -0.3433697 -0.3875863 0.8554963 0.1239277 -0.5027608 0.855496 -0.1903976 -0.4808865 0.8558604 -0.1274858 -0.4965114 0.8586174 -0.2373009 -0.452136 0.859803 -0.2406308 -0.4584994 0.8554969 -0.2406397 -0.4584975 0.8554956 0.2406316 -0.4585008 0.855496 -0.06483206 -0.5131978 0.8558183 -0.1223243 -0.496295 0.8594929 -0.1239282 -0.5027624 0.855495 0 -0.5178103 0.8554955 -0.1239183 -0.5027623 0.8554966 0.343373 -0.3875839 0.8554962 0 -0.5117766 0.8591186 0.06483168 -0.513198 0.8558182 0 -0.5117766 0.8591186 0 -0.5178103 0.8554955 0.4261492 -0.2941483 0.855496 0.1239186 -0.5027637 0.8554956 0.1274866 -0.4965115 0.8586173 0.1903966 -0.480887 0.8558603 0.1239273 -0.5027589 0.8554972 0.1223243 -0.496295 0.8594929 0.4841606 -0.1836164 0.855496 0.2406387 -0.4584957 0.8554967 0.2473233 -0.449886 0.8581571 0.3039205 -0.418314 0.8559473 0.2373009 -0.452136 0.859803 0.2406321 -0.4585018 0.8554953 0.3433725 -0.3875833 0.8554966 0.3519228 -0.3747538 0.8577353 0.3982393 -0.3294546 0.8560753 0.3383284 -0.3818958 0.860052 0.3433702 -0.3875869 0.8554959 0.4261484 -0.2941477 0.8554966 0.4261477 -0.2941497 0.8554963 0.4345976 -0.2758036 0.8573548 0.4674034 -0.2199435 0.8562469 0.4196343 -0.2896537 0.8602371 0.48416 -0.1836162 0.8554965 0.4765649 -0.1807358 0.8603607 0.4900716 -0.1592312 0.8570153 0.5070676 -0.09673065 0.8564612 0.5043635 -0.0317338 0.8629082 0.5140335 -0.06241614 0.8554962 -0.527414 0 -0.8496084 0.48416 -0.1836162 0.8554965 -0.9980264 -0.06279433 -0 -0.9980264 -0.06279433 0 -0.9822875 -0.1873798 0 -0.9510564 -0.3090177 0 -0.9822875 -0.1873798 -0 -0.9510564 -0.3090177 0 -0.9048269 -0.4257795 0 -0.844331 -0.535822 0 -0.9048269 -0.4257795 -0 -0.844331 -0.535822 0 -0.770514 -0.6374231 0 -0.6845467 -0.728969 0 -0.770514 -0.6374231 -0 -0.6845467 -0.728969 0 -0.5877851 -0.8090171 0 -0.5877851 -0.8090171 -0 -0.4817457 -0.8763111 0 -0.3681266 -0.9297757 0 -0.4817457 -0.8763111 -0 -0.3681266 -0.9297757 0 -0.248696 -0.9685816 -0 -0.248696 -0.9685816 0 -0.1253334 -0.9921147 -0 -0.1253334 -0.9921147 0 -0 -1 -0 0 -1 0 0.1253327 -0.9921147 0 0.1253327 -0.9921147 0 0.2486975 -0.9685812 0 0.2486975 -0.9685812 0 0.3681245 -0.9297765 0 0.3681245 -0.9297765 0 0.4817483 -0.8763097 0 0.4817483 -0.8763097 0 0.5877822 -0.8090192 0 0.5877822 -0.8090192 0 0.6845528 -0.7289633 0 0.6845528 -0.7289633 0 0.770511 -0.6374267 0 0.770511 -0.6374267 0 0.8443282 -0.5358263 0 0.8443282 -0.5358263 0 0.9048269 -0.4257795 0 0.9048269 -0.4257795 0 0.9510581 -0.3090122 0 0.9510581 -0.3090122 0 0.9822865 -0.1873857 0 0.9822865 -0.1873857 0 0.9980264 -0.06279433 0 0.9980264 -0.06279433 0 -0.484161 -0.1836166 0.8554958 -0.4261486 -0.2941503 0.8554958 -0.3433756 -0.3875819 0.855496 -0.5043643 -0.03173385 0.8629076 -0.5070683 -0.09672765 0.856461 -0.4900707 -0.159234 0.8570153 -0.5140339 -0.06241454 0.8554961 0.5528552 -0.2764276 -0.7860909 -0.2406316 -0.4585008 0.855496 -0.4674034 -0.2199435 0.8562469 -0.4345989 -0.2758013 0.8573549 -0.4765643 -0.180738 0.8603605 -0.4841591 -0.1836183 0.8554965 -0.4841604 -0.1836164 0.8554962 -0.1239277 -0.5027608 0.855496 -0.3982403 -0.3294522 0.8560759 -0.351919 -0.3747561 0.8577359 -0.4261482 -0.2941488 0.8554964 -0.4196345 -0.2896526 0.8602373 -0.4261475 -0.2941495 0.8554966 0 -0.5178085 0.8554966 -0.303922 -0.4183129 0.8559473 -0.2473219 -0.4498866 0.8581573 -0.3433763 -0.3875827 0.8554954 -0.3383285 -0.381896 0.8600519 -0.3433695 -0.3875861 0.8554966 0.1239277 -0.5027606 0.8554962 -0.1903971 -0.4808868 0.8558602 -0.1274862 -0.4965115 0.8586172 -0.237301 -0.4521363 0.8598029 -0.2406307 -0.4584993 0.8554971 -0.2406396 -0.4584973 0.8554957 0.2406315 -0.4585007 0.8554962 -0.06483188 -0.5131979 0.8558182 -0.1223243 -0.4962951 0.8594928 -0.1239281 -0.5027623 0.8554952 -0.1239182 -0.5027621 0.8554966 0.3433754 -0.3875817 0.8554962 0 -0.5117766 0.8591186 0.06483188 -0.5131979 0.8558182 0 -0.5117766 0.8591186 0 -0.5178103 0.8554955 0 -0.5178103 0.8554955 0.4261483 -0.2941501 0.855496 0.123919 -0.5027637 0.8554956 0.1274862 -0.4965114 0.8586174 0.1903971 -0.4808867 0.8558603 0.1239273 -0.5027592 0.8554971 0.2406309 -0.4584995 0.855497 0.1223246 -0.496295 0.8594928 0.4841606 -0.1836164 0.855496 0.2473227 -0.4498864 0.8581572 0.3039214 -0.4183136 0.8559473 0.2373004 -0.4521364 0.859803 0.2406391 -0.4584976 0.8554957 0.3433746 -0.3875808 0.855497 0.35192 -0.3747556 0.8577358 0.3982406 -0.3294525 0.8560757 0.3433704 -0.3875871 0.8554958 0.3383285 -0.381896 0.8600519 0.4261477 -0.2941497 0.8554963 0.4261481 -0.2941487 0.8554965 0.4345972 -0.2758034 0.8573551 0.4674031 -0.2199433 0.8562472 0.4196348 -0.2896529 0.8602371 0.48416 -0.1836162 0.8554965 0.4765642 -0.1807368 0.8603608 0.4900708 -0.1592325 0.8570156 0.5070675 -0.09672908 0.8564613 0.5043634 -0.03173072 0.8629083 0.5140339 -0.06241454 0.8554961 -0.527414 0 -0.8496084 0.4841599 -0.1836174 0.8554963 -0.9980264 -0.06279433 -0 -0.9980264 -0.06279433 0 -0.9822875 -0.1873798 0 -0.9822875 -0.1873798 -0 -0.9510564 -0.3090177 0 -0.9510564 -0.3090177 -0 -0.9048269 -0.4257795 0 -0.844331 -0.535822 0 -0.9048269 -0.4257795 -0 -0.844331 -0.535822 0 -0.770514 -0.6374231 0 -0.6845467 -0.728969 0 -0.770514 -0.6374231 -0 -0.6845467 -0.728969 0 -0.5877851 -0.8090171 0 -0.4817457 -0.8763111 0 -0.5877851 -0.8090171 -0 -0.4817457 -0.8763111 0 -0.3681255 -0.9297761 0 -0.3681255 -0.9297761 -0 -0.2486967 -0.9685814 -0 -0.2486967 -0.9685814 0 -0.1253331 -0.9921147 -0 -0.1253331 -0.9921147 0 0 -1 0 -0 -1 0 0.1253331 -0.9921147 0 0.1253331 -0.9921147 0 0.2486967 -0.9685814 0 0.2486967 -0.9685814 0 0.3681255 -0.9297761 0 0.3681255 -0.9297761 0 0.481747 -0.8763103 0 0.481747 -0.8763103 0 0.5877837 -0.8090181 0 0.5877837 -0.8090181 0 0.6845483 -0.7289675 0 0.6845483 -0.7289675 0 0.770514 -0.6374231 0 0.770514 -0.6374231 0 0.8443282 -0.5358263 0 0.8443282 -0.5358263 0 0.9048269 -0.4257795 0 0.9048269 -0.4257795 0 0.9510572 -0.3090149 0 0.9510572 -0.3090149 0 0.9822869 -0.1873828 0 0.9822869 -0.1873828 0 0.9980268 -0.06278829 0 0.9980268 -0.06278829 0 -0.4841603 -0.1836178 0.8554959 -0.4261489 -0.2941496 0.8554959 -0.3433754 -0.3875819 0.8554961 -0.5043637 -0.03173189 0.8629081 -0.5070677 -0.09672834 0.8564613 -0.4900706 -0.1592332 0.8570155 -0.5140339 -0.06241475 0.8554961 0.5240974 0 -0.8516583 -0.2406315 -0.4585008 0.8554961 -0.4674033 -0.219943 0.8562472 -0.4345973 -0.2758033 0.857355 -0.4765643 -0.1807371 0.8603607 -0.4841597 -0.1836176 0.8554963 -0.4841597 -0.1836176 0.8554963 -0.1239278 -0.5027607 0.855496 -0.3982405 -0.3294524 0.8560757 -0.3519201 -0.3747554 0.8577358 -0.426148 -0.294149 0.8554965 -0.4196346 -0.289653 0.8602371 -0.4261481 -0.294149 0.8554965 0 -0.5178086 0.8554966 -0.3039213 -0.4183134 0.8559473 -0.2473226 -0.4498862 0.8581572 -0.3433762 -0.3875829 0.8554953 -0.3383283 -0.381896 0.8600519 -0.3433695 -0.3875863 0.8554965 0.1239278 -0.5027607 0.8554961 -0.1903969 -0.4808868 0.8558602 -0.1274864 -0.4965114 0.8586172 -0.2373008 -0.4521362 0.859803 -0.2406307 -0.4584994 0.855497 -0.1239273 -0.502759 0.8554971 -0.2406395 -0.4584974 0.8554956 0.2406315 -0.4585008 0.8554961 -0.06483181 -0.5131978 0.8558182 -0.1223243 -0.496295 0.8594929 -0.1239187 -0.5027639 0.8554956 0.3433754 -0.3875819 0.8554961 0 -0.5117765 0.8591186 0.06483182 -0.5131978 0.8558182 0 -0.5117766 0.8591186 0 -0.5178103 0.8554955 0 -0.5178103 0.8554955 0.4261489 -0.2941496 0.8554959 0.1239187 -0.5027638 0.8554956 0.1274863 -0.4965114 0.8586173 0.190397 -0.4808868 0.8558603 0.1239274 -0.5027591 0.8554971 0.1223243 -0.496295 0.8594929 0.4841602 -0.1836178 0.8554959 0.2406388 -0.4584961 0.8554965 0.2473226 -0.4498863 0.8581572 0.3039213 -0.4183134 0.8559473 0.2373008 -0.4521361 0.859803 0.2406322 -0.4585021 0.8554952 0.3433745 -0.387581 0.8554969 0.35192 -0.3747554 0.8577358 0.3982405 -0.3294524 0.8560757 0.3433703 -0.3875873 0.8554957 0.3383283 -0.381896 0.8600519 0.4841597 -0.1836176 0.8554963 0.4261481 -0.294149 0.8554965 0.426148 -0.294149 0.8554965 0.4345975 -0.2758032 0.8573551 0.4674031 -0.2199433 0.8562471 0.4196346 -0.289653 0.8602371 0.4841597 -0.1836176 0.8554963 0.4765643 -0.1807371 0.8603607 0.4900708 -0.1592329 0.8570155 0.5070677 -0.09672834 0.8564612 0.5043637 -0.03173228 0.862908 0.5140339 -0.06241495 0.8554961 -0.5255623 0.008179959 -0.8507158 -0.9980267 -0.06279055 -0 -0.9980267 -0.06279055 0 -0.9822873 -0.1873813 0 -0.9822873 -0.1873813 -0 -0.9510567 -0.3090163 0 -0.9510567 -0.3090163 -0 -0.9048272 -0.4257789 0 -0.8443285 -0.535826 0 -0.9048272 -0.4257789 -0 -0.8443285 -0.535826 0 -0.770514 -0.6374231 0 -0.6845485 -0.7289674 0 -0.770514 -0.6374231 -0 -0.6845485 -0.7289674 0 -0.5877838 -0.809018 0 -0.4817471 -0.8763103 0 -0.5877838 -0.809018 -0 -0.3681251 -0.9297763 0 -0.4817471 -0.8763103 0 -0.3681251 -0.9297763 0 -0.248697 -0.9685813 -0 -0.248697 -0.9685813 0 -0.1253329 -0.9921147 -0 -0.1253329 -0.9921147 0 -0 -1 -0 0 -1 0 0.125333 -0.9921147 0 0.125333 -0.9921147 0 0.248697 -0.9685814 0 0.248697 -0.9685814 0 0.3681253 -0.9297762 0 0.3681253 -0.9297762 0 0.481747 -0.8763103 0 0.481747 -0.8763103 0 0.5877838 -0.809018 0 0.5877838 -0.809018 0 0.6845485 -0.7289674 0 0.6845485 -0.7289674 0 0.770514 -0.6374231 0 0.770514 -0.6374231 0 0.8443286 -0.5358257 0 0.8443286 -0.5358257 0 0.9048269 -0.4257795 0 0.9048269 -0.4257795 0 0.951057 -0.3090156 0 0.951057 -0.3090156 0 0.9822873 -0.1873813 0 0.9822873 -0.1873813 0 0.9980267 -0.06279131 0 0.9980267 -0.06279131 0 -0.5140338 -0.06241779 0.855496 -0.484161 -0.1836166 0.8554958 -0.4261486 -0.2941503 0.8554958 -0.3433756 -0.3875819 0.855496 -0.5043634 -0.03173226 0.8629083 -0.5070675 -0.09672908 0.8564614 -0.4900708 -0.1592325 0.8570156 -0.5140337 -0.06241514 0.8554962 -0.2406316 -0.4585008 0.855496 -0.4674031 -0.2199433 0.8562472 -0.4345972 -0.2758034 0.8573551 -0.4765642 -0.1807368 0.8603608 -0.4841597 -0.1836173 0.8554964 -0.4841604 -0.1836164 0.8554962 -0.1239277 -0.5027608 0.855496 -0.3982406 -0.3294525 0.8560757 -0.35192 -0.3747556 0.8577358 -0.4196348 -0.2896529 0.8602371 -0.4261482 -0.2941488 0.8554964 -0.4261475 -0.2941495 0.8554966 0 -0.5178085 0.8554966 -0.3039214 -0.4183136 0.8559473 -0.2473227 -0.4498864 0.8581572 -0.3433763 -0.3875827 0.8554954 -0.3383285 -0.381896 0.8600519 -0.3433695 -0.3875861 0.8554966 0.1239277 -0.5027606 0.8554962 -0.1903971 -0.4808868 0.8558602 -0.1274862 -0.4965115 0.8586172 -0.237301 -0.4521363 0.8598029 -0.2406307 -0.4584993 0.8554971 -0.2406396 -0.4584973 0.8554957 0.2406315 -0.4585007 0.8554962 -0.06483188 -0.5131979 0.8558182 -0.1223243 -0.4962951 0.8594928 -0.1239281 -0.5027623 0.8554952 0 -0.5178103 0.8554955 -0.1239182 -0.5027621 0.8554966 0.3433754 -0.3875817 0.8554962 0 -0.5117766 0.8591186 0.06483188 -0.5131979 0.8558182 0 -0.5117766 0.8591186 0 -0.5178103 0.8554955 0.4261483 -0.2941501 0.855496 0.123919 -0.5027637 0.8554956 0.1274862 -0.4965114 0.8586174 0.1903965 -0.4808868 0.8558604 0.1239273 -0.5027592 0.8554971 0.2406309 -0.4584995 0.855497 0.1223246 -0.496295 0.8594928 0.4841606 -0.1836164 0.855496 0.2473233 -0.449886 0.8581571 0.3039205 -0.418314 0.8559473 0.2406391 -0.4584976 0.8554957 0.2373003 -0.4521362 0.8598031 0.3433746 -0.3875808 0.855497 0.3519208 -0.3747548 0.8577358 0.3982406 -0.3294525 0.8560757 0.3433704 -0.3875871 0.8554958 0.3383284 -0.3818958 0.860052 0.4261475 -0.2941495 0.8554966 0.4261475 -0.2941495 0.8554966 0.4345976 -0.2758036 0.8573548 0.4674034 -0.2199435 0.8562469 0.4196343 -0.2896537 0.8602371 0.48416 -0.1836162 0.8554965 0.4765649 -0.1807358 0.8603607 0.4900699 -0.1592337 0.8570157 0.5070674 -0.0967275 0.8564615 0.5043634 -0.03173072 0.8629083 0.5140339 -0.06241454 0.8554961 0.48416 -0.1836162 0.8554965 -0.527414 0 -0.8496084 -0.9980267 -0.06279131 -0 -0.9980267 -0.06279131 0 -0.9822869 -0.1873828 0 -0.9822869 -0.1873828 -0 -0.9510572 -0.3090149 0 -0.9510572 -0.3090149 -0 -0.9048269 -0.4257795 0 -0.8443282 -0.5358263 0 -0.9048269 -0.4257795 -0 -0.8443282 -0.5358263 0 -0.770514 -0.6374231 0 -0.6845483 -0.7289675 0 -0.770514 -0.6374231 -0 -0.6845483 -0.7289675 0 -0.5877837 -0.8090181 0 -0.481747 -0.8763103 0 -0.5877837 -0.8090181 -0 -0.481747 -0.8763103 0 -0.3681255 -0.9297761 0 -0.3681255 -0.9297761 -0 -0.2486967 -0.9685814 -0 -0.2486967 -0.9685814 0 -0.1253331 -0.9921147 -0 -0.1253331 -0.9921147 0 0 -1 0 -0 -1 0 0.1253331 -0.9921147 0 0.1253331 -0.9921147 0 0.2486967 -0.9685814 0 0.2486967 -0.9685814 0 0.3681245 -0.9297765 0 0.3681245 -0.9297765 0 0.4817483 -0.8763097 0 0.4817483 -0.8763097 0 0.5877822 -0.8090192 0 0.5877822 -0.8090192 0 0.6845498 -0.7289661 0 0.6845498 -0.7289661 0 0.770514 -0.6374231 0 0.770514 -0.6374231 0 0.8443282 -0.5358263 0 0.8443282 -0.5358263 0 0.9048269 -0.4257795 0 0.9048269 -0.4257795 0 0.9510564 -0.3090177 0 0.9510564 -0.3090177 0 0.9822875 -0.1873798 0 0.9822875 -0.1873798 0 0.9980268 -0.06278829 0 0.9980268 -0.06278829 0 -0.4841594 -0.1836209 0.8554958 -0.4261499 -0.2941487 0.8554956 -0.3433756 -0.3875819 0.855496 -0.5043643 -0.03173385 0.8629076 -0.5070683 -0.09672765 0.856461 -0.4900707 -0.159234 0.8570153 -0.5140339 -0.06241454 0.8554961 0.5277733 0 -0.8493853 -0.2406316 -0.4585008 0.855496 -0.4674034 -0.2199435 0.8562469 -0.4345989 -0.2758013 0.8573549 -0.4765643 -0.180738 0.8603605 -0.4841594 -0.1836184 0.8554963 -0.484158 -0.1836204 0.8554967 -0.1239277 -0.5027608 0.855496 -0.3982401 -0.329452 0.8560761 -0.3519188 -0.3747559 0.8577361 -0.4261475 -0.2941495 0.8554966 -0.4196337 -0.2896533 0.8602375 -0.426149 -0.2941481 0.8554962 0 -0.5178085 0.8554966 -0.3039218 -0.4183127 0.8559474 -0.2473218 -0.4498864 0.8581574 -0.3433765 -0.3875829 0.8554953 -0.3383284 -0.3818958 0.860052 -0.3433697 -0.3875863 0.8554963 0.1239277 -0.5027608 0.855496 -0.1903976 -0.4808865 0.8558604 -0.1274858 -0.4965114 0.8586174 -0.2373009 -0.452136 0.859803 -0.2406308 -0.4584994 0.8554969 -0.2406397 -0.4584975 0.8554956 0.2406316 -0.4585008 0.855496 -0.06483206 -0.5131978 0.8558183 0 -0.5117766 0.8591186 -0.1223243 -0.496295 0.8594929 -0.1239282 -0.5027624 0.855495 -0.1239183 -0.5027623 0.8554966 0.343373 -0.3875839 0.8554962 0.06483168 -0.513198 0.8558182 0 -0.5178103 0.8554955 0 -0.5117766 0.8591186 0.1239281 -0.5027622 0.8554952 0 -0.5178103 0.8554955 0.4261492 -0.2941483 0.855496 0.1239182 -0.502762 0.8554966 0.1274866 -0.4965115 0.8586173 0.1903966 -0.480887 0.8558603 0.1223243 -0.496295 0.8594929 0.2406307 -0.4584991 0.8554972 0.4841606 -0.1836164 0.855496 0.2473233 -0.449886 0.8581571 0.3039205 -0.418314 0.8559473 0.2406394 -0.458497 0.8554958 0.2373009 -0.452136 0.859803 0.3433725 -0.3875833 0.8554966 0.3519228 -0.3747538 0.8577353 0.3982393 -0.3294546 0.8560753 0.3433702 -0.3875869 0.8554959 0.3383284 -0.3818958 0.860052 0.4261484 -0.2941477 0.8554966 0.4261477 -0.2941497 0.8554963 0.4345976 -0.2758036 0.8573548 0.4674034 -0.2199435 0.8562469 0.4196343 -0.2896537 0.8602371 0.48416 -0.1836162 0.8554965 0.4765649 -0.1807358 0.8603607 0.4900716 -0.1592312 0.8570153 0.5070676 -0.09673065 0.8564612 0.5043635 -0.0317338 0.8629082 0.5140335 -0.06241614 0.8554962 -0.527414 0 -0.8496084 0.48416 -0.1836162 0.8554965 -0.9980264 -0.06279433 -0 -0.9980264 -0.06279433 0 -0.9822875 -0.1873798 0 -0.9822875 -0.1873798 -0 -0.9510564 -0.3090177 0 -0.9510564 -0.3090177 -0 -0.9048269 -0.4257795 0 -0.844331 -0.535822 0 -0.9048269 -0.4257795 -0 -0.844331 -0.535822 0 -0.770514 -0.6374231 0 -0.6845467 -0.728969 0 -0.770514 -0.6374231 -0 -0.6845467 -0.728969 0 -0.5877851 -0.8090171 0 -0.4817457 -0.8763111 0 -0.5877851 -0.8090171 -0 -0.4817457 -0.8763111 0 -0.3681266 -0.9297757 0 -0.3681266 -0.9297757 -0 -0.248696 -0.9685816 -0 -0.248696 -0.9685816 0 -0.1253334 -0.9921147 -0 -0.1253334 -0.9921147 0 0 -1 0 -0 -1 0 0.1253327 -0.9921147 0 0.1253327 -0.9921147 0 0.2486975 -0.9685812 0 0.2486975 -0.9685812 0 0.3681245 -0.9297765 0 0.3681245 -0.9297765 0 0.4817483 -0.8763097 0 0.4817483 -0.8763097 0 0.5877822 -0.8090192 0 0.5877822 -0.8090192 0 0.6845528 -0.7289633 0 0.6845528 -0.7289633 0 0.770511 -0.6374267 0 0.770511 -0.6374267 0 0.8443282 -0.5358263 0 0.8443282 -0.5358263 0 0.9048269 -0.4257795 0 0.9048269 -0.4257795 0 0.9510581 -0.3090122 0 0.9510581 -0.3090122 0 0.9822865 -0.1873857 0 0.9822865 -0.1873857 0 0.9980264 -0.06279433 0 0.9980264 -0.06279433 0 -0.9980267 -0.06279072 -0 -0.9980267 -0.06279072 0 -0.9822868 -0.1873837 0 -0.9510568 -0.3090161 0 -0.9822868 -0.1873837 0 -0.9510568 -0.3090161 0 -0.9048277 -0.4257779 0 -0.9048277 -0.4257779 -0 -0.8443273 -0.5358278 0 -0.8443273 -0.5358278 -0 -0.7705136 -0.6374236 0 -0.7705136 -0.6374236 -0 -0.6845486 -0.7289672 0 -0.6845486 -0.7289672 -0 -0.5877856 -0.8090167 0 -0.4817521 -0.8763075 0 -0.5877856 -0.8090167 -0 -0.3681231 -0.929777 0 -0.4817521 -0.8763075 0 -0.3681231 -0.929777 0 -0.2486918 -0.9685827 -0 -0.2486918 -0.9685827 0 -0.125333 -0.9921148 -0 -0.125333 -0.9921148 0 -0 -1 -0 0 -1 0 0.125333 -0.9921148 0 0.125333 -0.9921148 0 0.2486918 -0.9685827 0 0.2486918 -0.9685827 0 0.3681231 -0.929777 0 0.3681231 -0.929777 0 0.4817521 -0.8763075 0 0.4817521 -0.8763075 0 0.5877856 -0.8090167 0 0.5877856 -0.8090167 0 0.6845486 -0.7289672 0 0.6845486 -0.7289672 0 0.7705136 -0.6374236 0 0.7705136 -0.6374236 0 0.8443273 -0.5358278 0 0.8443273 -0.5358278 0 0.9048256 -0.4257824 0 0.9048256 -0.4257824 0 0.9510568 -0.3090161 0 0.9510568 -0.3090161 0 0.9822878 -0.1873783 0 0.9822878 -0.1873783 0 0.9980267 -0.06279072 0 0.9980267 -0.06279072 0 0 0 1 0 0 1 0 0 1 0 0 1 0 0 1 0 0 1 0 0 1 0 0 1 0 0 1 0 0 1 0 0 1 0 0 1 0 0 1 0 0 1 0 0 1 0 0 1 0 0 1 0 0 1 0 0 1 0 0 1 0 0 1 0 0 1 0 0 1 0 0 1 0 0 1 0 0 1 0 0 1 0 0 1 0 0 1 0 0 1 0 0 1 0 0 1 0 -0 1 0 0 1 0 0 1 0 0 1 0 0 1 0 -0 1 0 0 1 0 0 1 0 -0 1 0 0 1 0 0 1 0 0 1 0 -0 1 0 0 1 0 0 1 0 0 1 0 0 1 0 0 1 0 0 1 0 -0 1 0 0 1 0 0 1 0 0 1 0 0 1 0 -0 1 0 0 1 0 0 1 0 0 1 0 0 1 0 0 1 0 0 1 0 -0 1 0 0 1 0 0 1 0 0 1 0 -0 1 0 -0 1 0 0 1 0 0 1 0 0 1 0 0 1 0 0 1 0 0 1 0 0 1 0 0 1 0 0 1 0 0 1 0 0 1 0 0 1 0 0 1 0 0 1 0 0 1 0 0 1 0 0 1 0 0 1 0 0 1 0 0 1 0 0 1 0 0 1 0 0 1 0 0 1 0 0 1 0 0 1 0 0 1 0 0 1 0 0 1 0 0 1 0 0 1 -0.9980267 -0.06279102 -0 -0.9980267 -0.06279102 0 -0.982287 -0.1873828 0 -0.951057 -0.3090158 0 -0.982287 -0.1873828 0 -0.951057 -0.3090158 0 -0.9048269 -0.4257795 0 -0.9048269 -0.4257795 -0 -0.8443278 -0.5358269 0 -0.8443278 -0.5358269 -0 -0.7705128 -0.6374246 0 -0.7705128 -0.6374246 -0 -0.6845474 -0.7289683 0 -0.6845474 -0.7289683 -0 -0.5877861 -0.8090163 0 -0.481754 -0.8763065 0 -0.5877861 -0.8090163 -0 -0.3681232 -0.929777 0 -0.481754 -0.8763065 0 -0.3681232 -0.929777 0 -0.2486904 -0.968583 -0 -0.2486904 -0.968583 0 -0.1253327 -0.9921148 -0 -0.1253327 -0.9921148 0 -0 -1 -0 0 -1 0 0.1253331 -0.9921147 0 0.1253331 -0.9921147 0 0.2486896 -0.9685832 0 0.2486896 -0.9685832 0 0.3681242 -0.9297766 0 0.3681242 -0.9297766 0 0.481754 -0.8763065 0 0.481754 -0.8763065 0 0.5877846 -0.8090174 0 0.5877846 -0.8090174 0 0.6845474 -0.7289683 0 0.6845474 -0.7289683 0 0.7705128 -0.6374246 0 0.7705128 -0.6374246 0 0.8443278 -0.5358269 0 0.8443278 -0.5358269 0 0.9048269 -0.4257795 0 0.9048269 -0.4257795 0 0.951057 -0.3090158 0 0.951057 -0.3090158 0 0.9822875 -0.1873798 0 0.9822875 -0.1873798 0 0.9980267 -0.06279102 0 0.9980267 -0.06279102 0 -0.9980267 -0.06279072 -0 -0.9980267 -0.06279072 0 -0.9822868 -0.1873837 0 -0.9510568 -0.3090161 0 -0.9822868 -0.1873837 0 -0.9510568 -0.3090161 0 -0.9048277 -0.4257779 0 -0.9048277 -0.4257779 -0 -0.8443273 -0.5358278 0 -0.8443273 -0.5358278 -0 -0.7705136 -0.6374236 0 -0.7705136 -0.6374236 -0 -0.6845479 -0.7289679 0 -0.6845479 -0.7289679 -0 -0.5877856 -0.8090167 0 -0.4817521 -0.8763075 0 -0.5877856 -0.8090167 -0 -0.3681255 -0.9297761 0 -0.4817521 -0.8763075 0 -0.3681255 -0.9297761 0 -0.2486892 -0.9685833 -0 -0.2486892 -0.9685833 0 -0.1253343 -0.9921145 -0 -0.1253343 -0.9921145 0 -0 -1 -0 0 -1 0 0.1253343 -0.9921145 0 0.1253343 -0.9921145 0 0.2486892 -0.9685833 0 0.2486892 -0.9685833 0 0.3681255 -0.9297761 0 0.3681255 -0.9297761 0 0.4817521 -0.8763075 0 0.4817521 -0.8763075 0 0.5877856 -0.8090167 0 0.5877856 -0.8090167 0 0.6845479 -0.7289679 0 0.6845479 -0.7289679 0 0.7705136 -0.6374236 0 0.7705136 -0.6374236 0 0.8443273 -0.5358278 0 0.8443273 -0.5358278 0 0.9048256 -0.4257824 0 0.9048256 -0.4257824 0 0.9510568 -0.3090161 0 0.9510568 -0.3090161 0 0.9822878 -0.1873783 0 0.9822878 -0.1873783 0 0.9980267 -0.06279072 0 0.9980267 -0.06279072 0 0 0 1 0 0 1 0 0 1 0 0 1 0 0 1 0 0 1 0 0 1 0 0 1 0 0 1 0 0 1 0 0 1 0 0 1 0 0 1 0 0 1 0 0 1 0 0 1 0 0 1 0 0 1 0 0 1 0 0 1 0 0 1 0 0 1 0 0 1 0 0 1 0 0 1 0 0 1 0 0 1 0 0 1 0 0 1 0 0 1 0 0 1 0 0 1 0 -0 1 0 0 1 0 0 1 0 0 1 0 -0 1 0 -0 1 0 0 1 0 0 1 0 0 1 0 0 1 0 0 1 0 0 1 0 -0 1 0 0 1 0 0 1 0 0 1 0 0 1 0 0 1 0 -0 1 0 0 1 0 0 1 0 0 1 0 0 1 0 -0 1 0 -0 1 0 0 1 0 0 1 0 0 1 0 0 1 0 0 1 0 0 1 0 -0 1 0 0 1 0 0 1 0 0 1 0 -0 1 0 -0 1 0 0 1 0 0 1 0 0 1 0 -0 1 0 0 1 0 0 1 0 0 1 0 0 1 0 0 1 0 0 1 0 0 1 0 0 1 0 0 1 0 0 1 0 0 1 0 0 1 0 0 1 0 0 1 0 0 1 0 0 1 0 0 1 0 0 1 0 0 1 0 0 1 0 0 1 0 0 1 0 0 1 0 0 1 0 0 1 0 0 1 0 0 1 -0.9980267 -0.06279102 -0 -0.9980267 -0.06279102 0 -0.982287 -0.1873828 0 -0.951057 -0.3090158 0 -0.982287 -0.1873828 0 -0.951057 -0.3090158 0 -0.9048269 -0.4257798 0 -0.9048269 -0.4257798 -0 -0.8443278 -0.5358269 0 -0.8443278 -0.5358269 -0 -0.7705134 -0.6374238 0 -0.7705134 -0.6374238 -0 -0.6845466 -0.728969 0 -0.6845466 -0.728969 -0 -0.5877866 -0.809016 0 -0.4817534 -0.8763068 0 -0.5877866 -0.809016 -0 -0.3681239 -0.9297768 0 -0.4817534 -0.8763068 0 -0.3681239 -0.9297768 0 -0.2486904 -0.968583 -0 -0.2486904 -0.968583 0 -0.1253334 -0.9921147 -0 -0.1253334 -0.9921147 0 -0 -1 -0 0 -1 0 0.1253338 -0.9921147 0 0.1253338 -0.9921147 0 0.2486896 -0.9685832 0 0.2486896 -0.9685832 0 0.3681249 -0.9297764 0 0.3681249 -0.9297764 0 0.4817534 -0.8763068 0 0.4817534 -0.8763068 0 0.5877851 -0.8090171 0 0.5877851 -0.8090171 0 0.6845466 -0.728969 0 0.6845466 -0.728969 0 0.7705134 -0.6374238 0 0.7705134 -0.6374238 0 0.8443278 -0.5358269 0 0.8443278 -0.5358269 0 0.9048269 -0.4257798 0 0.9048269 -0.4257798 0 0.951057 -0.3090158 0 0.951057 -0.3090158 0 0.9822875 -0.1873798 0 0.9822875 -0.1873798 0 0.9980267 -0.06279102 0 0.9980267 -0.06279102 0 -1 0 0 -1 0 0 1 0 0 1 0 0 0.9980267 -0.06279092 0 0.9980267 -0.06279092 0 0.9822873 -0.1873813 0 0.9822873 -0.1873813 0 0.9510569 -0.3090158 0 0.9510569 -0.3090158 0 0.904827 -0.4257795 0 0.904827 -0.4257795 0 0.8443274 -0.5358277 0 0.8443274 -0.5358277 0 0.770514 -0.6374231 0 0.770514 -0.6374231 0 0.6845466 -0.728969 0 0.6845466 -0.728969 0 0.5877837 -0.8090182 0 0.481754 -0.8763065 0 0.5877837 -0.8090182 0 0.3681255 -0.9297761 0 0.481754 -0.8763065 0 0.2486911 -0.9685829 0 0.3681255 -0.9297761 0 0.2486911 -0.9685829 0 0.1253331 -0.9921147 0 0.1253331 -0.9921147 0 0 -1 0 0 -1 0 -0.1253331 -0.9921147 -0 -0.1253331 -0.9921147 0 -0.2486911 -0.9685829 0 -0.2486911 -0.9685829 0 -0.3681255 -0.9297761 0 -0.481754 -0.8763065 -0 -0.3681255 -0.9297761 0 -0.481754 -0.8763065 0 -0.5877837 -0.8090182 0 -0.5877837 -0.8090182 0 -0.6845466 -0.728969 0 -0.770514 -0.6374231 -0 -0.6845466 -0.728969 0 -0.770514 -0.6374231 0 -0.8443274 -0.5358277 0 -0.8443274 -0.5358277 0 -0.904827 -0.4257795 0 -0.904827 -0.4257795 0 -0.9510569 -0.3090158 0 -0.9510569 -0.3090158 0 -0.982287 -0.1873828 0 -0.9980267 -0.06279092 -0 -0.982287 -0.1873828 0 -0.9980267 -0.06279092 0 0 1 0 0 1 -0 -0.06122526 -0.998124 0 -0.06122526 -0.998124 0 -0.1827447 -0.9831604 0 -0.1827447 -0.9831604 0 -0.3015331 -0.9534557 0 -0.3015331 -0.9534557 0 -0.4158059 -0.9094534 0 -0.4158059 -0.9094534 0 -0.5238297 -0.851823 0 -0.5238297 -0.851823 0 0 -1 0 0 -1 0 -0.06279102 -0.9980267 0 -0.06279102 -0.9980267 0 -0.1873798 -0.9822875 0 -0.1873798 -0.9822875 0 -0.3090186 -0.951056 0 -0.3090186 -0.951056 0 -0.4257798 -0.9048268 0 -0.4257798 -0.9048268 0 -0.535827 -0.8443278 0 -0.535827 -0.8443278 0 -0.6374238 -0.7705134 0 -0.6374238 -0.7705134 0 -0.7289677 -0.6845482 0 -0.7289677 -0.6845482 0 -0.8090174 -0.5877847 0 -0.8090174 -0.5877847 0 -0.8763065 -0.481754 0 -0.8763065 -0.481754 0 -0.9297765 -0.3681245 0 -0.9297765 -0.3681245 0 -0.9685831 -0.2486904 0 -0.9685831 -0.2486904 0 -0.9921147 -0.1253331 0 -0.9921147 -0.1253331 0 -1 0 0 -1 -0 0 -0.9921147 0.1253331 0 -0.9921147 0.1253331 0 -0.9685833 0.2486896 0 -0.9685833 0.2486896 0 -0.9297761 0.3681255 0 -0.9297761 0.3681255 0 -0.8763065 0.481754 0 -0.8763065 0.481754 0 -0.8090174 0.5877847 0 -0.8090174 0.5877847 0 -0.728969 0.6845466 0 -0.728969 0.6845466 0 -0.6374238 0.7705134 0 -0.6374238 0.7705134 0 -0.5358248 0.8443292 0 -0.5358248 0.8443292 0 -0.4257798 0.9048268 0 -0.4257798 0.9048268 0 -0.3090186 0.951056 0 -0.3090186 0.951056 0 -0.1873798 0.9822875 0 -0.1873798 0.9822875 0 -0.06279102 0.9980267 0 -0.06279102 0.9980267 0 0 -1 0 0 -1 0 0 1 0 0 1 -0 -0.5238297 0.851823 0 -0.5238297 0.851823 0 -0.4158059 0.9094534 0 -0.4158059 0.9094534 0 -0.3015331 0.9534557 0 -0.3015331 0.9534557 0 -0.1827447 0.9831604 0 -0.1827447 0.9831604 0 -0.06122526 0.998124 0 -0.06122526 0.998124 0 -0.06279102 -0.9980267 0 -0.06279102 -0.9980267 0 -0.1873798 -0.9822875 0 -0.1873798 -0.9822875 0 -0.3090186 -0.951056 0 -0.3090186 -0.951056 0 -0.4257798 -0.9048268 0 -0.4257798 -0.9048268 0 -0.5358248 -0.8443292 0 -0.5358248 -0.8443292 0 -0.6374238 -0.7705134 0 -0.6374238 -0.7705134 0 -0.728969 -0.6845466 0 -0.728969 -0.6845466 0 -0.8090174 -0.5877847 0 -0.8090174 -0.5877847 0 -0.8763065 -0.481754 0 -0.8763065 -0.481754 0 -0.9297761 -0.3681255 0 -0.9297761 -0.3681255 0 -0.9685833 -0.2486896 0 -0.9685833 -0.2486896 0 -0.9921147 -0.1253331 0 -0.9921147 -0.1253331 0 -1 0 0 -1 -0 0 -0.9921147 0.1253331 0 -0.9921147 0.1253331 0 -0.9685831 0.2486904 0 -0.9685831 0.2486904 0 -0.9297765 0.3681245 0 -0.9297765 0.3681245 0 -0.8763065 0.481754 0 -0.8763065 0.481754 0 -0.8090174 0.5877847 0 -0.8090174 0.5877847 0 -0.7289677 0.6845482 0 -0.7289677 0.6845482 0 -0.6374238 0.7705134 0 -0.6374238 0.7705134 0 -0.535827 0.8443278 0 -0.535827 0.8443278 0 -0.4257798 0.9048268 0 -0.4257798 0.9048268 0 -0.3090186 0.951056 0 -0.3090186 0.951056 0 -0.1873798 0.9822875 0 -0.1873798 0.9822875 0 -0.06279102 0.9980267 0 -0.06279102 0.9980267 0 1 0 0 1 0 0 -1 0 0 -1 0 0 -0.9980267 0.06279092 0 -0.9980267 0.06279092 0 -0.982287 0.1873828 0 -0.982287 0.1873828 0 -0.9510569 0.3090158 0 -0.9510569 0.3090158 0 -0.904827 0.4257795 0 -0.904827 0.4257795 0 -0.8443274 0.5358277 0 -0.8443274 0.5358277 0 -0.770514 0.6374231 0 -0.770514 0.6374231 0 -0.6845466 0.728969 0 -0.6845466 0.728969 0 -0.5877837 0.8090182 0 -0.5877837 0.8090182 0 -0.481754 0.8763065 0 -0.481754 0.8763065 0 -0.3681255 0.9297761 0 -0.3681255 0.9297761 0 -0.2486911 0.9685829 0 -0.2486911 0.9685829 0 -0.1253331 0.9921147 0 -0.1253331 0.9921147 0 0 1 -0 0 1 0 0.1253331 0.9921147 0 0.1253331 0.9921147 -0 0.2486911 0.9685829 0 0.2486911 0.9685829 -0 0.3681255 0.9297761 0 0.3681255 0.9297761 -0 0.481754 0.8763065 0 0.481754 0.8763065 -0 0.5877837 0.8090182 0 0.5877837 0.8090182 -0 0.6845466 0.728969 0 0.6845466 0.728969 -0 0.770514 0.6374231 0 0.770514 0.6374231 -0 0.8443274 0.5358277 0 0.8443274 0.5358277 -0 0.904827 0.4257795 0 0.904827 0.4257795 -0 0.9510569 0.3090158 0 0.9510569 0.3090158 -0 0.9822873 0.1873813 0 0.9822873 0.1873813 -0 0.9980267 0.06279092 0 0.9980267 0.06279092 -0 0.9978589 -0.06540278 0 0.980785 -0.1950916 0 0.9978589 -0.06540278 0 0.9469303 -0.3214388 0 0.980785 -0.1950916 0 0.8968731 -0.442288 0 0.9469303 -0.3214388 0 0.8314688 -0.5555714 0 0.8968731 -0.442288 0 0.7518404 -0.6593452 0 0.8314688 -0.5555714 0 0.6593452 -0.7518404 0 0.7518404 -0.6593452 0 0.5555725 -0.831468 0 0.6593452 -0.7518404 0 0.442286 -0.8968741 0 0.5555725 -0.831468 0 0.3214431 -0.9469289 0 0.442286 -0.8968741 0 0.1950906 -0.9807851 0 0.3214431 -0.9469289 0 0.06540278 -0.9978589 0 0.1950906 -0.9807851 0 0.06540278 -0.9978589 0 -0.06540278 -0.9978589 -0 -0.06540278 -0.9978589 0 -0.1950906 -0.9807851 -0 -0.1950906 -0.9807851 0 -0.3214431 -0.9469289 -0 -0.3214431 -0.9469289 0 -0.442286 -0.8968741 -0 -0.442286 -0.8968741 0 -0.5555725 -0.831468 -0 -0.5555725 -0.831468 0 -0.6593452 -0.7518404 0 -0.6593452 -0.7518404 0 -0.7518404 -0.6593452 -0 -0.7518404 -0.6593452 0 -0.8314688 -0.5555714 0 -0.8314688 -0.5555714 0 -0.8968731 -0.442288 -0 -0.8968731 -0.442288 0 -0.9469303 -0.3214388 -0 -0.9469303 -0.3214388 0 -0.980785 -0.1950916 0 -0.980785 -0.1950916 0 -0.9978589 -0.06540278 -0 -0.9978589 -0.06540278 0 0.9978589 -0.06540279 4.360559e-16 0.9807853 -0.1950905 0 0.9978589 -0.06540279 0 0.9469287 -0.3214433 0 0.9807853 -0.1950905 0 0.8968741 -0.442286 0 0.9469287 -0.3214433 0 0.8314679 -0.5555726 0 0.8968741 -0.442286 0 0.7518399 -0.6593456 0 0.8314679 -0.5555726 0 0.6593456 -0.7518401 0 0.7518399 -0.6593456 0 0.5555723 -0.8314682 0 0.6593456 -0.7518401 0 0.4422871 -0.8968736 0 0.5555723 -0.8314682 0 0.3214423 -0.9469292 0 0.4422871 -0.8968736 0 0.1950891 -0.9807855 0 0.3214423 -0.9469292 0 0.06540338 -0.9978589 0 0.1950891 -0.9807855 0 0.06540338 -0.9978589 0 -0.06540338 -0.9978589 -0 -0.06540338 -0.9978589 0 -0.1950891 -0.9807855 -0 -0.1950891 -0.9807855 0 -0.3214423 -0.9469292 -0 -0.3214423 -0.9469292 0 -0.4422871 -0.8968736 -0 -0.4422871 -0.8968736 0 -0.5555723 -0.8314682 -0 -0.5555723 -0.8314682 0 -0.6593456 -0.7518401 0 -0.6593456 -0.7518401 0 -0.7518399 -0.6593456 -0 -0.7518399 -0.6593456 0 -0.8314679 -0.5555726 0 -0.8314679 -0.5555726 0 -0.8968741 -0.442286 -0 -0.8968741 -0.442286 0 -0.9469287 -0.3214433 -0 -0.9469287 -0.3214433 0 -0.9807853 -0.1950905 0 -0.9807853 -0.1950905 0 -0.9978589 -0.06540279 -0 -0.9978589 -0.06540279 0</float_array>
          <technique_common>
            <accessor count="9372" source="#cubenormals-array0-array" stride="3">
              <param type="float" name="X"/>
              <param type="float" name="Y"/>
              <param type="float" name="Z"/>
            </accessor>
          </technique_common>
        </source>
        <vertices id="cubeverts-array0-vertices">
          <input semantic="POSITION" source="#cubeverts-array0"/>
        </vertices>
        <triangles count="9372" material="ref_Mesh005">
          <input offset="0" semantic="VERTEX" source="#cubeverts-array0-vertices"/>
          <input offset="1" semantic="NORMAL" source="#cubenormals-array0"/>
          <p>0 0 1 0 2 0 2 1 1 1 3 1 3 2 4 2 5 2 1 3 4 3 3 3 5 4 6 4 7 4 4 5 6 5 5 5 7 6 8 6 9 6 6 7 8 7 7 7 9 8 10 8 11 8 8 9 10 9 9 9 11 10 12 10 13 10 10 11 12 11 11 11 13 12 14 12 15 12 12 13 14 13 13 13 15 14 16 14 17 14 14 15 16 15 15 15 17 16 18 16 19 16 16 17 18 17 17 17 19 18 20 18 21 18 21 19 20 19 22 19 18 20 20 20 19 20 20 21 23 21 22 21 23 22 24 22 22 22 22 23 24 23 25 23 25 24 24 24 26 24 24 25 27 25 26 25 27 26 28 26 26 26 26 27 28 27 29 27 28 28 30 28 29 28 29 29 30 29 31 29 30 30 32 30 31 30 31 31 32 31 33 31 32 32 34 32 33 32 33 33 34 33 35 33 34 34 36 34 35 34 35 35 36 35 37 35 36 36 38 36 37 36 37 37 38 37 39 37 38 38 40 38 39 38 39 39 40 39 41 39 40 40 42 40 41 40 41 41 42 41 43 41 42 42 44 42 43 42 43 43 44 43 45 43 44 44 46 44 45 44 45 45 46 45 47 45 46 46 48 46 47 46 47 47 48 47 49 47 49 48 48 48 50 48 48 49 51 49 50 49 52 50 53 50 54 50 54 51 53 51 55 51 55 52 56 52 57 52 53 53 56 53 55 53 57 54 58 54 59 54 56 55 58 55 57 55 59 56 60 56 61 56 58 57 60 57 59 57 61 58 62 58 63 58 60 59 62 59 61 59 63 60 64 60 65 60 62 61 64 61 63 61 65 62 66 62 67 62 64 63 66 63 65 63 67 64 68 64 69 64 66 65 68 65 67 65 69 66 70 66 71 66 68 67 70 67 69 67 71 68 72 68 73 68 73 69 72 69 74 69 70 70 72 70 71 70 72 71 75 71 74 71 75 72 76 72 74 72 74 73 76 73 77 73 77 74 76 74 78 74 76 75 79 75 78 75 79 76 80 76 78 76 78 77 80 77 81 77 80 78 82 78 81 78 81 79 82 79 83 79 82 80 84 80 83 80 83 81 84 81 85 81 84 82 86 82 85 82 85 83 86 83 87 83 86 84 88 84 87 84 87 85 88 85 89 85 88 86 90 86 89 86 89 87 90 87 91 87 90 88 92 88 91 88 91 89 92 89 93 89 92 90 94 90 93 90 93 91 94 91 95 91 94 92 96 92 95 92 95 93 96 93 97 93 96 94 98 94 97 94 97 95 98 95 99 95 98 96 100 96 99 96 99 97 100 97 101 97 101 98 100 98 102 98 100 99 103 99 102 99 104 100 105 100 106 100 106 101 105 101 107 101 107 102 108 102 109 102 105 103 108 103 107 103 109 104 110 104 111 104 108 105 110 105 109 105 111 106 112 106 113 106 110 107 112 107 111 107 113 108 114 108 115 108 112 109 114 109 113 109 115 110 116 110 117 110 114 111 116 111 115 111 117 112 118 112 119 112 116 113 118 113 117 113 119 114 120 114 121 114 118 115 120 115 119 115 121 116 122 116 123 116 120 117 122 117 121 117 123 118 124 118 125 118 125 119 124 119 126 119 122 120 124 120 123 120 124 121 127 121 126 121 127 122 128 122 126 122 126 123 128 123 129 123 129 124 128 124 130 124 128 125 131 125 130 125 131 126 132 126 130 126 130 127 132 127 133 127 132 128 134 128 133 128 133 129 134 129 135 129 134 130 136 130 135 130 135 131 136 131 137 131 136 132 138 132 137 132 137 133 138 133 139 133 138 134 140 134 139 134 139 135 140 135 141 135 140 136 142 136 141 136 141 137 142 137 143 137 142 138 144 138 143 138 143 139 144 139 145 139 144 140 146 140 145 140 145 141 146 141 147 141 146 142 148 142 147 142 147 143 148 143 149 143 148 144 150 144 149 144 149 145 150 145 151 145 150 146 152 146 151 146 151 147 152 147 153 147 153 148 152 148 154 148 152 149 155 149 154 149 156 150 157 150 158 150 158 151 157 151 159 151 159 152 160 152 161 152 161 153 160 153 162 153 157 154 160 154 159 154 160 155 163 155 162 155 162 156 164 156 165 156 163 157 164 157 162 157 165 158 166 158 167 158 164 159 166 159 165 159 167 160 168 160 169 160 166 161 168 161 167 161 169 162 170 162 171 162 171 163 170 163 172 163 168 164 170 164 169 164 170 165 173 165 172 165 172 166 174 166 175 166 173 167 174 167 172 167 175 168 176 168 177 168 174 169 176 169 175 169 176 170 178 170 177 170 177 171 178 171 179 171 179 172 178 172 180 172 178 173 181 173 180 173 181 174 182 174 180 174 180 175 182 175 183 175 182 176 184 176 183 176 183 177 184 177 185 177 185 178 184 178 186 178 184 179 187 179 186 179 187 180 188 180 186 180 186 181 188 181 189 181 188 182 190 182 189 182 189 183 190 183 191 183 190 184 192 184 191 184 191 185 192 185 193 185 192 186 194 186 193 186 193 187 194 187 195 187 194 188 196 188 195 188 195 189 196 189 197 189 196 190 198 190 197 190 197 191 198 191 199 191 198 192 200 192 199 192 199 193 200 193 201 193 200 194 202 194 201 194 201 195 202 195 203 195 202 196 204 196 203 196 203 197 204 197 205 197 204 198 206 198 205 198 205 199 206 199 207 199 208 200 209 200 210 200 210 201 209 201 211 201 211 202 212 202 213 202 213 203 212 203 214 203 209 204 212 204 211 204 212 205 215 205 214 205 214 206 216 206 217 206 215 207 216 207 214 207 217 208 218 208 219 208 216 209 218 209 217 209 219 210 220 210 221 210 218 211 220 211 219 211 221 212 222 212 223 212 223 213 222 213 224 213 220 214 222 214 221 214 222 215 225 215 224 215 224 216 226 216 227 216 225 217 226 217 224 217 227 218 228 218 229 218 226 219 228 219 227 219 228 220 230 220 229 220 229 221 230 221 231 221 231 222 230 222 232 222 230 223 233 223 232 223 233 224 234 224 232 224 232 225 234 225 235 225 234 226 236 226 235 226 235 227 236 227 237 227 237 228 236 228 238 228 236 229 239 229 238 229 239 230 240 230 238 230 238 231 240 231 241 231 240 232 242 232 241 232 241 233 242 233 243 233 242 234 244 234 243 234 243 235 244 235 245 235 244 236 246 236 245 236 245 237 246 237 247 237 246 238 248 238 247 238 247 239 248 239 249 239 248 240 250 240 249 240 249 241 250 241 251 241 250 242 252 242 251 242 251 243 252 243 253 243 252 244 254 244 253 244 253 245 254 245 255 245 254 246 256 246 255 246 255 247 256 247 257 247 256 248 258 248 257 248 257 249 258 249 259 249 258 250 260 250 259 250 259 251 260 251 261 251 261 252 260 252 262 252 262 253 263 253 264 253 260 254 263 254 262 254 263 255 265 255 264 255 264 256 266 256 267 256 265 257 266 257 264 257 267 258 268 258 269 258 266 259 268 259 267 259 269 260 270 260 271 260 268 261 270 261 269 261 271 262 272 262 273 262 270 263 272 263 271 263 273 264 274 264 275 264 275 265 274 265 276 265 272 266 274 266 273 266 276 267 277 267 278 267 274 268 277 268 276 268 277 269 279 269 278 269 279 270 280 270 278 270 278 271 280 271 281 271 280 272 282 272 281 272 281 273 282 273 283 273 282 274 284 274 283 274 283 275 284 275 285 275 284 276 286 276 285 276 285 277 286 277 287 277 286 278 288 278 287 278 287 279 288 279 289 279 288 280 290 280 289 280 289 281 290 281 291 281 291 282 290 282 292 282 290 283 293 283 292 283 293 284 294 284 292 284 292 285 294 285 295 285 294 286 296 286 295 286 295 287 296 287 297 287 296 288 298 288 297 288 297 289 298 289 299 289 298 290 300 290 299 290 299 291 300 291 301 291 300 292 302 292 301 292 301 293 302 293 303 293 302 294 304 294 303 294 303 295 304 295 305 295 305 296 306 296 307 296 304 297 306 297 305 297 307 298 306 298 210 298 306 299 208 299 210 299 206 300 308 300 207 300 207 301 308 301 309 301 309 302 310 302 311 302 308 303 310 303 309 303 311 304 312 304 313 304 310 305 312 305 311 305 313 306 314 306 315 306 312 307 314 307 313 307 315 308 316 308 317 308 317 309 316 309 318 309 314 310 316 310 315 310 316 311 319 311 318 311 318 312 320 312 321 312 319 313 320 313 318 313 321 314 322 314 323 314 323 315 322 315 324 315 320 316 322 316 321 316 322 317 325 317 324 317 324 318 326 318 327 318 325 319 326 319 324 319 326 320 328 320 327 320 327 321 328 321 329 321 329 322 328 322 330 322 328 323 331 323 330 323 330 324 331 324 332 324 331 325 333 325 332 325 333 326 334 326 332 326 332 327 334 327 335 327 334 328 336 328 335 328 335 329 336 329 337 329 336 330 338 330 337 330 337 331 338 331 339 331 338 332 340 332 339 332 339 333 340 333 341 333 340 334 342 334 341 334 341 335 342 335 343 335 342 336 344 336 343 336 343 337 344 337 345 337 344 338 346 338 345 338 345 339 346 339 347 339 346 340 348 340 347 340 347 341 348 341 349 341 348 342 350 342 349 342 349 343 350 343 351 343 350 344 352 344 351 344 351 345 352 345 353 345 353 346 354 346 355 346 352 347 354 347 353 347 355 348 156 348 158 348 354 349 156 349 355 349 155 350 356 350 154 350 154 351 356 351 357 351 357 352 356 352 358 352 358 353 359 353 360 353 356 354 359 354 358 354 359 355 361 355 360 355 360 356 362 356 363 356 361 357 362 357 360 357 363 358 364 358 365 358 362 359 364 359 363 359 365 360 366 360 367 360 364 361 366 361 365 361 367 362 368 362 369 362 366 363 368 363 367 363 369 364 370 364 371 364 371 365 370 365 372 365 368 366 370 366 369 366 372 367 373 367 374 367 370 368 373 368 372 368 373 369 375 369 374 369 375 370 376 370 374 370 374 371 376 371 377 371 376 372 378 372 377 372 377 373 378 373 379 373 378 374 380 374 379 374 379 375 380 375 381 375 380 376 382 376 381 376 381 377 382 377 383 377 382 378 384 378 383 378 383 379 384 379 385 379 384 380 386 380 385 380 385 381 386 381 387 381 387 382 386 382 388 382 386 383 389 383 388 383 389 384 390 384 388 384 388 385 390 385 391 385 390 386 392 386 391 386 391 387 392 387 393 387 392 388 394 388 393 388 393 389 394 389 395 389 394 390 396 390 395 390 395 391 396 391 397 391 396 392 398 392 397 392 397 393 398 393 399 393 398 394 400 394 399 394 399 395 400 395 401 395 401 396 402 396 403 396 400 397 402 397 401 397 403 398 402 398 106 398 402 399 104 399 106 399 404 400 405 400 406 400 406 401 405 401 407 401 408 402 404 402 409 402 409 403 404 403 406 403 410 404 408 404 411 404 411 405 408 405 409 405 405 406 410 406 407 406 407 407 410 407 411 407 65 408 67 408 410 408 410 409 63 409 65 409 67 410 69 410 410 410 410 411 61 411 63 411 69 412 71 412 410 412 410 413 59 413 61 413 71 414 73 414 410 414 410 415 57 415 59 415 73 416 74 416 410 416 410 417 55 417 57 417 74 418 77 418 410 418 77 419 78 419 410 419 78 420 81 420 410 420 81 421 83 421 410 421 83 422 85 422 410 422 412 423 405 423 413 423 414 424 405 424 412 424 415 425 405 425 414 425 54 426 405 426 415 426 55 427 405 427 54 427 410 428 405 428 55 428 416 429 405 429 417 429 418 430 405 430 416 430 419 431 405 431 418 431 413 432 405 432 419 432 405 433 420 433 417 433 405 434 421 434 420 434 405 435 422 435 421 435 405 436 423 436 422 436 405 437 424 437 423 437 405 438 425 438 424 438 405 439 426 439 425 439 91 440 13 440 89 440 13 441 15 441 89 441 89 442 15 442 87 442 91 443 11 443 13 443 93 444 11 444 91 444 15 445 17 445 87 445 87 446 17 446 85 446 93 447 9 447 11 447 95 448 9 448 93 448 17 449 19 449 85 449 85 450 19 450 410 450 95 451 7 451 9 451 97 452 7 452 95 452 19 453 21 453 410 453 97 454 5 454 7 454 99 455 5 455 97 455 21 456 22 456 410 456 99 457 3 457 5 457 101 458 3 458 99 458 102 459 3 459 101 459 22 460 25 460 410 460 102 461 2 461 3 461 25 462 26 462 410 462 102 463 427 463 2 463 428 464 427 464 102 464 26 465 29 465 410 465 429 466 430 466 428 466 431 467 430 467 429 467 428 468 430 468 427 468 431 469 432 469 430 469 433 470 434 470 431 470 431 471 434 471 432 471 433 472 435 472 434 472 436 473 435 473 433 473 437 474 438 474 436 474 436 475 438 475 435 475 437 476 439 476 438 476 440 477 439 477 437 477 441 478 442 478 440 478 443 479 442 479 441 479 440 480 442 480 439 480 443 481 444 481 442 481 405 482 445 482 426 482 426 483 445 483 443 483 443 484 445 484 444 484 405 485 446 485 445 485 405 486 447 486 446 486 39 487 117 487 37 487 117 488 119 488 37 488 41 489 115 489 39 489 39 490 115 490 117 490 35 491 121 491 33 491 37 492 121 492 35 492 119 493 121 493 37 493 43 494 113 494 41 494 41 495 113 495 115 495 121 496 123 496 33 496 45 497 111 497 43 497 43 498 111 498 113 498 33 499 125 499 31 499 123 500 125 500 33 500 47 501 109 501 45 501 49 502 109 502 47 502 45 503 109 503 111 503 31 504 126 504 29 504 29 505 126 505 410 505 125 506 126 506 31 506 50 507 107 507 49 507 49 508 107 508 109 508 126 509 129 509 410 509 50 510 106 510 107 510 50 511 403 511 106 511 448 512 403 512 50 512 449 513 403 513 448 513 449 514 401 514 403 514 450 515 399 515 449 515 449 516 399 516 401 516 451 517 397 517 450 517 450 518 397 518 399 518 452 519 395 519 451 519 451 520 395 520 397 520 453 521 393 521 452 521 452 522 393 522 395 522 453 523 391 523 393 523 454 524 391 524 453 524 455 525 391 525 454 525 455 526 388 526 391 526 456 527 388 527 455 527 456 528 387 528 388 528 456 529 385 529 387 529 457 530 385 530 456 530 457 531 383 531 385 531 458 532 383 532 457 532 143 533 169 533 141 533 145 534 169 534 143 534 169 535 171 535 141 535 145 536 167 536 169 536 139 537 172 537 137 537 141 538 172 538 139 538 171 539 172 539 141 539 147 540 165 540 145 540 145 541 165 541 167 541 172 542 175 542 137 542 149 543 162 543 147 543 147 544 162 544 165 544 137 545 177 545 135 545 175 546 177 546 137 546 151 547 161 547 149 547 149 548 161 548 162 548 135 549 179 549 133 549 177 550 179 550 135 550 153 551 159 551 151 551 151 552 159 552 161 552 154 553 158 553 153 553 153 554 158 554 159 554 357 555 355 555 154 555 154 556 355 556 158 556 358 557 353 557 357 557 357 558 353 558 355 558 360 559 351 559 358 559 358 560 351 560 353 560 363 561 349 561 360 561 365 562 349 562 363 562 360 563 349 563 351 563 365 564 347 564 349 564 365 565 345 565 347 565 367 566 345 566 365 566 369 567 345 567 367 567 369 568 343 568 345 568 371 569 341 569 369 569 369 570 341 570 343 570 372 571 339 571 371 571 371 572 339 572 341 572 372 573 337 573 339 573 374 574 337 574 372 574 377 575 337 575 374 575 377 576 335 576 337 576 130 577 408 577 129 577 133 578 408 578 130 578 179 579 408 579 133 579 180 580 408 580 179 580 183 581 408 581 180 581 185 582 408 582 183 582 186 583 408 583 185 583 189 584 408 584 186 584 129 585 408 585 410 585 195 586 223 586 193 586 221 587 223 587 195 587 197 588 219 588 195 588 195 589 219 589 221 589 223 590 224 590 193 590 193 591 224 591 191 591 197 592 217 592 219 592 199 593 217 593 197 593 189 594 227 594 408 594 224 595 227 595 191 595 191 596 227 596 189 596 199 597 214 597 217 597 201 598 214 598 199 598 227 599 229 599 408 599 201 600 213 600 214 600 203 601 213 601 201 601 229 602 231 602 408 602 203 603 211 603 213 603 205 604 211 604 203 604 231 605 232 605 408 605 205 606 210 606 211 606 207 607 210 607 205 607 309 608 210 608 207 608 232 609 235 609 408 609 309 610 307 610 210 610 235 611 237 611 408 611 309 612 305 612 307 612 311 613 305 613 309 613 237 614 238 614 408 614 311 615 303 615 305 615 313 616 303 616 311 616 238 617 241 617 408 617 313 618 301 618 303 618 315 619 301 619 313 619 317 620 301 620 315 620 241 621 243 621 408 621 317 622 299 622 301 622 243 623 245 623 408 623 317 624 297 624 299 624 318 625 297 625 317 625 245 626 247 626 408 626 318 627 295 627 297 627 321 628 295 628 318 628 247 629 249 629 408 629 323 630 292 630 321 630 321 631 292 631 295 631 249 632 251 632 408 632 323 633 291 633 292 633 324 634 291 634 323 634 251 635 253 635 408 635 324 636 289 636 291 636 327 637 289 637 324 637 253 638 255 638 408 638 255 639 257 639 408 639 327 640 404 640 289 640 259 641 404 641 257 641 261 642 404 642 259 642 262 643 404 643 261 643 264 644 404 644 262 644 267 645 404 645 264 645 269 646 404 646 267 646 271 647 404 647 269 647 273 648 404 648 271 648 275 649 404 649 273 649 276 650 404 650 275 650 278 651 404 651 276 651 281 652 404 652 278 652 283 653 404 653 281 653 285 654 404 654 283 654 287 655 404 655 285 655 289 656 404 656 287 656 329 657 404 657 327 657 330 658 404 658 329 658 257 659 404 659 408 659 405 660 404 660 447 660 447 661 404 661 459 661 459 662 404 662 458 662 458 663 404 663 381 663 458 664 381 664 383 664 381 665 404 665 379 665 379 666 404 666 377 666 377 667 404 667 335 667 335 668 404 668 332 668 332 669 404 669 330 669 66 670 64 670 411 670 62 671 411 671 64 671 68 672 66 672 411 672 60 673 411 673 62 673 70 674 68 674 411 674 58 675 411 675 60 675 72 676 70 676 411 676 56 677 411 677 58 677 75 678 72 678 411 678 53 679 411 679 56 679 76 680 75 680 411 680 79 681 76 681 411 681 80 682 79 682 411 682 82 683 80 683 411 683 84 684 82 684 411 684 407 685 460 685 461 685 407 686 462 686 460 686 407 687 463 687 462 687 407 688 464 688 463 688 407 689 465 689 464 689 407 690 466 690 465 690 407 691 467 691 466 691 407 692 52 692 467 692 407 693 53 693 52 693 407 694 411 694 53 694 468 695 407 695 461 695 469 696 407 696 468 696 470 697 407 697 469 697 471 698 407 698 470 698 472 699 407 699 471 699 473 700 407 700 472 700 474 701 407 701 473 701 12 702 90 702 88 702 12 703 92 703 90 703 14 704 12 704 88 704 14 705 88 705 86 705 10 706 92 706 12 706 16 707 14 707 86 707 8 708 96 708 94 708 8 709 92 709 10 709 8 710 94 710 92 710 18 711 16 711 86 711 18 712 84 712 411 712 18 713 86 713 84 713 6 714 96 714 8 714 20 715 18 715 411 715 4 716 98 716 96 716 4 717 96 717 6 717 23 718 20 718 411 718 1 719 100 719 98 719 1 720 98 720 4 720 24 721 23 721 411 721 0 722 103 722 100 722 0 723 100 723 1 723 27 724 24 724 411 724 475 725 103 725 0 725 475 726 476 726 103 726 28 727 27 727 411 727 477 728 476 728 475 728 477 729 478 729 476 729 479 730 480 730 478 730 479 731 481 731 480 731 479 732 478 732 477 732 482 733 481 733 479 733 482 734 483 734 481 734 484 735 483 735 482 735 485 736 483 736 484 736 485 737 486 737 483 737 487 738 488 738 486 738 487 739 489 739 488 739 487 740 486 740 485 740 490 741 489 741 487 741 490 742 491 742 489 742 492 743 491 743 490 743 493 744 491 744 492 744 493 745 407 745 474 745 493 746 474 746 491 746 494 747 407 747 493 747 495 748 407 748 494 748 116 749 38 749 36 749 118 750 116 750 36 750 114 751 40 751 38 751 114 752 42 752 40 752 114 753 38 753 116 753 120 754 34 754 32 754 120 755 36 755 34 755 120 756 118 756 36 756 112 757 44 757 42 757 112 758 42 758 114 758 122 759 120 759 32 759 110 760 44 760 112 760 124 761 32 761 30 761 124 762 122 762 32 762 108 763 46 763 44 763 108 764 48 764 46 764 108 765 44 765 110 765 127 766 30 766 28 766 127 767 28 767 411 767 127 768 124 768 30 768 105 769 48 769 108 769 128 770 127 770 411 770 104 771 496 771 51 771 104 772 51 772 48 772 104 773 48 773 105 773 402 774 496 774 104 774 400 775 497 775 496 775 400 776 496 776 402 776 398 777 498 777 497 777 398 778 497 778 400 778 396 779 499 779 498 779 396 780 498 780 398 780 394 781 500 781 499 781 394 782 501 782 500 782 394 783 499 783 396 783 392 784 501 784 394 784 390 785 502 785 501 785 390 786 503 786 502 786 390 787 501 787 392 787 389 788 503 788 390 788 386 789 504 789 503 789 386 790 505 790 504 790 386 791 503 791 389 791 384 792 505 792 386 792 382 793 506 793 505 793 382 794 505 794 384 794 168 795 142 795 140 795 168 796 144 796 142 796 170 797 168 797 140 797 166 798 144 798 168 798 173 799 140 799 138 799 173 800 170 800 140 800 164 801 146 801 144 801 164 802 144 802 166 802 174 803 138 803 136 803 174 804 173 804 138 804 163 805 146 805 164 805 163 806 148 806 146 806 176 807 174 807 136 807 176 808 134 808 132 808 176 809 136 809 134 809 160 810 150 810 148 810 160 811 148 811 163 811 178 812 176 812 132 812 157 813 152 813 150 813 157 814 150 814 160 814 156 815 152 815 157 815 156 816 155 816 152 816 354 817 356 817 155 817 354 818 155 818 156 818 352 819 359 819 356 819 352 820 356 820 354 820 350 821 361 821 359 821 350 822 359 822 352 822 348 823 362 823 361 823 348 824 361 824 350 824 346 825 364 825 362 825 346 826 362 826 348 826 344 827 366 827 364 827 344 828 364 828 346 828 342 829 366 829 344 829 342 830 368 830 366 830 340 831 368 831 342 831 340 832 370 832 368 832 338 833 370 833 340 833 338 834 373 834 370 834 336 835 375 835 373 835 336 836 376 836 375 836 336 837 373 837 338 837 334 838 376 838 336 838 409 839 131 839 128 839 409 840 132 840 131 840 409 841 178 841 132 841 409 842 128 842 411 842 409 843 181 843 178 843 409 844 182 844 181 844 409 845 184 845 182 845 409 846 187 846 184 846 409 847 188 847 187 847 220 848 194 848 192 848 222 849 220 849 192 849 222 850 192 850 190 850 218 851 194 851 220 851 218 852 196 852 194 852 225 853 222 853 190 853 216 854 196 854 218 854 216 855 198 855 196 855 226 856 225 856 190 856 226 857 188 857 409 857 226 858 190 858 188 858 215 859 202 859 200 859 215 860 198 860 216 860 215 861 200 861 198 861 228 862 226 862 409 862 212 863 204 863 202 863 212 864 202 864 215 864 230 865 228 865 409 865 209 866 204 866 212 866 233 867 230 867 409 867 208 868 204 868 209 868 208 869 206 869 204 869 208 870 308 870 206 870 234 871 233 871 409 871 306 872 308 872 208 872 236 873 234 873 409 873 304 874 310 874 308 874 304 875 308 875 306 875 239 876 236 876 409 876 302 877 312 877 310 877 302 878 310 878 304 878 240 879 239 879 409 879 300 880 314 880 312 880 300 881 312 881 302 881 242 882 240 882 409 882 298 883 316 883 314 883 298 884 314 884 300 884 244 885 242 885 409 885 296 886 319 886 316 886 296 887 316 887 298 887 246 888 244 888 409 888 294 889 319 889 296 889 294 890 320 890 319 890 248 891 246 891 409 891 293 892 322 892 320 892 293 893 320 893 294 893 250 894 248 894 409 894 290 895 322 895 293 895 290 896 325 896 322 896 290 897 326 897 325 897 252 898 250 898 409 898 288 899 326 899 290 899 254 900 252 900 409 900 256 901 254 901 409 901 406 902 260 902 258 902 406 903 263 903 260 903 406 904 265 904 263 904 406 905 266 905 265 905 406 906 268 906 266 906 406 907 270 907 268 907 406 908 272 908 270 908 406 909 274 909 272 909 406 910 277 910 274 910 406 911 279 911 277 911 406 912 280 912 279 912 406 913 282 913 280 913 406 914 326 914 288 914 406 915 284 915 282 915 406 916 286 916 284 916 406 917 288 917 286 917 406 918 256 918 409 918 406 919 258 919 256 919 406 920 328 920 326 920 406 921 331 921 328 921 406 922 407 922 333 922 333 923 407 923 334 923 334 924 407 924 378 924 378 925 407 925 380 925 380 926 407 926 382 926 382 927 407 927 506 927 506 928 407 928 507 928 507 929 407 929 495 929 406 930 333 930 331 930 334 931 378 931 376 931 103 932 476 932 102 932 102 933 476 933 428 933 428 934 476 934 429 934 429 935 478 935 431 935 476 936 478 936 429 936 478 937 480 937 431 937 431 938 481 938 433 938 480 939 481 939 431 939 433 940 483 940 436 940 481 941 483 941 433 941 436 942 486 942 437 942 483 943 486 943 436 943 437 944 488 944 440 944 486 945 488 945 437 945 440 946 489 946 441 946 441 947 489 947 443 947 488 948 489 948 440 948 443 949 491 949 426 949 489 950 491 950 443 950 491 951 474 951 426 951 474 952 473 952 426 952 426 953 473 953 425 953 473 954 472 954 425 954 425 955 472 955 424 955 472 956 471 956 424 956 424 957 471 957 423 957 471 958 470 958 423 958 423 959 470 959 422 959 470 960 469 960 422 960 422 961 469 961 421 961 469 962 468 962 421 962 421 963 468 963 420 963 420 964 468 964 417 964 468 965 461 965 417 965 461 966 460 966 417 966 417 967 460 967 416 967 460 968 462 968 416 968 416 969 462 969 418 969 462 970 463 970 418 970 418 971 463 971 419 971 463 972 464 972 419 972 419 973 464 973 413 973 464 974 465 974 413 974 413 975 465 975 412 975 465 976 466 976 412 976 412 977 466 977 414 977 414 978 467 978 415 978 466 979 467 979 414 979 415 980 467 980 54 980 467 981 52 981 54 981 51 982 496 982 50 982 50 983 496 983 448 983 448 984 496 984 449 984 449 985 497 985 450 985 496 986 497 986 449 986 497 987 498 987 450 987 450 988 499 988 451 988 498 989 499 989 450 989 451 990 500 990 452 990 499 991 500 991 451 991 452 992 501 992 453 992 500 993 501 993 452 993 453 994 502 994 454 994 501 995 502 995 453 995 454 996 503 996 455 996 455 997 503 997 456 997 502 998 503 998 454 998 456 999 504 999 457 999 503 1000 504 1000 456 1000 504 1001 505 1001 457 1001 505 1002 506 1002 457 1002 457 1003 506 1003 458 1003 506 1004 507 1004 458 1004 458 1005 507 1005 459 1005 507 1006 495 1006 459 1006 459 1007 495 1007 447 1007 495 1008 494 1008 447 1008 447 1009 494 1009 446 1009 494 1010 493 1010 446 1010 446 1011 493 1011 445 1011 493 1012 492 1012 445 1012 445 1013 492 1013 444 1013 444 1014 492 1014 442 1014 492 1015 490 1015 442 1015 490 1016 487 1016 442 1016 442 1017 487 1017 439 1017 487 1018 485 1018 439 1018 439 1019 485 1019 438 1019 485 1020 484 1020 438 1020 438 1021 484 1021 435 1021 484 1022 482 1022 435 1022 435 1023 482 1023 434 1023 482 1024 479 1024 434 1024 434 1025 479 1025 432 1025 479 1026 477 1026 432 1026 432 1027 477 1027 430 1027 430 1028 475 1028 427 1028 477 1029 475 1029 430 1029 427 1030 475 1030 2 1030 475 1031 0 1031 2 1031 508 1032 509 1032 510 1032 510 1033 509 1033 511 1033 511 1034 512 1034 513 1034 513 1035 512 1035 514 1035 509 1036 512 1036 511 1036 512 1037 515 1037 514 1037 514 1038 516 1038 517 1038 515 1039 516 1039 514 1039 517 1040 518 1040 519 1040 516 1041 518 1041 517 1041 519 1042 520 1042 521 1042 518 1043 520 1043 519 1043 521 1044 522 1044 523 1044 523 1045 522 1045 524 1045 520 1046 522 1046 521 1046 522 1047 525 1047 524 1047 524 1048 526 1048 527 1048 525 1049 526 1049 524 1049 527 1050 528 1050 529 1050 526 1051 528 1051 527 1051 528 1052 530 1052 529 1052 529 1053 530 1053 531 1053 531 1054 530 1054 532 1054 530 1055 533 1055 532 1055 533 1056 534 1056 532 1056 532 1057 534 1057 535 1057 534 1058 536 1058 535 1058 535 1059 536 1059 537 1059 537 1060 536 1060 538 1060 536 1061 539 1061 538 1061 539 1062 540 1062 538 1062 538 1063 540 1063 541 1063 540 1064 542 1064 541 1064 541 1065 542 1065 543 1065 542 1066 544 1066 543 1066 543 1067 544 1067 545 1067 544 1068 546 1068 545 1068 545 1069 546 1069 547 1069 546 1070 548 1070 547 1070 547 1071 548 1071 549 1071 548 1072 550 1072 549 1072 549 1073 550 1073 551 1073 550 1074 552 1074 551 1074 551 1075 552 1075 553 1075 552 1076 554 1076 553 1076 553 1077 554 1077 555 1077 554 1078 556 1078 555 1078 555 1079 556 1079 557 1079 556 1080 558 1080 557 1080 557 1081 558 1081 559 1081 560 1082 561 1082 562 1082 562 1083 561 1083 563 1083 563 1084 564 1084 565 1084 561 1085 564 1085 563 1085 565 1086 566 1086 567 1086 564 1087 566 1087 565 1087 567 1088 568 1088 569 1088 566 1089 568 1089 567 1089 569 1090 570 1090 571 1090 568 1091 570 1091 569 1091 571 1092 572 1092 573 1092 570 1093 572 1093 571 1093 573 1094 574 1094 575 1094 572 1095 574 1095 573 1095 575 1096 576 1096 577 1096 574 1097 576 1097 575 1097 577 1098 578 1098 579 1098 576 1099 578 1099 577 1099 579 1100 580 1100 581 1100 581 1101 580 1101 582 1101 578 1102 580 1102 579 1102 580 1103 583 1103 582 1103 583 1104 584 1104 582 1104 582 1105 584 1105 585 1105 585 1106 584 1106 586 1106 584 1107 587 1107 586 1107 587 1108 588 1108 586 1108 586 1109 588 1109 589 1109 588 1110 590 1110 589 1110 589 1111 590 1111 591 1111 590 1112 592 1112 591 1112 591 1113 592 1113 593 1113 592 1114 594 1114 593 1114 593 1115 594 1115 595 1115 594 1116 596 1116 595 1116 595 1117 596 1117 597 1117 596 1118 598 1118 597 1118 597 1119 598 1119 599 1119 598 1120 600 1120 599 1120 599 1121 600 1121 601 1121 600 1122 602 1122 601 1122 601 1123 602 1123 603 1123 602 1124 604 1124 603 1124 603 1125 604 1125 605 1125 604 1126 606 1126 605 1126 605 1127 606 1127 607 1127 606 1128 608 1128 607 1128 607 1129 608 1129 609 1129 609 1130 608 1130 610 1130 608 1131 611 1131 610 1131 612 1132 613 1132 614 1132 614 1133 613 1133 615 1133 615 1134 616 1134 617 1134 613 1135 616 1135 615 1135 617 1136 618 1136 619 1136 616 1137 618 1137 617 1137 619 1138 620 1138 621 1138 618 1139 620 1139 619 1139 621 1140 622 1140 623 1140 620 1141 622 1141 621 1141 623 1142 624 1142 625 1142 622 1143 624 1143 623 1143 625 1144 626 1144 627 1144 624 1145 626 1145 625 1145 627 1146 628 1146 629 1146 626 1147 628 1147 627 1147 629 1148 630 1148 631 1148 628 1149 630 1149 629 1149 631 1150 632 1150 633 1150 633 1151 632 1151 634 1151 630 1152 632 1152 631 1152 632 1153 635 1153 634 1153 635 1154 636 1154 634 1154 634 1155 636 1155 637 1155 637 1156 636 1156 638 1156 636 1157 639 1157 638 1157 639 1158 640 1158 638 1158 638 1159 640 1159 641 1159 640 1160 642 1160 641 1160 641 1161 642 1161 643 1161 642 1162 644 1162 643 1162 643 1163 644 1163 645 1163 644 1164 646 1164 645 1164 645 1165 646 1165 647 1165 646 1166 648 1166 647 1166 647 1167 648 1167 649 1167 648 1168 650 1168 649 1168 649 1169 650 1169 651 1169 650 1170 652 1170 651 1170 651 1171 652 1171 653 1171 652 1172 654 1172 653 1172 653 1173 654 1173 655 1173 654 1174 656 1174 655 1174 655 1175 656 1175 657 1175 656 1176 658 1176 657 1176 657 1177 658 1177 659 1177 658 1178 660 1178 659 1178 659 1179 660 1179 661 1179 661 1180 660 1180 662 1180 660 1181 663 1181 662 1181 664 1182 665 1182 666 1182 666 1183 665 1183 667 1183 667 1184 668 1184 669 1184 665 1185 668 1185 667 1185 669 1186 670 1186 671 1186 668 1187 670 1187 669 1187 671 1188 672 1188 673 1188 670 1189 672 1189 671 1189 673 1190 674 1190 675 1190 672 1191 674 1191 673 1191 675 1192 676 1192 677 1192 674 1193 676 1193 675 1193 677 1194 678 1194 679 1194 676 1195 678 1195 677 1195 679 1196 680 1196 681 1196 678 1197 680 1197 679 1197 681 1198 682 1198 683 1198 680 1199 682 1199 681 1199 683 1200 684 1200 685 1200 685 1201 684 1201 686 1201 682 1202 684 1202 683 1202 684 1203 687 1203 686 1203 687 1204 688 1204 686 1204 686 1205 688 1205 689 1205 689 1206 688 1206 690 1206 688 1207 691 1207 690 1207 691 1208 692 1208 690 1208 690 1209 692 1209 693 1209 692 1210 694 1210 693 1210 693 1211 694 1211 695 1211 694 1212 696 1212 695 1212 695 1213 696 1213 697 1213 696 1214 698 1214 697 1214 697 1215 698 1215 699 1215 698 1216 700 1216 699 1216 699 1217 700 1217 701 1217 700 1218 702 1218 701 1218 701 1219 702 1219 703 1219 702 1220 704 1220 703 1220 703 1221 704 1221 705 1221 704 1222 706 1222 705 1222 705 1223 706 1223 707 1223 706 1224 708 1224 707 1224 707 1225 708 1225 709 1225 708 1226 710 1226 709 1226 709 1227 710 1227 711 1227 710 1228 712 1228 711 1228 711 1229 712 1229 713 1229 713 1230 712 1230 714 1230 712 1231 715 1231 714 1231 716 1232 717 1232 718 1232 718 1233 717 1233 719 1233 719 1234 720 1234 721 1234 717 1235 720 1235 719 1235 721 1236 722 1236 723 1236 720 1237 722 1237 721 1237 723 1238 724 1238 725 1238 722 1239 724 1239 723 1239 725 1240 726 1240 727 1240 724 1241 726 1241 725 1241 727 1242 728 1242 729 1242 726 1243 728 1243 727 1243 729 1244 730 1244 731 1244 728 1245 730 1245 729 1245 731 1246 732 1246 733 1246 730 1247 732 1247 731 1247 733 1248 734 1248 735 1248 732 1249 734 1249 733 1249 735 1250 736 1250 737 1250 737 1251 736 1251 738 1251 734 1252 736 1252 735 1252 736 1253 739 1253 738 1253 739 1254 740 1254 738 1254 738 1255 740 1255 741 1255 741 1256 740 1256 742 1256 740 1257 743 1257 742 1257 743 1258 744 1258 742 1258 742 1259 744 1259 745 1259 744 1260 746 1260 745 1260 745 1261 746 1261 747 1261 746 1262 748 1262 747 1262 747 1263 748 1263 749 1263 748 1264 750 1264 749 1264 749 1265 750 1265 751 1265 750 1266 752 1266 751 1266 751 1267 752 1267 753 1267 752 1268 754 1268 753 1268 753 1269 754 1269 755 1269 754 1270 756 1270 755 1270 755 1271 756 1271 757 1271 756 1272 758 1272 757 1272 757 1273 758 1273 759 1273 758 1274 760 1274 759 1274 759 1275 760 1275 761 1275 760 1276 762 1276 761 1276 761 1277 762 1277 763 1277 762 1278 764 1278 763 1278 763 1279 764 1279 765 1279 765 1280 764 1280 766 1280 764 1281 767 1281 766 1281 767 1282 768 1282 766 1282 766 1283 768 1283 769 1283 769 1284 768 1284 770 1284 770 1285 771 1285 772 1285 768 1286 771 1286 770 1286 771 1287 773 1287 772 1287 772 1288 774 1288 775 1288 773 1289 774 1289 772 1289 775 1290 776 1290 777 1290 774 1291 776 1291 775 1291 777 1292 778 1292 779 1292 776 1293 778 1293 777 1293 779 1294 780 1294 781 1294 778 1295 780 1295 779 1295 781 1296 782 1296 783 1296 783 1297 782 1297 784 1297 780 1298 782 1298 781 1298 784 1299 785 1299 786 1299 782 1300 785 1300 784 1300 785 1301 787 1301 786 1301 787 1302 788 1302 786 1302 786 1303 788 1303 789 1303 788 1304 790 1304 789 1304 789 1305 790 1305 791 1305 790 1306 792 1306 791 1306 791 1307 792 1307 793 1307 792 1308 794 1308 793 1308 793 1309 794 1309 795 1309 794 1310 796 1310 795 1310 795 1311 796 1311 797 1311 796 1312 798 1312 797 1312 797 1313 798 1313 799 1313 799 1314 798 1314 800 1314 798 1315 801 1315 800 1315 801 1316 802 1316 800 1316 800 1317 802 1317 803 1317 802 1318 804 1318 803 1318 803 1319 804 1319 805 1319 804 1320 806 1320 805 1320 805 1321 806 1321 807 1321 806 1322 808 1322 807 1322 807 1323 808 1323 809 1323 808 1324 810 1324 809 1324 809 1325 810 1325 811 1325 810 1326 812 1326 811 1326 811 1327 812 1327 813 1327 813 1328 814 1328 815 1328 812 1329 814 1329 813 1329 815 1330 814 1330 718 1330 814 1331 716 1331 718 1331 715 1332 816 1332 714 1332 714 1333 816 1333 817 1333 817 1334 816 1334 818 1334 818 1335 819 1335 820 1335 816 1336 819 1336 818 1336 819 1337 821 1337 820 1337 820 1338 822 1338 823 1338 821 1339 822 1339 820 1339 823 1340 824 1340 825 1340 822 1341 824 1341 823 1341 825 1342 826 1342 827 1342 824 1343 826 1343 825 1343 827 1344 828 1344 829 1344 826 1345 828 1345 827 1345 829 1346 830 1346 831 1346 831 1347 830 1347 832 1347 828 1348 830 1348 829 1348 832 1349 833 1349 834 1349 830 1350 833 1350 832 1350 833 1351 835 1351 834 1351 835 1352 836 1352 834 1352 834 1353 836 1353 837 1353 836 1354 838 1354 837 1354 837 1355 838 1355 839 1355 838 1356 840 1356 839 1356 839 1357 840 1357 841 1357 840 1358 842 1358 841 1358 841 1359 842 1359 843 1359 842 1360 844 1360 843 1360 843 1361 844 1361 845 1361 844 1362 846 1362 845 1362 845 1363 846 1363 847 1363 847 1364 846 1364 848 1364 846 1365 849 1365 848 1365 849 1366 850 1366 848 1366 848 1367 850 1367 851 1367 850 1368 852 1368 851 1368 851 1369 852 1369 853 1369 852 1370 854 1370 853 1370 853 1371 854 1371 855 1371 854 1372 856 1372 855 1372 855 1373 856 1373 857 1373 856 1374 858 1374 857 1374 857 1375 858 1375 859 1375 858 1376 860 1376 859 1376 859 1377 860 1377 861 1377 861 1378 862 1378 863 1378 860 1379 862 1379 861 1379 863 1380 862 1380 666 1380 862 1381 664 1381 666 1381 663 1382 864 1382 662 1382 662 1383 864 1383 865 1383 865 1384 864 1384 866 1384 866 1385 867 1385 868 1385 864 1386 867 1386 866 1386 867 1387 869 1387 868 1387 868 1388 870 1388 871 1388 869 1389 870 1389 868 1389 871 1390 872 1390 873 1390 870 1391 872 1391 871 1391 873 1392 874 1392 875 1392 872 1393 874 1393 873 1393 875 1394 876 1394 877 1394 874 1395 876 1395 875 1395 877 1396 878 1396 879 1396 879 1397 878 1397 880 1397 876 1398 878 1398 877 1398 880 1399 881 1399 882 1399 878 1400 881 1400 880 1400 881 1401 883 1401 882 1401 883 1402 884 1402 882 1402 882 1403 884 1403 885 1403 884 1404 886 1404 885 1404 885 1405 886 1405 887 1405 886 1406 888 1406 887 1406 887 1407 888 1407 889 1407 888 1408 890 1408 889 1408 889 1409 890 1409 891 1409 890 1410 892 1410 891 1410 891 1411 892 1411 893 1411 892 1412 894 1412 893 1412 893 1413 894 1413 895 1413 895 1414 894 1414 896 1414 894 1415 897 1415 896 1415 897 1416 898 1416 896 1416 896 1417 898 1417 899 1417 898 1418 900 1418 899 1418 899 1419 900 1419 901 1419 900 1420 902 1420 901 1420 901 1421 902 1421 903 1421 902 1422 904 1422 903 1422 903 1423 904 1423 905 1423 904 1424 906 1424 905 1424 905 1425 906 1425 907 1425 906 1426 908 1426 907 1426 907 1427 908 1427 909 1427 909 1428 910 1428 911 1428 908 1429 910 1429 909 1429 911 1430 910 1430 614 1430 910 1431 612 1431 614 1431 912 1432 913 1432 914 1432 914 1433 913 1433 915 1433 916 1434 912 1434 917 1434 917 1435 912 1435 914 1435 918 1436 916 1436 919 1436 919 1437 916 1437 917 1437 913 1438 918 1438 915 1438 915 1439 918 1439 919 1439 573 1440 575 1440 918 1440 918 1441 571 1441 573 1441 575 1442 577 1442 918 1442 918 1443 569 1443 571 1443 577 1444 579 1444 918 1444 918 1445 567 1445 569 1445 579 1446 581 1446 918 1446 918 1447 565 1447 567 1447 581 1448 582 1448 918 1448 918 1449 563 1449 565 1449 582 1450 585 1450 918 1450 585 1451 586 1451 918 1451 586 1452 589 1452 918 1452 589 1453 591 1453 918 1453 591 1454 593 1454 918 1454 920 1455 913 1455 921 1455 922 1456 913 1456 920 1456 923 1457 913 1457 922 1457 562 1458 913 1458 923 1458 563 1459 913 1459 562 1459 918 1460 913 1460 563 1460 924 1461 913 1461 925 1461 926 1462 913 1462 924 1462 927 1463 913 1463 926 1463 921 1464 913 1464 927 1464 913 1465 928 1465 925 1465 913 1466 929 1466 928 1466 913 1467 930 1467 929 1467 913 1468 931 1468 930 1468 913 1469 932 1469 931 1469 913 1470 933 1470 932 1470 913 1471 934 1471 933 1471 521 1472 523 1472 599 1472 597 1473 523 1473 595 1473 599 1474 523 1474 597 1474 599 1475 519 1475 521 1475 601 1476 519 1476 599 1476 523 1477 524 1477 595 1477 595 1478 524 1478 593 1478 601 1479 517 1479 519 1479 603 1480 517 1480 601 1480 524 1481 527 1481 593 1481 593 1482 527 1482 918 1482 603 1483 514 1483 517 1483 605 1484 514 1484 603 1484 527 1485 529 1485 918 1485 605 1486 513 1486 514 1486 607 1487 513 1487 605 1487 529 1488 531 1488 918 1488 607 1489 511 1489 513 1489 609 1490 511 1490 607 1490 610 1491 511 1491 609 1491 531 1492 532 1492 918 1492 610 1493 510 1493 511 1493 532 1494 535 1494 918 1494 610 1495 935 1495 510 1495 936 1496 935 1496 610 1496 535 1497 537 1497 918 1497 937 1498 938 1498 936 1498 936 1499 938 1499 935 1499 939 1500 940 1500 937 1500 937 1501 940 1501 938 1501 939 1502 941 1502 940 1502 942 1503 941 1503 939 1503 943 1504 944 1504 942 1504 942 1505 944 1505 941 1505 943 1506 945 1506 944 1506 946 1507 945 1507 943 1507 946 1508 947 1508 945 1508 948 1509 947 1509 946 1509 948 1510 949 1510 947 1510 950 1511 949 1511 948 1511 950 1512 951 1512 949 1512 952 1513 951 1513 950 1513 934 1514 951 1514 952 1514 934 1515 953 1515 951 1515 913 1516 953 1516 934 1516 913 1517 954 1517 953 1517 913 1518 955 1518 954 1518 547 1519 625 1519 545 1519 625 1520 627 1520 545 1520 549 1521 623 1521 547 1521 547 1522 623 1522 625 1522 543 1523 629 1523 541 1523 545 1524 629 1524 543 1524 627 1525 629 1525 545 1525 551 1526 621 1526 549 1526 549 1527 621 1527 623 1527 629 1528 631 1528 541 1528 553 1529 619 1529 551 1529 551 1530 619 1530 621 1530 541 1531 633 1531 538 1531 631 1532 633 1532 541 1532 555 1533 617 1533 553 1533 557 1534 617 1534 555 1534 553 1535 617 1535 619 1535 538 1536 634 1536 537 1536 633 1537 634 1537 538 1537 537 1538 634 1538 918 1538 557 1539 615 1539 617 1539 634 1540 637 1540 918 1540 559 1541 614 1541 557 1541 557 1542 614 1542 615 1542 956 1543 911 1543 559 1543 957 1544 911 1544 956 1544 559 1545 911 1545 614 1545 957 1546 909 1546 911 1546 957 1547 907 1547 909 1547 958 1548 907 1548 957 1548 958 1549 905 1549 907 1549 959 1550 905 1550 958 1550 960 1551 903 1551 959 1551 961 1552 903 1552 960 1552 959 1553 903 1553 905 1553 961 1554 901 1554 903 1554 961 1555 899 1555 901 1555 962 1556 899 1556 961 1556 963 1557 899 1557 962 1557 963 1558 896 1558 899 1558 964 1559 895 1559 963 1559 963 1560 895 1560 896 1560 965 1561 893 1561 964 1561 964 1562 893 1562 895 1562 965 1563 891 1563 893 1563 966 1564 891 1564 965 1564 651 1565 677 1565 649 1565 653 1566 677 1566 651 1566 677 1567 679 1567 649 1567 655 1568 675 1568 653 1568 653 1569 675 1569 677 1569 647 1570 681 1570 645 1570 649 1571 681 1571 647 1571 679 1572 681 1572 649 1572 655 1573 673 1573 675 1573 645 1574 683 1574 643 1574 681 1575 683 1575 645 1575 657 1576 671 1576 655 1576 655 1577 671 1577 673 1577 643 1578 685 1578 641 1578 683 1579 685 1579 643 1579 659 1580 669 1580 657 1580 657 1581 669 1581 671 1581 685 1582 686 1582 641 1582 661 1583 667 1583 659 1583 659 1584 667 1584 669 1584 662 1585 666 1585 661 1585 661 1586 666 1586 667 1586 865 1587 863 1587 662 1587 866 1588 863 1588 865 1588 662 1589 863 1589 666 1589 866 1590 861 1590 863 1590 868 1591 859 1591 866 1591 866 1592 859 1592 861 1592 871 1593 857 1593 868 1593 873 1594 857 1594 871 1594 868 1595 857 1595 859 1595 873 1596 855 1596 857 1596 873 1597 853 1597 855 1597 875 1598 853 1598 873 1598 877 1599 853 1599 875 1599 877 1600 851 1600 853 1600 877 1601 848 1601 851 1601 879 1602 848 1602 877 1602 879 1603 847 1603 848 1603 880 1604 847 1604 879 1604 882 1605 845 1605 880 1605 885 1606 845 1606 882 1606 880 1607 845 1607 847 1607 885 1608 843 1608 845 1608 638 1609 916 1609 637 1609 641 1610 916 1610 638 1610 689 1611 916 1611 686 1611 690 1612 916 1612 689 1612 693 1613 916 1613 690 1613 695 1614 916 1614 693 1614 697 1615 916 1615 695 1615 686 1616 916 1616 641 1616 637 1617 916 1617 918 1617 703 1618 731 1618 701 1618 729 1619 731 1619 703 1619 705 1620 727 1620 703 1620 703 1621 727 1621 729 1621 731 1622 733 1622 701 1622 701 1623 733 1623 699 1623 705 1624 725 1624 727 1624 707 1625 725 1625 705 1625 709 1626 725 1626 707 1626 697 1627 735 1627 916 1627 733 1628 735 1628 699 1628 699 1629 735 1629 697 1629 709 1630 723 1630 725 1630 735 1631 737 1631 916 1631 709 1632 721 1632 723 1632 711 1633 721 1633 709 1633 737 1634 738 1634 916 1634 711 1635 719 1635 721 1635 713 1636 719 1636 711 1636 714 1637 719 1637 713 1637 738 1638 741 1638 916 1638 714 1639 718 1639 719 1639 817 1640 718 1640 714 1640 741 1641 742 1641 916 1641 817 1642 815 1642 718 1642 742 1643 745 1643 916 1643 817 1644 813 1644 815 1644 818 1645 813 1645 817 1645 745 1646 747 1646 916 1646 818 1647 811 1647 813 1647 820 1648 811 1648 818 1648 747 1649 749 1649 916 1649 820 1650 809 1650 811 1650 823 1651 809 1651 820 1651 825 1652 809 1652 823 1652 749 1653 751 1653 916 1653 825 1654 807 1654 809 1654 751 1655 753 1655 916 1655 825 1656 805 1656 807 1656 827 1657 805 1657 825 1657 753 1658 755 1658 916 1658 829 1659 803 1659 827 1659 827 1660 803 1660 805 1660 755 1661 757 1661 916 1661 829 1662 800 1662 803 1662 831 1663 800 1663 829 1663 757 1664 759 1664 916 1664 831 1665 799 1665 800 1665 832 1666 799 1666 831 1666 759 1667 761 1667 916 1667 832 1668 797 1668 799 1668 834 1669 797 1669 832 1669 761 1670 763 1670 916 1670 763 1671 765 1671 916 1671 834 1672 912 1672 797 1672 766 1673 912 1673 765 1673 769 1674 912 1674 766 1674 765 1675 912 1675 916 1675 770 1676 912 1676 769 1676 772 1677 912 1677 770 1677 775 1678 912 1678 772 1678 777 1679 912 1679 775 1679 779 1680 912 1680 777 1680 781 1681 912 1681 779 1681 783 1682 912 1682 781 1682 784 1683 912 1683 783 1683 786 1684 912 1684 784 1684 789 1685 912 1685 786 1685 791 1686 912 1686 789 1686 793 1687 912 1687 791 1687 795 1688 912 1688 793 1688 797 1689 912 1689 795 1689 837 1690 912 1690 834 1690 839 1691 912 1691 837 1691 913 1692 912 1692 955 1692 955 1693 912 1693 967 1693 967 1694 912 1694 966 1694 966 1695 912 1695 889 1695 966 1696 889 1696 891 1696 889 1697 912 1697 887 1697 887 1698 912 1698 885 1698 885 1699 912 1699 843 1699 843 1700 912 1700 841 1700 841 1701 912 1701 839 1701 574 1702 572 1702 919 1702 570 1703 919 1703 572 1703 576 1704 574 1704 919 1704 568 1705 919 1705 570 1705 578 1706 576 1706 919 1706 566 1707 919 1707 568 1707 580 1708 578 1708 919 1708 564 1709 919 1709 566 1709 583 1710 580 1710 919 1710 561 1711 919 1711 564 1711 584 1712 583 1712 919 1712 587 1713 584 1713 919 1713 588 1714 587 1714 919 1714 590 1715 588 1715 919 1715 592 1716 590 1716 919 1716 915 1717 968 1717 969 1717 915 1718 970 1718 968 1718 915 1719 971 1719 970 1719 915 1720 972 1720 971 1720 915 1721 973 1721 972 1721 915 1722 974 1722 973 1722 915 1723 975 1723 974 1723 915 1724 560 1724 975 1724 915 1725 561 1725 560 1725 915 1726 919 1726 561 1726 976 1727 915 1727 969 1727 977 1728 915 1728 976 1728 978 1729 915 1729 977 1729 979 1730 915 1730 978 1730 980 1731 915 1731 979 1731 981 1732 915 1732 980 1732 982 1733 915 1733 981 1733 520 1734 598 1734 596 1734 520 1735 600 1735 598 1735 522 1736 520 1736 596 1736 522 1737 596 1737 594 1737 518 1738 600 1738 520 1738 525 1739 522 1739 594 1739 516 1740 604 1740 602 1740 516 1741 600 1741 518 1741 516 1742 602 1742 600 1742 526 1743 525 1743 594 1743 526 1744 592 1744 919 1744 526 1745 594 1745 592 1745 515 1746 604 1746 516 1746 528 1747 526 1747 919 1747 512 1748 606 1748 604 1748 512 1749 604 1749 515 1749 530 1750 528 1750 919 1750 509 1751 608 1751 606 1751 509 1752 606 1752 512 1752 533 1753 530 1753 919 1753 508 1754 611 1754 608 1754 508 1755 608 1755 509 1755 534 1756 533 1756 919 1756 983 1757 611 1757 508 1757 983 1758 984 1758 611 1758 536 1759 534 1759 919 1759 985 1760 984 1760 983 1760 985 1761 986 1761 984 1761 987 1762 988 1762 986 1762 987 1763 989 1763 988 1763 987 1764 986 1764 985 1764 990 1765 989 1765 987 1765 990 1766 991 1766 989 1766 992 1767 991 1767 990 1767 993 1768 991 1768 992 1768 993 1769 994 1769 991 1769 995 1770 996 1770 994 1770 995 1771 997 1771 996 1771 995 1772 994 1772 993 1772 998 1773 997 1773 995 1773 998 1774 999 1774 997 1774 1000 1775 999 1775 998 1775 1001 1776 999 1776 1000 1776 1001 1777 915 1777 982 1777 1001 1778 982 1778 999 1778 1002 1779 915 1779 1001 1779 1003 1780 915 1780 1002 1780 624 1781 546 1781 544 1781 626 1782 624 1782 544 1782 622 1783 548 1783 546 1783 622 1784 550 1784 548 1784 622 1785 546 1785 624 1785 628 1786 542 1786 540 1786 628 1787 544 1787 542 1787 628 1788 626 1788 544 1788 620 1789 552 1789 550 1789 620 1790 550 1790 622 1790 630 1791 628 1791 540 1791 618 1792 552 1792 620 1792 632 1793 540 1793 539 1793 632 1794 630 1794 540 1794 616 1795 554 1795 552 1795 616 1796 556 1796 554 1796 616 1797 552 1797 618 1797 635 1798 539 1798 536 1798 635 1799 536 1799 919 1799 635 1800 632 1800 539 1800 613 1801 556 1801 616 1801 636 1802 635 1802 919 1802 612 1803 1004 1803 558 1803 612 1804 558 1804 556 1804 612 1805 556 1805 613 1805 910 1806 1004 1806 612 1806 908 1807 1005 1807 1004 1807 908 1808 1004 1808 910 1808 906 1809 1006 1809 1005 1809 906 1810 1005 1810 908 1810 904 1811 1007 1811 1006 1811 904 1812 1006 1812 906 1812 902 1813 1008 1813 1007 1813 902 1814 1009 1814 1008 1814 902 1815 1007 1815 904 1815 900 1816 1009 1816 902 1816 898 1817 1010 1817 1009 1817 898 1818 1011 1818 1010 1818 898 1819 1009 1819 900 1819 897 1820 1011 1820 898 1820 894 1821 1012 1821 1011 1821 894 1822 1013 1822 1012 1822 894 1823 1011 1823 897 1823 892 1824 1013 1824 894 1824 890 1825 1014 1825 1013 1825 890 1826 1013 1826 892 1826 676 1827 650 1827 648 1827 676 1828 652 1828 650 1828 678 1829 676 1829 648 1829 674 1830 652 1830 676 1830 680 1831 648 1831 646 1831 680 1832 678 1832 648 1832 672 1833 654 1833 652 1833 672 1834 652 1834 674 1834 682 1835 646 1835 644 1835 682 1836 680 1836 646 1836 670 1837 654 1837 672 1837 670 1838 656 1838 654 1838 684 1839 682 1839 644 1839 684 1840 642 1840 640 1840 684 1841 644 1841 642 1841 668 1842 658 1842 656 1842 668 1843 656 1843 670 1843 687 1844 684 1844 640 1844 665 1845 660 1845 658 1845 665 1846 658 1846 668 1846 664 1847 660 1847 665 1847 664 1848 663 1848 660 1848 862 1849 864 1849 663 1849 862 1850 663 1850 664 1850 860 1851 867 1851 864 1851 860 1852 864 1852 862 1852 858 1853 869 1853 867 1853 858 1854 867 1854 860 1854 856 1855 870 1855 869 1855 856 1856 869 1856 858 1856 854 1857 872 1857 870 1857 854 1858 870 1858 856 1858 852 1859 874 1859 872 1859 852 1860 872 1860 854 1860 850 1861 874 1861 852 1861 850 1862 876 1862 874 1862 849 1863 876 1863 850 1863 849 1864 878 1864 876 1864 846 1865 878 1865 849 1865 846 1866 881 1866 878 1866 844 1867 883 1867 881 1867 844 1868 884 1868 883 1868 844 1869 881 1869 846 1869 842 1870 884 1870 844 1870 917 1871 639 1871 636 1871 917 1872 640 1872 639 1872 917 1873 687 1873 640 1873 917 1874 636 1874 919 1874 917 1875 688 1875 687 1875 917 1876 691 1876 688 1876 917 1877 692 1877 691 1877 917 1878 694 1878 692 1878 917 1879 696 1879 694 1879 728 1880 702 1880 700 1880 730 1881 728 1881 700 1881 730 1882 700 1882 698 1882 726 1883 702 1883 728 1883 726 1884 704 1884 702 1884 732 1885 730 1885 698 1885 724 1886 704 1886 726 1886 724 1887 706 1887 704 1887 734 1888 732 1888 698 1888 734 1889 696 1889 917 1889 734 1890 698 1890 696 1890 722 1891 710 1891 708 1891 722 1892 706 1892 724 1892 722 1893 708 1893 706 1893 736 1894 734 1894 917 1894 720 1895 712 1895 710 1895 720 1896 710 1896 722 1896 739 1897 736 1897 917 1897 717 1898 712 1898 720 1898 740 1899 739 1899 917 1899 716 1900 712 1900 717 1900 716 1901 715 1901 712 1901 716 1902 816 1902 715 1902 743 1903 740 1903 917 1903 814 1904 816 1904 716 1904 744 1905 743 1905 917 1905 812 1906 819 1906 816 1906 812 1907 816 1907 814 1907 746 1908 744 1908 917 1908 810 1909 821 1909 819 1909 810 1910 819 1910 812 1910 748 1911 746 1911 917 1911 808 1912 822 1912 821 1912 808 1913 821 1913 810 1913 750 1914 748 1914 917 1914 806 1915 824 1915 822 1915 806 1916 822 1916 808 1916 752 1917 750 1917 917 1917 804 1918 826 1918 824 1918 804 1919 824 1919 806 1919 754 1920 752 1920 917 1920 802 1921 826 1921 804 1921 802 1922 828 1922 826 1922 756 1923 754 1923 917 1923 801 1924 830 1924 828 1924 801 1925 828 1925 802 1925 758 1926 756 1926 917 1926 798 1927 830 1927 801 1927 798 1928 833 1928 830 1928 798 1929 835 1929 833 1929 760 1930 758 1930 917 1930 796 1931 835 1931 798 1931 762 1932 760 1932 917 1932 764 1933 762 1933 917 1933 914 1934 768 1934 767 1934 914 1935 771 1935 768 1935 914 1936 773 1936 771 1936 914 1937 774 1937 773 1937 914 1938 776 1938 774 1938 914 1939 778 1939 776 1939 914 1940 780 1940 778 1940 914 1941 782 1941 780 1941 914 1942 785 1942 782 1942 914 1943 787 1943 785 1943 914 1944 788 1944 787 1944 914 1945 790 1945 788 1945 914 1946 835 1946 796 1946 914 1947 792 1947 790 1947 914 1948 794 1948 792 1948 914 1949 796 1949 794 1949 914 1950 764 1950 917 1950 914 1951 767 1951 764 1951 914 1952 836 1952 835 1952 914 1953 838 1953 836 1953 914 1954 915 1954 840 1954 840 1955 915 1955 842 1955 842 1956 915 1956 886 1956 886 1957 915 1957 888 1957 888 1958 915 1958 890 1958 890 1959 915 1959 1014 1959 1014 1960 915 1960 1015 1960 1015 1961 915 1961 1003 1961 914 1962 840 1962 838 1962 842 1963 886 1963 884 1963 611 1964 984 1964 610 1964 610 1965 984 1965 936 1965 936 1966 986 1966 937 1966 984 1967 986 1967 936 1967 937 1968 988 1968 939 1968 986 1969 988 1969 937 1969 939 1970 989 1970 942 1970 988 1971 989 1971 939 1971 942 1972 991 1972 943 1972 943 1973 991 1973 946 1973 989 1974 991 1974 942 1974 991 1975 994 1975 946 1975 946 1976 996 1976 948 1976 994 1977 996 1977 946 1977 948 1978 997 1978 950 1978 950 1979 997 1979 952 1979 996 1980 997 1980 948 1980 997 1981 999 1981 952 1981 952 1982 982 1982 934 1982 999 1983 982 1983 952 1983 982 1984 981 1984 934 1984 934 1985 981 1985 933 1985 933 1986 981 1986 932 1986 981 1987 980 1987 932 1987 932 1988 980 1988 931 1988 980 1989 979 1989 931 1989 979 1990 978 1990 931 1990 931 1991 978 1991 930 1991 978 1992 977 1992 930 1992 930 1993 977 1993 929 1993 977 1994 976 1994 929 1994 929 1995 976 1995 928 1995 976 1996 969 1996 928 1996 928 1997 969 1997 925 1997 969 1998 968 1998 925 1998 925 1999 968 1999 924 1999 968 2000 970 2000 924 2000 924 2001 970 2001 926 2001 970 2002 971 2002 926 2002 926 2003 971 2003 927 2003 971 2004 972 2004 927 2004 927 2005 972 2005 921 2005 972 2006 973 2006 921 2006 921 2007 973 2007 920 2007 973 2008 974 2008 920 2008 920 2009 974 2009 922 2009 922 2010 975 2010 923 2010 974 2011 975 2011 922 2011 923 2012 560 2012 562 2012 975 2013 560 2013 923 2013 558 2014 1004 2014 559 2014 559 2015 1004 2015 956 2015 956 2016 1005 2016 957 2016 1004 2017 1005 2017 956 2017 957 2018 1006 2018 958 2018 1005 2019 1006 2019 957 2019 958 2020 1007 2020 959 2020 1006 2021 1007 2021 958 2021 959 2022 1008 2022 960 2022 960 2023 1008 2023 961 2023 1007 2024 1008 2024 959 2024 1008 2025 1009 2025 961 2025 961 2026 1010 2026 962 2026 1009 2027 1010 2027 961 2027 962 2028 1011 2028 963 2028 963 2029 1011 2029 964 2029 1010 2030 1011 2030 962 2030 1011 2031 1012 2031 964 2031 964 2032 1013 2032 965 2032 1012 2033 1013 2033 964 2033 1013 2034 1014 2034 965 2034 965 2035 1014 2035 966 2035 966 2036 1014 2036 967 2036 1014 2037 1015 2037 967 2037 967 2038 1015 2038 955 2038 1015 2039 1003 2039 955 2039 1003 2040 1002 2040 955 2040 955 2041 1002 2041 954 2041 1002 2042 1001 2042 954 2042 954 2043 1001 2043 953 2043 1001 2044 1000 2044 953 2044 953 2045 1000 2045 951 2045 1000 2046 998 2046 951 2046 951 2047 998 2047 949 2047 998 2048 995 2048 949 2048 949 2049 995 2049 947 2049 995 2050 993 2050 947 2050 947 2051 993 2051 945 2051 993 2052 992 2052 945 2052 945 2053 992 2053 944 2053 992 2054 990 2054 944 2054 944 2055 990 2055 941 2055 990 2056 987 2056 941 2056 941 2057 987 2057 940 2057 987 2058 985 2058 940 2058 940 2059 985 2059 938 2059 938 2060 983 2060 935 2060 985 2061 983 2061 938 2061 935 2062 508 2062 510 2062 983 2063 508 2063 935 2063 1016 2064 1017 2064 1018 2064 1018 2065 1017 2065 1019 2065 1019 2066 1020 2066 1021 2066 1017 2067 1020 2067 1019 2067 1021 2068 1022 2068 1023 2068 1020 2069 1022 2069 1021 2069 1023 2070 1024 2070 1025 2070 1022 2071 1024 2071 1023 2071 1025 2072 1026 2072 1027 2072 1024 2073 1026 2073 1025 2073 1027 2074 1028 2074 1029 2074 1026 2075 1028 2075 1027 2075 1029 2076 1030 2076 1031 2076 1028 2077 1030 2077 1029 2077 1031 2078 1032 2078 1033 2078 1030 2079 1032 2079 1031 2079 1033 2080 1034 2080 1035 2080 1032 2081 1034 2081 1033 2081 1035 2082 1036 2082 1037 2082 1034 2083 1036 2083 1035 2083 1037 2084 1038 2084 1039 2084 1036 2085 1038 2085 1037 2085 1038 2086 1040 2086 1039 2086 1039 2087 1040 2087 1041 2087 1040 2088 1042 2088 1041 2088 1041 2089 1042 2089 1043 2089 1042 2090 1044 2090 1043 2090 1043 2091 1044 2091 1045 2091 1044 2092 1046 2092 1045 2092 1045 2093 1046 2093 1047 2093 1046 2094 1048 2094 1047 2094 1047 2095 1048 2095 1049 2095 1048 2096 1050 2096 1049 2096 1049 2097 1050 2097 1051 2097 1050 2098 1052 2098 1051 2098 1051 2099 1052 2099 1053 2099 1052 2100 1054 2100 1053 2100 1053 2101 1054 2101 1055 2101 1054 2102 1056 2102 1055 2102 1055 2103 1056 2103 1057 2103 1056 2104 1058 2104 1057 2104 1057 2105 1058 2105 1059 2105 1058 2106 1060 2106 1059 2106 1059 2107 1060 2107 1061 2107 1061 2108 1060 2108 1062 2108 1060 2109 1063 2109 1062 2109 1062 2110 1064 2110 1065 2110 1063 2111 1064 2111 1062 2111 1066 2112 1067 2112 1068 2112 1068 2113 1067 2113 1069 2113 1069 2114 1070 2114 1071 2114 1067 2115 1070 2115 1069 2115 1071 2116 1072 2116 1073 2116 1070 2117 1072 2117 1071 2117 1073 2118 1074 2118 1075 2118 1072 2119 1074 2119 1073 2119 1075 2120 1076 2120 1077 2120 1074 2121 1076 2121 1075 2121 1077 2122 1078 2122 1079 2122 1076 2123 1078 2123 1077 2123 1079 2124 1080 2124 1081 2124 1078 2125 1080 2125 1079 2125 1081 2126 1082 2126 1083 2126 1080 2127 1082 2127 1081 2127 1083 2128 1084 2128 1085 2128 1082 2129 1084 2129 1083 2129 1085 2130 1086 2130 1087 2130 1084 2131 1086 2131 1085 2131 1087 2132 1088 2132 1089 2132 1086 2133 1088 2133 1087 2133 1088 2134 1090 2134 1089 2134 1089 2135 1090 2135 1091 2135 1090 2136 1092 2136 1091 2136 1091 2137 1092 2137 1093 2137 1092 2138 1094 2138 1093 2138 1093 2139 1094 2139 1095 2139 1094 2140 1096 2140 1095 2140 1095 2141 1096 2141 1097 2141 1096 2142 1098 2142 1097 2142 1097 2143 1098 2143 1099 2143 1098 2144 1100 2144 1099 2144 1099 2145 1100 2145 1101 2145 1100 2146 1102 2146 1101 2146 1101 2147 1102 2147 1103 2147 1102 2148 1104 2148 1103 2148 1103 2149 1104 2149 1105 2149 1104 2150 1106 2150 1105 2150 1105 2151 1106 2151 1107 2151 1106 2152 1108 2152 1107 2152 1107 2153 1108 2153 1109 2153 1108 2154 1110 2154 1109 2154 1109 2155 1110 2155 1111 2155 1111 2156 1110 2156 1112 2156 1110 2157 1113 2157 1112 2157 1112 2158 1114 2158 1115 2158 1113 2159 1114 2159 1112 2159 1116 2160 1117 2160 1118 2160 1118 2161 1117 2161 1119 2161 1119 2162 1120 2162 1121 2162 1117 2163 1120 2163 1119 2163 1121 2164 1122 2164 1123 2164 1120 2165 1122 2165 1121 2165 1123 2166 1124 2166 1125 2166 1122 2167 1124 2167 1123 2167 1125 2168 1126 2168 1127 2168 1124 2169 1126 2169 1125 2169 1127 2170 1128 2170 1129 2170 1126 2171 1128 2171 1127 2171 1129 2172 1130 2172 1131 2172 1128 2173 1130 2173 1129 2173 1131 2174 1132 2174 1133 2174 1130 2175 1132 2175 1131 2175 1133 2176 1134 2176 1135 2176 1132 2177 1134 2177 1133 2177 1135 2178 1136 2178 1137 2178 1137 2179 1136 2179 1138 2179 1134 2180 1136 2180 1135 2180 1136 2181 1139 2181 1138 2181 1139 2182 1140 2182 1138 2182 1138 2183 1140 2183 1141 2183 1141 2184 1140 2184 1142 2184 1140 2185 1143 2185 1142 2185 1143 2186 1144 2186 1142 2186 1142 2187 1144 2187 1145 2187 1144 2188 1146 2188 1145 2188 1145 2189 1146 2189 1147 2189 1146 2190 1148 2190 1147 2190 1147 2191 1148 2191 1149 2191 1148 2192 1150 2192 1149 2192 1149 2193 1150 2193 1151 2193 1150 2194 1152 2194 1151 2194 1151 2195 1152 2195 1153 2195 1152 2196 1154 2196 1153 2196 1153 2197 1154 2197 1155 2197 1154 2198 1156 2198 1155 2198 1155 2199 1156 2199 1157 2199 1156 2200 1158 2200 1157 2200 1157 2201 1158 2201 1159 2201 1158 2202 1160 2202 1159 2202 1159 2203 1160 2203 1161 2203 1160 2204 1162 2204 1161 2204 1161 2205 1162 2205 1163 2205 1162 2206 1164 2206 1163 2206 1163 2207 1164 2207 1165 2207 1165 2208 1164 2208 1166 2208 1164 2209 1167 2209 1166 2209 1168 2210 1169 2210 1170 2210 1170 2211 1169 2211 1171 2211 1171 2212 1172 2212 1173 2212 1169 2213 1172 2213 1171 2213 1173 2214 1174 2214 1175 2214 1172 2215 1174 2215 1173 2215 1175 2216 1176 2216 1177 2216 1174 2217 1176 2217 1175 2217 1177 2218 1178 2218 1179 2218 1176 2219 1178 2219 1177 2219 1179 2220 1180 2220 1181 2220 1178 2221 1180 2221 1179 2221 1181 2222 1182 2222 1183 2222 1180 2223 1182 2223 1181 2223 1183 2224 1184 2224 1185 2224 1182 2225 1184 2225 1183 2225 1185 2226 1186 2226 1187 2226 1184 2227 1186 2227 1185 2227 1187 2228 1188 2228 1189 2228 1189 2229 1188 2229 1190 2229 1186 2230 1188 2230 1187 2230 1188 2231 1191 2231 1190 2231 1191 2232 1192 2232 1190 2232 1190 2233 1192 2233 1193 2233 1193 2234 1192 2234 1194 2234 1192 2235 1195 2235 1194 2235 1195 2236 1196 2236 1194 2236 1194 2237 1196 2237 1197 2237 1196 2238 1198 2238 1197 2238 1197 2239 1198 2239 1199 2239 1198 2240 1200 2240 1199 2240 1199 2241 1200 2241 1201 2241 1200 2242 1202 2242 1201 2242 1201 2243 1202 2243 1203 2243 1202 2244 1204 2244 1203 2244 1203 2245 1204 2245 1205 2245 1204 2246 1206 2246 1205 2246 1205 2247 1206 2247 1207 2247 1206 2248 1208 2248 1207 2248 1207 2249 1208 2249 1209 2249 1208 2250 1210 2250 1209 2250 1209 2251 1210 2251 1211 2251 1210 2252 1212 2252 1211 2252 1211 2253 1212 2253 1213 2253 1212 2254 1214 2254 1213 2254 1213 2255 1214 2255 1215 2255 1214 2256 1216 2256 1215 2256 1215 2257 1216 2257 1217 2257 1217 2258 1216 2258 1218 2258 1216 2259 1219 2259 1218 2259 1220 2260 1221 2260 1222 2260 1222 2261 1221 2261 1223 2261 1223 2262 1224 2262 1225 2262 1221 2263 1224 2263 1223 2263 1225 2264 1226 2264 1227 2264 1224 2265 1226 2265 1225 2265 1227 2266 1228 2266 1229 2266 1226 2267 1228 2267 1227 2267 1229 2268 1230 2268 1231 2268 1228 2269 1230 2269 1229 2269 1231 2270 1232 2270 1233 2270 1230 2271 1232 2271 1231 2271 1233 2272 1234 2272 1235 2272 1232 2273 1234 2273 1233 2273 1235 2274 1236 2274 1237 2274 1234 2275 1236 2275 1235 2275 1237 2276 1238 2276 1239 2276 1236 2277 1238 2277 1237 2277 1239 2278 1240 2278 1241 2278 1241 2279 1240 2279 1242 2279 1238 2280 1240 2280 1239 2280 1240 2281 1243 2281 1242 2281 1243 2282 1244 2282 1242 2282 1242 2283 1244 2283 1245 2283 1245 2284 1244 2284 1246 2284 1244 2285 1247 2285 1246 2285 1247 2286 1248 2286 1246 2286 1246 2287 1248 2287 1249 2287 1248 2288 1250 2288 1249 2288 1249 2289 1250 2289 1251 2289 1250 2290 1252 2290 1251 2290 1251 2291 1252 2291 1253 2291 1252 2292 1254 2292 1253 2292 1253 2293 1254 2293 1255 2293 1254 2294 1256 2294 1255 2294 1255 2295 1256 2295 1257 2295 1256 2296 1258 2296 1257 2296 1257 2297 1258 2297 1259 2297 1258 2298 1260 2298 1259 2298 1259 2299 1260 2299 1261 2299 1260 2300 1262 2300 1261 2300 1261 2301 1262 2301 1263 2301 1262 2302 1264 2302 1263 2302 1263 2303 1264 2303 1265 2303 1264 2304 1266 2304 1265 2304 1265 2305 1266 2305 1267 2305 1266 2306 1268 2306 1267 2306 1267 2307 1268 2307 1269 2307 1269 2308 1268 2308 1270 2308 1268 2309 1271 2309 1270 2309 1272 2310 1273 2310 1274 2310 1274 2311 1273 2311 1275 2311 1275 2312 1276 2312 1277 2312 1273 2313 1276 2313 1275 2313 1277 2314 1278 2314 1279 2314 1276 2315 1278 2315 1277 2315 1279 2316 1280 2316 1281 2316 1278 2317 1280 2317 1279 2317 1281 2318 1282 2318 1283 2318 1280 2319 1282 2319 1281 2319 1283 2320 1284 2320 1285 2320 1282 2321 1284 2321 1283 2321 1285 2322 1286 2322 1287 2322 1284 2323 1286 2323 1285 2323 1287 2324 1288 2324 1289 2324 1286 2325 1288 2325 1287 2325 1289 2326 1290 2326 1291 2326 1288 2327 1290 2327 1289 2327 1291 2328 1292 2328 1293 2328 1293 2329 1292 2329 1294 2329 1290 2330 1292 2330 1291 2330 1292 2331 1295 2331 1294 2331 1295 2332 1296 2332 1294 2332 1294 2333 1296 2333 1297 2333 1297 2334 1296 2334 1298 2334 1296 2335 1299 2335 1298 2335 1299 2336 1300 2336 1298 2336 1298 2337 1300 2337 1301 2337 1300 2338 1302 2338 1301 2338 1301 2339 1302 2339 1303 2339 1302 2340 1304 2340 1303 2340 1303 2341 1304 2341 1305 2341 1304 2342 1306 2342 1305 2342 1305 2343 1306 2343 1307 2343 1306 2344 1308 2344 1307 2344 1307 2345 1308 2345 1309 2345 1308 2346 1310 2346 1309 2346 1309 2347 1310 2347 1311 2347 1310 2348 1312 2348 1311 2348 1311 2349 1312 2349 1313 2349 1312 2350 1314 2350 1313 2350 1313 2351 1314 2351 1315 2351 1314 2352 1316 2352 1315 2352 1315 2353 1316 2353 1317 2353 1316 2354 1318 2354 1317 2354 1317 2355 1318 2355 1319 2355 1318 2356 1320 2356 1319 2356 1319 2357 1320 2357 1321 2357 1321 2358 1320 2358 1322 2358 1320 2359 1323 2359 1322 2359 1324 2360 1325 2360 1326 2360 1326 2361 1325 2361 1327 2361 1327 2362 1328 2362 1329 2362 1325 2363 1328 2363 1327 2363 1329 2364 1330 2364 1331 2364 1328 2365 1330 2365 1329 2365 1331 2366 1332 2366 1333 2366 1333 2367 1332 2367 1334 2367 1330 2368 1332 2368 1331 2368 1332 2369 1335 2369 1334 2369 1334 2370 1336 2370 1337 2370 1337 2371 1336 2371 1338 2371 1335 2372 1336 2372 1334 2372 1336 2373 1339 2373 1338 2373 1338 2374 1340 2374 1341 2374 1341 2375 1340 2375 1342 2375 1339 2376 1340 2376 1338 2376 1340 2377 1343 2377 1342 2377 1342 2378 1344 2378 1345 2378 1343 2379 1344 2379 1342 2379 1344 2380 1346 2380 1345 2380 1345 2381 1346 2381 1347 2381 1346 2382 1348 2382 1347 2382 1347 2383 1348 2383 1349 2383 1348 2384 1350 2384 1349 2384 1349 2385 1350 2385 1351 2385 1350 2386 1352 2386 1351 2386 1351 2387 1352 2387 1353 2387 1352 2388 1354 2388 1353 2388 1353 2389 1354 2389 1355 2389 1354 2390 1356 2390 1355 2390 1355 2391 1356 2391 1357 2391 1356 2392 1358 2392 1357 2392 1357 2393 1358 2393 1359 2393 1358 2394 1360 2394 1359 2394 1359 2395 1360 2395 1361 2395 1360 2396 1362 2396 1361 2396 1361 2397 1362 2397 1363 2397 1363 2398 1362 2398 1364 2398 1362 2399 1365 2399 1364 2399 1365 2400 1366 2400 1364 2400 1364 2401 1366 2401 1367 2401 1367 2402 1366 2402 1368 2402 1366 2403 1369 2403 1368 2403 1369 2404 1370 2404 1368 2404 1368 2405 1370 2405 1371 2405 1370 2406 1372 2406 1371 2406 1371 2407 1372 2407 1373 2407 1372 2408 1374 2408 1373 2408 1373 2409 1374 2409 1375 2409 1376 2410 1377 2410 1378 2410 1377 2411 1379 2411 1378 2411 1379 2412 1380 2412 1378 2412 1327 2413 1381 2413 1326 2413 1329 2414 1381 2414 1327 2414 1331 2415 1381 2415 1329 2415 1326 2416 1381 2416 1378 2416 1378 2417 1381 2417 1376 2417 1380 2418 1382 2418 1378 2418 1333 2419 1383 2419 1331 2419 1334 2420 1383 2420 1333 2420 1331 2421 1383 2421 1381 2421 1381 2422 1383 2422 1376 2422 1376 2423 1383 2423 1377 2423 1382 2424 1384 2424 1378 2424 1337 2425 1385 2425 1334 2425 1338 2426 1385 2426 1337 2426 1383 2427 1385 2427 1377 2427 1334 2428 1385 2428 1383 2428 1377 2429 1385 2429 1379 2429 1384 2430 1386 2430 1378 2430 1341 2431 1387 2431 1338 2431 1342 2432 1387 2432 1341 2432 1379 2433 1387 2433 1380 2433 1338 2434 1387 2434 1385 2434 1380 2435 1387 2435 1382 2435 1385 2436 1387 2436 1379 2436 1386 2437 1388 2437 1378 2437 1345 2438 1389 2438 1342 2438 1347 2439 1389 2439 1345 2439 1342 2440 1389 2440 1387 2440 1387 2441 1389 2441 1382 2441 1388 2442 1390 2442 1378 2442 1349 2443 1391 2443 1347 2443 1347 2444 1391 2444 1389 2444 1382 2445 1391 2445 1384 2445 1389 2446 1391 2446 1382 2446 1390 2447 1392 2447 1378 2447 1351 2448 1393 2448 1349 2448 1353 2449 1393 2449 1351 2449 1349 2450 1393 2450 1391 2450 1384 2451 1393 2451 1386 2451 1391 2452 1393 2452 1384 2452 1392 2453 1394 2453 1378 2453 1393 2454 1395 2454 1386 2454 1355 2455 1395 2455 1353 2455 1357 2456 1395 2456 1355 2456 1386 2457 1395 2457 1388 2457 1388 2458 1395 2458 1390 2458 1353 2459 1395 2459 1393 2459 1394 2460 1396 2460 1378 2460 1359 2461 1397 2461 1357 2461 1361 2462 1397 2462 1359 2462 1395 2463 1397 2463 1390 2463 1357 2464 1397 2464 1395 2464 1390 2465 1398 2465 1392 2465 1363 2466 1398 2466 1361 2466 1364 2467 1398 2467 1363 2467 1397 2468 1398 2468 1390 2468 1361 2469 1398 2469 1397 2469 1392 2470 1399 2470 1394 2470 1398 2471 1399 2471 1392 2471 1367 2472 1399 2472 1364 2472 1368 2473 1399 2473 1367 2473 1364 2474 1399 2474 1398 2474 1394 2475 1400 2475 1396 2475 1368 2476 1400 2476 1399 2476 1371 2477 1400 2477 1368 2477 1373 2478 1400 2478 1371 2478 1375 2479 1400 2479 1373 2479 1378 2480 1400 2480 1375 2480 1396 2481 1400 2481 1378 2481 1399 2482 1400 2482 1394 2482 1401 2483 1402 2483 1403 2483 1403 2484 1402 2484 1404 2484 1404 2485 1405 2485 1406 2485 1402 2486 1405 2486 1404 2486 1406 2487 1407 2487 1408 2487 1405 2488 1407 2488 1406 2488 1408 2489 1409 2489 1410 2489 1410 2490 1409 2490 1411 2490 1407 2491 1409 2491 1408 2491 1409 2492 1412 2492 1411 2492 1411 2493 1413 2493 1414 2493 1414 2494 1413 2494 1415 2494 1412 2495 1413 2495 1411 2495 1413 2496 1416 2496 1415 2496 1415 2497 1417 2497 1418 2497 1418 2498 1417 2498 1419 2498 1416 2499 1417 2499 1415 2499 1417 2500 1420 2500 1419 2500 1419 2501 1421 2501 1422 2501 1420 2502 1421 2502 1419 2502 1421 2503 1423 2503 1422 2503 1422 2504 1423 2504 1424 2504 1423 2505 1425 2505 1424 2505 1424 2506 1425 2506 1426 2506 1425 2507 1427 2507 1426 2507 1426 2508 1427 2508 1428 2508 1427 2509 1429 2509 1428 2509 1428 2510 1429 2510 1430 2510 1429 2511 1431 2511 1430 2511 1430 2512 1431 2512 1432 2512 1431 2513 1433 2513 1432 2513 1432 2514 1433 2514 1434 2514 1433 2515 1435 2515 1434 2515 1434 2516 1435 2516 1436 2516 1435 2517 1437 2517 1436 2517 1436 2518 1437 2518 1438 2518 1437 2519 1439 2519 1438 2519 1438 2520 1439 2520 1440 2520 1440 2521 1439 2521 1441 2521 1439 2522 1442 2522 1441 2522 1442 2523 1443 2523 1441 2523 1441 2524 1443 2524 1444 2524 1444 2525 1443 2525 1445 2525 1443 2526 1446 2526 1445 2526 1446 2527 1447 2527 1445 2527 1445 2528 1447 2528 1448 2528 1447 2529 1449 2529 1448 2529 1448 2530 1449 2530 1450 2530 1449 2531 1451 2531 1450 2531 1450 2532 1451 2532 1452 2532 1453 2533 1454 2533 1455 2533 1454 2534 1456 2534 1455 2534 1456 2535 1457 2535 1455 2535 1404 2536 1458 2536 1403 2536 1406 2537 1458 2537 1404 2537 1408 2538 1458 2538 1406 2538 1403 2539 1458 2539 1455 2539 1455 2540 1458 2540 1453 2540 1457 2541 1459 2541 1455 2541 1410 2542 1460 2542 1408 2542 1411 2543 1460 2543 1410 2543 1408 2544 1460 2544 1458 2544 1458 2545 1460 2545 1453 2545 1453 2546 1460 2546 1454 2546 1459 2547 1461 2547 1455 2547 1414 2548 1462 2548 1411 2548 1415 2549 1462 2549 1414 2549 1460 2550 1462 2550 1454 2550 1411 2551 1462 2551 1460 2551 1454 2552 1462 2552 1456 2552 1461 2553 1463 2553 1455 2553 1418 2554 1464 2554 1415 2554 1419 2555 1464 2555 1418 2555 1456 2556 1464 2556 1457 2556 1415 2557 1464 2557 1462 2557 1462 2558 1464 2558 1456 2558 1463 2559 1465 2559 1455 2559 1422 2560 1466 2560 1419 2560 1424 2561 1466 2561 1422 2561 1419 2562 1466 2562 1464 2562 1457 2563 1466 2563 1459 2563 1464 2564 1466 2564 1457 2564 1465 2565 1467 2565 1455 2565 1426 2566 1468 2566 1424 2566 1424 2567 1468 2567 1466 2567 1459 2568 1468 2568 1461 2568 1466 2569 1468 2569 1459 2569 1467 2570 1469 2570 1455 2570 1428 2571 1470 2571 1426 2571 1430 2572 1470 2572 1428 2572 1426 2573 1470 2573 1468 2573 1461 2574 1470 2574 1463 2574 1468 2575 1470 2575 1461 2575 1469 2576 1471 2576 1455 2576 1470 2577 1472 2577 1463 2577 1432 2578 1472 2578 1430 2578 1434 2579 1472 2579 1432 2579 1463 2580 1472 2580 1465 2580 1430 2581 1472 2581 1470 2581 1471 2582 1473 2582 1455 2582 1472 2583 1474 2583 1465 2583 1436 2584 1474 2584 1434 2584 1438 2585 1474 2585 1436 2585 1434 2586 1474 2586 1472 2586 1465 2587 1474 2587 1467 2587 1467 2588 1475 2588 1469 2588 1440 2589 1475 2589 1438 2589 1441 2590 1475 2590 1440 2590 1474 2591 1475 2591 1467 2591 1438 2592 1475 2592 1474 2592 1471 2593 1476 2593 1473 2593 1469 2594 1476 2594 1471 2594 1475 2595 1476 2595 1469 2595 1444 2596 1476 2596 1441 2596 1445 2597 1476 2597 1444 2597 1441 2598 1476 2598 1475 2598 1476 2599 1477 2599 1473 2599 1445 2600 1477 2600 1476 2600 1448 2601 1477 2601 1445 2601 1450 2602 1477 2602 1448 2602 1452 2603 1477 2603 1450 2603 1455 2604 1477 2604 1452 2604 1473 2605 1477 2605 1455 2605 1478 2606 1479 2606 1480 2606 1480 2607 1479 2607 1481 2607 1481 2608 1482 2608 1483 2608 1479 2609 1482 2609 1481 2609 1483 2610 1484 2610 1485 2610 1485 2611 1484 2611 1486 2611 1482 2612 1484 2612 1483 2612 1484 2613 1487 2613 1486 2613 1486 2614 1488 2614 1489 2614 1487 2615 1488 2615 1486 2615 1489 2616 1490 2616 1491 2616 1488 2617 1490 2617 1489 2617 1491 2618 1492 2618 1493 2618 1493 2619 1492 2619 1494 2619 1490 2620 1492 2620 1491 2620 1492 2621 1495 2621 1494 2621 1494 2622 1496 2622 1497 2622 1495 2623 1496 2623 1494 2623 1497 2624 1498 2624 1499 2624 1496 2625 1498 2625 1497 2625 1498 2626 1500 2626 1499 2626 1499 2627 1500 2627 1501 2627 1500 2628 1502 2628 1501 2628 1501 2629 1502 2629 1503 2629 1502 2630 1504 2630 1503 2630 1503 2631 1504 2631 1505 2631 1504 2632 1506 2632 1505 2632 1505 2633 1506 2633 1507 2633 1506 2634 1508 2634 1507 2634 1507 2635 1508 2635 1509 2635 1508 2636 1510 2636 1509 2636 1509 2637 1510 2637 1511 2637 1510 2638 1512 2638 1511 2638 1511 2639 1512 2639 1513 2639 1512 2640 1514 2640 1513 2640 1513 2641 1514 2641 1515 2641 1514 2642 1516 2642 1515 2642 1515 2643 1516 2643 1517 2643 1516 2644 1518 2644 1517 2644 1517 2645 1518 2645 1519 2645 1518 2646 1520 2646 1519 2646 1519 2647 1520 2647 1521 2647 1521 2648 1520 2648 1522 2648 1520 2649 1523 2649 1522 2649 1523 2650 1524 2650 1522 2650 1522 2651 1524 2651 1525 2651 1524 2652 1526 2652 1525 2652 1525 2653 1526 2653 1527 2653 1527 2654 1526 2654 1528 2654 1526 2655 1529 2655 1528 2655 1530 2656 1531 2656 1532 2656 1531 2657 1533 2657 1532 2657 1533 2658 1534 2658 1532 2658 1481 2659 1535 2659 1480 2659 1483 2660 1535 2660 1481 2660 1485 2661 1535 2661 1483 2661 1480 2662 1535 2662 1532 2662 1532 2663 1535 2663 1530 2663 1534 2664 1536 2664 1532 2664 1486 2665 1537 2665 1485 2665 1489 2666 1537 2666 1486 2666 1485 2667 1537 2667 1535 2667 1535 2668 1537 2668 1530 2668 1530 2669 1537 2669 1531 2669 1536 2670 1538 2670 1532 2670 1491 2671 1539 2671 1489 2671 1493 2672 1539 2672 1491 2672 1537 2673 1539 2673 1531 2673 1489 2674 1539 2674 1537 2674 1531 2675 1539 2675 1533 2675 1538 2676 1540 2676 1532 2676 1494 2677 1541 2677 1493 2677 1497 2678 1541 2678 1494 2678 1533 2679 1541 2679 1534 2679 1493 2680 1541 2680 1539 2680 1539 2681 1541 2681 1533 2681 1540 2682 1542 2682 1532 2682 1499 2683 1543 2683 1497 2683 1501 2684 1543 2684 1499 2684 1497 2685 1543 2685 1541 2685 1534 2686 1543 2686 1536 2686 1541 2687 1543 2687 1534 2687 1542 2688 1544 2688 1532 2688 1503 2689 1545 2689 1501 2689 1501 2690 1545 2690 1543 2690 1536 2691 1545 2691 1538 2691 1543 2692 1545 2692 1536 2692 1544 2693 1546 2693 1532 2693 1505 2694 1547 2694 1503 2694 1507 2695 1547 2695 1505 2695 1503 2696 1547 2696 1545 2696 1538 2697 1547 2697 1540 2697 1545 2698 1547 2698 1538 2698 1546 2699 1548 2699 1532 2699 1547 2700 1549 2700 1540 2700 1509 2701 1549 2701 1507 2701 1511 2702 1549 2702 1509 2702 1540 2703 1549 2703 1542 2703 1542 2704 1549 2704 1544 2704 1507 2705 1549 2705 1547 2705 1548 2706 1550 2706 1532 2706 1513 2707 1551 2707 1511 2707 1515 2708 1551 2708 1513 2708 1511 2709 1551 2709 1549 2709 1549 2710 1551 2710 1544 2710 1544 2711 1552 2711 1546 2711 1546 2712 1552 2712 1548 2712 1517 2713 1552 2713 1515 2713 1519 2714 1552 2714 1517 2714 1551 2715 1552 2715 1544 2715 1515 2716 1552 2716 1551 2716 1552 2717 1553 2717 1548 2717 1521 2718 1553 2718 1519 2718 1522 2719 1553 2719 1521 2719 1519 2720 1553 2720 1552 2720 1548 2721 1554 2721 1550 2721 1522 2722 1554 2722 1553 2722 1525 2723 1554 2723 1522 2723 1527 2724 1554 2724 1525 2724 1528 2725 1554 2725 1527 2725 1532 2726 1554 2726 1528 2726 1550 2727 1554 2727 1532 2727 1553 2728 1554 2728 1548 2728 1555 2729 1556 2729 1557 2729 1557 2730 1556 2730 1558 2730 1558 2731 1559 2731 1560 2731 1556 2732 1559 2732 1558 2732 1560 2733 1561 2733 1562 2733 1559 2734 1561 2734 1560 2734 1562 2735 1563 2735 1564 2735 1564 2736 1563 2736 1565 2736 1561 2737 1563 2737 1562 2737 1563 2738 1566 2738 1565 2738 1565 2739 1567 2739 1568 2739 1568 2740 1567 2740 1569 2740 1566 2741 1567 2741 1565 2741 1567 2742 1570 2742 1569 2742 1569 2743 1571 2743 1572 2743 1572 2744 1571 2744 1573 2744 1570 2745 1571 2745 1569 2745 1571 2746 1574 2746 1573 2746 1573 2747 1575 2747 1576 2747 1574 2748 1575 2748 1573 2748 1575 2749 1577 2749 1576 2749 1576 2750 1577 2750 1578 2750 1577 2751 1579 2751 1578 2751 1578 2752 1579 2752 1580 2752 1579 2753 1581 2753 1580 2753 1580 2754 1581 2754 1582 2754 1581 2755 1583 2755 1582 2755 1582 2756 1583 2756 1584 2756 1583 2757 1585 2757 1584 2757 1584 2758 1585 2758 1586 2758 1585 2759 1587 2759 1586 2759 1586 2760 1587 2760 1588 2760 1587 2761 1589 2761 1588 2761 1588 2762 1589 2762 1590 2762 1589 2763 1591 2763 1590 2763 1590 2764 1591 2764 1592 2764 1591 2765 1593 2765 1592 2765 1592 2766 1593 2766 1594 2766 1594 2767 1593 2767 1595 2767 1593 2768 1596 2768 1595 2768 1596 2769 1597 2769 1595 2769 1595 2770 1597 2770 1598 2770 1598 2771 1597 2771 1599 2771 1597 2772 1600 2772 1599 2772 1600 2773 1601 2773 1599 2773 1599 2774 1601 2774 1602 2774 1601 2775 1603 2775 1602 2775 1602 2776 1603 2776 1604 2776 1603 2777 1605 2777 1604 2777 1604 2778 1605 2778 1606 2778 1607 2779 1608 2779 1609 2779 1608 2780 1610 2780 1609 2780 1610 2781 1611 2781 1609 2781 1558 2782 1612 2782 1557 2782 1560 2783 1612 2783 1558 2783 1562 2784 1612 2784 1560 2784 1557 2785 1612 2785 1609 2785 1609 2786 1612 2786 1607 2786 1611 2787 1613 2787 1609 2787 1564 2788 1614 2788 1562 2788 1565 2789 1614 2789 1564 2789 1562 2790 1614 2790 1612 2790 1612 2791 1614 2791 1607 2791 1607 2792 1614 2792 1608 2792 1613 2793 1615 2793 1609 2793 1568 2794 1616 2794 1565 2794 1569 2795 1616 2795 1568 2795 1614 2796 1616 2796 1608 2796 1565 2797 1616 2797 1614 2797 1608 2798 1616 2798 1610 2798 1615 2799 1617 2799 1609 2799 1572 2800 1618 2800 1569 2800 1573 2801 1618 2801 1572 2801 1610 2802 1618 2802 1611 2802 1569 2803 1618 2803 1616 2803 1616 2804 1618 2804 1610 2804 1617 2805 1619 2805 1609 2805 1576 2806 1620 2806 1573 2806 1578 2807 1620 2807 1576 2807 1573 2808 1620 2808 1618 2808 1611 2809 1620 2809 1613 2809 1613 2810 1620 2810 1615 2810 1618 2811 1620 2811 1611 2811 1619 2812 1621 2812 1609 2812 1580 2813 1622 2813 1578 2813 1578 2814 1622 2814 1620 2814 1620 2815 1622 2815 1615 2815 1621 2816 1623 2816 1609 2816 1582 2817 1624 2817 1580 2817 1584 2818 1624 2818 1582 2818 1580 2819 1624 2819 1622 2819 1615 2820 1624 2820 1617 2820 1622 2821 1624 2821 1615 2821 1623 2822 1625 2822 1609 2822 1624 2823 1626 2823 1617 2823 1586 2824 1626 2824 1584 2824 1588 2825 1626 2825 1586 2825 1617 2826 1626 2826 1619 2826 1584 2827 1626 2827 1624 2827 1625 2828 1627 2828 1609 2828 1626 2829 1628 2829 1619 2829 1590 2830 1628 2830 1588 2830 1592 2831 1628 2831 1590 2831 1588 2832 1628 2832 1626 2832 1619 2833 1628 2833 1621 2833 1621 2834 1629 2834 1623 2834 1594 2835 1629 2835 1592 2835 1595 2836 1629 2836 1594 2836 1628 2837 1629 2837 1621 2837 1592 2838 1629 2838 1628 2838 1623 2839 1630 2839 1625 2839 1629 2840 1630 2840 1623 2840 1598 2841 1630 2841 1595 2841 1599 2842 1630 2842 1598 2842 1595 2843 1630 2843 1629 2843 1625 2844 1631 2844 1627 2844 1599 2845 1631 2845 1630 2845 1602 2846 1631 2846 1599 2846 1604 2847 1631 2847 1602 2847 1606 2848 1631 2848 1604 2848 1609 2849 1631 2849 1606 2849 1627 2850 1631 2850 1609 2850 1630 2851 1631 2851 1625 2851 1632 2852 1633 2852 1634 2852 1634 2853 1633 2853 1635 2853 1635 2854 1636 2854 1637 2854 1633 2855 1636 2855 1635 2855 1637 2856 1638 2856 1639 2856 1639 2857 1638 2857 1640 2857 1636 2858 1638 2858 1637 2858 1638 2859 1641 2859 1640 2859 1640 2860 1642 2860 1643 2860 1641 2861 1642 2861 1640 2861 1643 2862 1644 2862 1645 2862 1642 2863 1644 2863 1643 2863 1645 2864 1646 2864 1647 2864 1647 2865 1646 2865 1648 2865 1644 2866 1646 2866 1645 2866 1646 2867 1649 2867 1648 2867 1648 2868 1650 2868 1651 2868 1649 2869 1650 2869 1648 2869 1651 2870 1652 2870 1653 2870 1650 2871 1652 2871 1651 2871 1652 2872 1654 2872 1653 2872 1653 2873 1654 2873 1655 2873 1654 2874 1656 2874 1655 2874 1655 2875 1656 2875 1657 2875 1656 2876 1658 2876 1657 2876 1657 2877 1658 2877 1659 2877 1658 2878 1660 2878 1659 2878 1659 2879 1660 2879 1661 2879 1660 2880 1662 2880 1661 2880 1661 2881 1662 2881 1663 2881 1662 2882 1664 2882 1663 2882 1663 2883 1664 2883 1665 2883 1664 2884 1666 2884 1665 2884 1665 2885 1666 2885 1667 2885 1666 2886 1668 2886 1667 2886 1667 2887 1668 2887 1669 2887 1668 2888 1670 2888 1669 2888 1669 2889 1670 2889 1671 2889 1670 2890 1672 2890 1671 2890 1671 2891 1672 2891 1673 2891 1672 2892 1674 2892 1673 2892 1673 2893 1674 2893 1675 2893 1675 2894 1674 2894 1676 2894 1674 2895 1677 2895 1676 2895 1677 2896 1678 2896 1676 2896 1676 2897 1678 2897 1679 2897 1678 2898 1680 2898 1679 2898 1679 2899 1680 2899 1681 2899 1681 2900 1680 2900 1682 2900 1680 2901 1683 2901 1682 2901 1684 2902 1685 2902 1686 2902 1685 2903 1687 2903 1686 2903 1687 2904 1688 2904 1686 2904 1635 2905 1689 2905 1634 2905 1637 2906 1689 2906 1635 2906 1639 2907 1689 2907 1637 2907 1634 2908 1689 2908 1686 2908 1686 2909 1689 2909 1684 2909 1688 2910 1690 2910 1686 2910 1640 2911 1691 2911 1639 2911 1643 2912 1691 2912 1640 2912 1639 2913 1691 2913 1689 2913 1689 2914 1691 2914 1684 2914 1684 2915 1691 2915 1685 2915 1690 2916 1692 2916 1686 2916 1645 2917 1693 2917 1643 2917 1647 2918 1693 2918 1645 2918 1691 2919 1693 2919 1685 2919 1643 2920 1693 2920 1691 2920 1685 2921 1693 2921 1687 2921 1692 2922 1694 2922 1686 2922 1648 2923 1695 2923 1647 2923 1651 2924 1695 2924 1648 2924 1687 2925 1695 2925 1688 2925 1647 2926 1695 2926 1693 2926 1693 2927 1695 2927 1687 2927 1694 2928 1696 2928 1686 2928 1653 2929 1697 2929 1651 2929 1655 2930 1697 2930 1653 2930 1651 2931 1697 2931 1695 2931 1688 2932 1697 2932 1690 2932 1695 2933 1697 2933 1688 2933 1696 2934 1698 2934 1686 2934 1657 2935 1699 2935 1655 2935 1655 2936 1699 2936 1697 2936 1690 2937 1699 2937 1692 2937 1697 2938 1699 2938 1690 2938 1698 2939 1700 2939 1686 2939 1659 2940 1701 2940 1657 2940 1661 2941 1701 2941 1659 2941 1657 2942 1701 2942 1699 2942 1692 2943 1701 2943 1694 2943 1699 2944 1701 2944 1692 2944 1700 2945 1702 2945 1686 2945 1701 2946 1703 2946 1694 2946 1663 2947 1703 2947 1661 2947 1665 2948 1703 2948 1663 2948 1694 2949 1703 2949 1696 2949 1696 2950 1703 2950 1698 2950 1661 2951 1703 2951 1701 2951 1702 2952 1704 2952 1686 2952 1667 2953 1705 2953 1665 2953 1669 2954 1705 2954 1667 2954 1665 2955 1705 2955 1703 2955 1703 2956 1705 2956 1698 2956 1698 2957 1706 2957 1700 2957 1671 2958 1706 2958 1669 2958 1673 2959 1706 2959 1671 2959 1705 2960 1706 2960 1698 2960 1669 2961 1706 2961 1705 2961 1702 2962 1707 2962 1704 2962 1700 2963 1707 2963 1702 2963 1706 2964 1707 2964 1700 2964 1675 2965 1707 2965 1673 2965 1676 2966 1707 2966 1675 2966 1673 2967 1707 2967 1706 2967 1707 2968 1708 2968 1704 2968 1676 2969 1708 2969 1707 2969 1679 2970 1708 2970 1676 2970 1681 2971 1708 2971 1679 2971 1682 2972 1708 2972 1681 2972 1686 2973 1708 2973 1682 2973 1704 2974 1708 2974 1686 2974 1709 2975 1710 2975 1711 2975 1711 2976 1710 2976 1712 2976 1712 2977 1713 2977 1714 2977 1710 2978 1713 2978 1712 2978 1714 2979 1715 2979 1716 2979 1716 2980 1715 2980 1717 2980 1713 2981 1715 2981 1714 2981 1715 2982 1718 2982 1717 2982 1717 2983 1719 2983 1720 2983 1718 2984 1719 2984 1717 2984 1720 2985 1721 2985 1722 2985 1719 2986 1721 2986 1720 2986 1722 2987 1723 2987 1724 2987 1724 2988 1723 2988 1725 2988 1721 2989 1723 2989 1722 2989 1723 2990 1726 2990 1725 2990 1725 2991 1727 2991 1728 2991 1726 2992 1727 2992 1725 2992 1728 2993 1729 2993 1730 2993 1727 2994 1729 2994 1728 2994 1729 2995 1731 2995 1730 2995 1730 2996 1731 2996 1732 2996 1731 2997 1733 2997 1732 2997 1732 2998 1733 2998 1734 2998 1733 2999 1735 2999 1734 2999 1734 3000 1735 3000 1736 3000 1735 3001 1737 3001 1736 3001 1736 3002 1737 3002 1738 3002 1737 3003 1739 3003 1738 3003 1738 3004 1739 3004 1740 3004 1739 3005 1741 3005 1740 3005 1740 3006 1741 3006 1742 3006 1741 3007 1743 3007 1742 3007 1742 3008 1743 3008 1744 3008 1743 3009 1745 3009 1744 3009 1744 3010 1745 3010 1746 3010 1745 3011 1747 3011 1746 3011 1746 3012 1747 3012 1748 3012 1747 3013 1749 3013 1748 3013 1748 3014 1749 3014 1750 3014 1749 3015 1751 3015 1750 3015 1750 3016 1751 3016 1752 3016 1752 3017 1751 3017 1753 3017 1751 3018 1754 3018 1753 3018 1754 3019 1755 3019 1753 3019 1753 3020 1755 3020 1756 3020 1755 3021 1757 3021 1756 3021 1756 3022 1757 3022 1758 3022 1758 3023 1757 3023 1759 3023 1757 3024 1760 3024 1759 3024 1761 3025 1762 3025 1763 3025 1762 3026 1764 3026 1763 3026 1764 3027 1765 3027 1763 3027 1712 3028 1766 3028 1711 3028 1714 3029 1766 3029 1712 3029 1716 3030 1766 3030 1714 3030 1711 3031 1766 3031 1763 3031 1763 3032 1766 3032 1761 3032 1765 3033 1767 3033 1763 3033 1717 3034 1768 3034 1716 3034 1720 3035 1768 3035 1717 3035 1716 3036 1768 3036 1766 3036 1766 3037 1768 3037 1761 3037 1761 3038 1768 3038 1762 3038 1767 3039 1769 3039 1763 3039 1722 3040 1770 3040 1720 3040 1724 3041 1770 3041 1722 3041 1768 3042 1770 3042 1762 3042 1720 3043 1770 3043 1768 3043 1762 3044 1770 3044 1764 3044 1769 3045 1771 3045 1763 3045 1725 3046 1772 3046 1724 3046 1728 3047 1772 3047 1725 3047 1764 3048 1772 3048 1765 3048 1724 3049 1772 3049 1770 3049 1770 3050 1772 3050 1764 3050 1771 3051 1773 3051 1763 3051 1730 3052 1774 3052 1728 3052 1732 3053 1774 3053 1730 3053 1728 3054 1774 3054 1772 3054 1765 3055 1774 3055 1767 3055 1772 3056 1774 3056 1765 3056 1773 3057 1775 3057 1763 3057 1734 3058 1776 3058 1732 3058 1732 3059 1776 3059 1774 3059 1767 3060 1776 3060 1769 3060 1774 3061 1776 3061 1767 3061 1775 3062 1777 3062 1763 3062 1736 3063 1778 3063 1734 3063 1738 3064 1778 3064 1736 3064 1734 3065 1778 3065 1776 3065 1769 3066 1778 3066 1771 3066 1776 3067 1778 3067 1769 3067 1777 3068 1779 3068 1763 3068 1778 3069 1780 3069 1771 3069 1740 3070 1780 3070 1738 3070 1742 3071 1780 3071 1740 3071 1771 3072 1780 3072 1773 3072 1738 3073 1780 3073 1778 3073 1779 3074 1781 3074 1763 3074 1775 3075 1782 3075 1777 3075 1780 3076 1782 3076 1773 3076 1744 3077 1782 3077 1742 3077 1746 3078 1782 3078 1744 3078 1742 3079 1782 3079 1780 3079 1773 3080 1782 3080 1775 3080 1782 3081 1783 3081 1777 3081 1748 3082 1783 3082 1746 3082 1750 3083 1783 3083 1748 3083 1746 3084 1783 3084 1782 3084 1777 3085 1784 3085 1779 3085 1783 3086 1784 3086 1777 3086 1752 3087 1784 3087 1750 3087 1753 3088 1784 3088 1752 3088 1750 3089 1784 3089 1783 3089 1779 3090 1785 3090 1781 3090 1753 3091 1785 3091 1784 3091 1756 3092 1785 3092 1753 3092 1758 3093 1785 3093 1756 3093 1759 3094 1785 3094 1758 3094 1763 3095 1785 3095 1759 3095 1781 3096 1785 3096 1763 3096 1784 3097 1785 3097 1779 3097 1786 3098 1787 3098 1788 3098 1788 3099 1787 3099 1789 3099 1789 3100 1790 3100 1791 3100 1787 3101 1790 3101 1789 3101 1791 3102 1792 3102 1793 3102 1790 3103 1792 3103 1791 3103 1793 3104 1794 3104 1795 3104 1795 3105 1794 3105 1796 3105 1792 3106 1794 3106 1793 3106 1794 3107 1797 3107 1796 3107 1796 3108 1798 3108 1799 3108 1799 3109 1798 3109 1800 3109 1797 3110 1798 3110 1796 3110 1798 3111 1801 3111 1800 3111 1800 3112 1802 3112 1803 3112 1803 3113 1802 3113 1804 3113 1801 3114 1802 3114 1800 3114 1802 3115 1805 3115 1804 3115 1804 3116 1806 3116 1807 3116 1805 3117 1806 3117 1804 3117 1806 3118 1808 3118 1807 3118 1807 3119 1808 3119 1809 3119 1808 3120 1810 3120 1809 3120 1809 3121 1810 3121 1811 3121 1810 3122 1812 3122 1811 3122 1811 3123 1812 3123 1813 3123 1812 3124 1814 3124 1813 3124 1813 3125 1814 3125 1815 3125 1814 3126 1816 3126 1815 3126 1815 3127 1816 3127 1817 3127 1816 3128 1818 3128 1817 3128 1817 3129 1818 3129 1819 3129 1818 3130 1820 3130 1819 3130 1819 3131 1820 3131 1821 3131 1820 3132 1822 3132 1821 3132 1821 3133 1822 3133 1823 3133 1822 3134 1824 3134 1823 3134 1823 3135 1824 3135 1825 3135 1825 3136 1824 3136 1826 3136 1824 3137 1827 3137 1826 3137 1827 3138 1828 3138 1826 3138 1826 3139 1828 3139 1829 3139 1829 3140 1828 3140 1830 3140 1828 3141 1831 3141 1830 3141 1831 3142 1832 3142 1830 3142 1830 3143 1832 3143 1833 3143 1832 3144 1834 3144 1833 3144 1833 3145 1834 3145 1835 3145 1834 3146 1836 3146 1835 3146 1835 3147 1836 3147 1837 3147 1838 3148 1839 3148 1840 3148 1839 3149 1841 3149 1840 3149 1841 3150 1842 3150 1840 3150 1789 3151 1843 3151 1788 3151 1791 3152 1843 3152 1789 3152 1793 3153 1843 3153 1791 3153 1788 3154 1843 3154 1840 3154 1840 3155 1843 3155 1838 3155 1842 3156 1844 3156 1840 3156 1795 3157 1845 3157 1793 3157 1796 3158 1845 3158 1795 3158 1793 3159 1845 3159 1843 3159 1843 3160 1845 3160 1838 3160 1838 3161 1845 3161 1839 3161 1844 3162 1846 3162 1840 3162 1799 3163 1847 3163 1796 3163 1800 3164 1847 3164 1799 3164 1845 3165 1847 3165 1839 3165 1796 3166 1847 3166 1845 3166 1839 3167 1847 3167 1841 3167 1846 3168 1848 3168 1840 3168 1803 3169 1849 3169 1800 3169 1804 3170 1849 3170 1803 3170 1841 3171 1849 3171 1842 3171 1800 3172 1849 3172 1847 3172 1847 3173 1849 3173 1841 3173 1848 3174 1850 3174 1840 3174 1807 3175 1851 3175 1804 3175 1809 3176 1851 3176 1807 3176 1804 3177 1851 3177 1849 3177 1842 3178 1851 3178 1844 3178 1849 3179 1851 3179 1842 3179 1850 3180 1852 3180 1840 3180 1811 3181 1853 3181 1809 3181 1809 3182 1853 3182 1851 3182 1844 3183 1853 3183 1846 3183 1851 3184 1853 3184 1844 3184 1852 3185 1854 3185 1840 3185 1813 3186 1855 3186 1811 3186 1815 3187 1855 3187 1813 3187 1811 3188 1855 3188 1853 3188 1846 3189 1855 3189 1848 3189 1848 3190 1855 3190 1850 3190 1853 3191 1855 3191 1846 3191 1854 3192 1856 3192 1840 3192 1855 3193 1857 3193 1850 3193 1817 3194 1857 3194 1815 3194 1819 3195 1857 3195 1817 3195 1815 3196 1857 3196 1855 3196 1856 3197 1858 3197 1840 3197 1821 3198 1859 3198 1819 3198 1823 3199 1859 3199 1821 3199 1857 3200 1859 3200 1850 3200 1819 3201 1859 3201 1857 3201 1850 3202 1859 3202 1852 3202 1852 3203 1860 3203 1854 3203 1854 3204 1860 3204 1856 3204 1825 3205 1860 3205 1823 3205 1826 3206 1860 3206 1825 3206 1859 3207 1860 3207 1852 3207 1823 3208 1860 3208 1859 3208 1829 3209 1861 3209 1826 3209 1830 3210 1861 3210 1829 3210 1860 3211 1861 3211 1856 3211 1826 3212 1861 3212 1860 3212 1856 3213 1862 3213 1858 3213 1833 3214 1862 3214 1830 3214 1835 3215 1862 3215 1833 3215 1837 3216 1862 3216 1835 3216 1840 3217 1862 3217 1837 3217 1830 3218 1862 3218 1861 3218 1858 3219 1862 3219 1840 3219 1861 3220 1862 3220 1856 3220 1863 3221 1864 3221 1865 3221 1865 3222 1864 3222 1866 3222 1866 3223 1867 3223 1868 3223 1864 3224 1867 3224 1866 3224 1868 3225 1869 3225 1870 3225 1867 3226 1869 3226 1868 3226 1870 3227 1871 3227 1872 3227 1872 3228 1871 3228 1873 3228 1869 3229 1871 3229 1870 3229 1871 3230 1874 3230 1873 3230 1873 3231 1875 3231 1876 3231 1876 3232 1875 3232 1877 3232 1874 3233 1875 3233 1873 3233 1875 3234 1878 3234 1877 3234 1877 3235 1879 3235 1880 3235 1880 3236 1879 3236 1881 3236 1878 3237 1879 3237 1877 3237 1879 3238 1882 3238 1881 3238 1881 3239 1883 3239 1884 3239 1882 3240 1883 3240 1881 3240 1883 3241 1885 3241 1884 3241 1884 3242 1885 3242 1886 3242 1885 3243 1887 3243 1886 3243 1886 3244 1887 3244 1888 3244 1887 3245 1889 3245 1888 3245 1888 3246 1889 3246 1890 3246 1889 3247 1891 3247 1890 3247 1890 3248 1891 3248 1892 3248 1891 3249 1893 3249 1892 3249 1892 3250 1893 3250 1894 3250 1893 3251 1895 3251 1894 3251 1894 3252 1895 3252 1896 3252 1895 3253 1897 3253 1896 3253 1896 3254 1897 3254 1898 3254 1897 3255 1899 3255 1898 3255 1898 3256 1899 3256 1900 3256 1899 3257 1901 3257 1900 3257 1900 3258 1901 3258 1902 3258 1902 3259 1901 3259 1903 3259 1901 3260 1904 3260 1903 3260 1904 3261 1905 3261 1903 3261 1903 3262 1905 3262 1906 3262 1906 3263 1905 3263 1907 3263 1905 3264 1908 3264 1907 3264 1908 3265 1909 3265 1907 3265 1907 3266 1909 3266 1910 3266 1909 3267 1911 3267 1910 3267 1910 3268 1911 3268 1912 3268 1911 3269 1913 3269 1912 3269 1912 3270 1913 3270 1914 3270 1915 3271 1916 3271 1917 3271 1916 3272 1918 3272 1917 3272 1918 3273 1919 3273 1917 3273 1866 3274 1920 3274 1865 3274 1868 3275 1920 3275 1866 3275 1870 3276 1920 3276 1868 3276 1865 3277 1920 3277 1917 3277 1917 3278 1920 3278 1915 3278 1919 3279 1921 3279 1917 3279 1872 3280 1922 3280 1870 3280 1873 3281 1922 3281 1872 3281 1870 3282 1922 3282 1920 3282 1920 3283 1922 3283 1915 3283 1915 3284 1922 3284 1916 3284 1921 3285 1923 3285 1917 3285 1876 3286 1924 3286 1873 3286 1877 3287 1924 3287 1876 3287 1922 3288 1924 3288 1916 3288 1873 3289 1924 3289 1922 3289 1916 3290 1924 3290 1918 3290 1923 3291 1925 3291 1917 3291 1880 3292 1926 3292 1877 3292 1881 3293 1926 3293 1880 3293 1918 3294 1926 3294 1919 3294 1877 3295 1926 3295 1924 3295 1924 3296 1926 3296 1918 3296 1925 3297 1927 3297 1917 3297 1884 3298 1928 3298 1881 3298 1886 3299 1928 3299 1884 3299 1881 3300 1928 3300 1926 3300 1919 3301 1928 3301 1921 3301 1926 3302 1928 3302 1919 3302 1927 3303 1929 3303 1917 3303 1888 3304 1930 3304 1886 3304 1886 3305 1930 3305 1928 3305 1921 3306 1930 3306 1923 3306 1928 3307 1930 3307 1921 3307 1929 3308 1931 3308 1917 3308 1890 3309 1932 3309 1888 3309 1892 3310 1932 3310 1890 3310 1888 3311 1932 3311 1930 3311 1923 3312 1932 3312 1925 3312 1925 3313 1932 3313 1927 3313 1930 3314 1932 3314 1923 3314 1931 3315 1933 3315 1917 3315 1932 3316 1934 3316 1927 3316 1894 3317 1934 3317 1892 3317 1896 3318 1934 3318 1894 3318 1892 3319 1934 3319 1932 3319 1933 3320 1935 3320 1917 3320 1898 3321 1936 3321 1896 3321 1900 3322 1936 3322 1898 3322 1934 3323 1936 3323 1927 3323 1896 3324 1936 3324 1934 3324 1927 3325 1936 3325 1929 3325 1929 3326 1937 3326 1931 3326 1902 3327 1937 3327 1900 3327 1903 3328 1937 3328 1902 3328 1936 3329 1937 3329 1929 3329 1900 3330 1937 3330 1936 3330 1931 3331 1938 3331 1933 3331 1937 3332 1938 3332 1931 3332 1906 3333 1938 3333 1903 3333 1907 3334 1938 3334 1906 3334 1903 3335 1938 3335 1937 3335 1933 3336 1939 3336 1935 3336 1907 3337 1939 3337 1938 3337 1910 3338 1939 3338 1907 3338 1912 3339 1939 3339 1910 3339 1914 3340 1939 3340 1912 3340 1917 3341 1939 3341 1914 3341 1935 3342 1939 3342 1917 3342 1938 3343 1939 3343 1933 3343 1940 3344 1941 3344 1942 3344 1942 3345 1941 3345 1943 3345 1943 3346 1944 3346 1945 3346 1941 3347 1944 3347 1943 3347 1945 3348 1946 3348 1947 3348 1944 3349 1946 3349 1945 3349 1947 3350 1948 3350 1949 3350 1949 3351 1948 3351 1950 3351 1946 3352 1948 3352 1947 3352 1948 3353 1951 3353 1950 3353 1950 3354 1952 3354 1953 3354 1953 3355 1952 3355 1954 3355 1951 3356 1952 3356 1950 3356 1952 3357 1955 3357 1954 3357 1954 3358 1956 3358 1957 3358 1957 3359 1956 3359 1958 3359 1955 3360 1956 3360 1954 3360 1956 3361 1959 3361 1958 3361 1958 3362 1960 3362 1961 3362 1959 3363 1960 3363 1958 3363 1960 3364 1962 3364 1961 3364 1961 3365 1962 3365 1963 3365 1962 3366 1964 3366 1963 3366 1963 3367 1964 3367 1965 3367 1964 3368 1966 3368 1965 3368 1965 3369 1966 3369 1967 3369 1966 3370 1968 3370 1967 3370 1967 3371 1968 3371 1969 3371 1968 3372 1970 3372 1969 3372 1969 3373 1970 3373 1971 3373 1970 3374 1972 3374 1971 3374 1971 3375 1972 3375 1973 3375 1972 3376 1974 3376 1973 3376 1973 3377 1974 3377 1975 3377 1974 3378 1976 3378 1975 3378 1975 3379 1976 3379 1977 3379 1976 3380 1978 3380 1977 3380 1977 3381 1978 3381 1979 3381 1979 3382 1978 3382 1980 3382 1978 3383 1981 3383 1980 3383 1981 3384 1982 3384 1980 3384 1980 3385 1982 3385 1983 3385 1983 3386 1982 3386 1984 3386 1982 3387 1985 3387 1984 3387 1985 3388 1986 3388 1984 3388 1984 3389 1986 3389 1987 3389 1986 3390 1988 3390 1987 3390 1987 3391 1988 3391 1989 3391 1988 3392 1990 3392 1989 3392 1989 3393 1990 3393 1991 3393 1992 3394 1993 3394 1994 3394 1993 3395 1995 3395 1994 3395 1995 3396 1996 3396 1994 3396 1943 3397 1997 3397 1942 3397 1945 3398 1997 3398 1943 3398 1947 3399 1997 3399 1945 3399 1942 3400 1997 3400 1994 3400 1994 3401 1997 3401 1992 3401 1996 3402 1998 3402 1994 3402 1949 3403 1999 3403 1947 3403 1950 3404 1999 3404 1949 3404 1947 3405 1999 3405 1997 3405 1997 3406 1999 3406 1992 3406 1992 3407 1999 3407 1993 3407 1998 3408 2000 3408 1994 3408 1953 3409 2001 3409 1950 3409 1954 3410 2001 3410 1953 3410 1999 3411 2001 3411 1993 3411 1950 3412 2001 3412 1999 3412 1993 3413 2001 3413 1995 3413 2000 3414 2002 3414 1994 3414 1957 3415 2003 3415 1954 3415 1958 3416 2003 3416 1957 3416 1995 3417 2003 3417 1996 3417 1954 3418 2003 3418 2001 3418 2001 3419 2003 3419 1995 3419 2002 3420 2004 3420 1994 3420 1961 3421 2005 3421 1958 3421 1963 3422 2005 3422 1961 3422 1958 3423 2005 3423 2003 3423 1996 3424 2005 3424 1998 3424 2003 3425 2005 3425 1996 3425 2004 3426 2006 3426 1994 3426 1965 3427 2007 3427 1963 3427 1963 3428 2007 3428 2005 3428 1998 3429 2007 3429 2000 3429 2005 3430 2007 3430 1998 3430 2006 3431 2008 3431 1994 3431 1967 3432 2009 3432 1965 3432 1969 3433 2009 3433 1967 3433 1965 3434 2009 3434 2007 3434 2000 3435 2009 3435 2002 3435 2002 3436 2009 3436 2004 3436 2007 3437 2009 3437 2000 3437 2008 3438 2010 3438 1994 3438 2009 3439 2011 3439 2004 3439 1971 3440 2011 3440 1969 3440 1973 3441 2011 3441 1971 3441 1969 3442 2011 3442 2009 3442 2010 3443 2012 3443 1994 3443 2006 3444 2013 3444 2008 3444 1975 3445 2013 3445 1973 3445 1977 3446 2013 3446 1975 3446 2011 3447 2013 3447 2004 3447 1973 3448 2013 3448 2011 3448 2004 3449 2013 3449 2006 3449 2013 3450 2014 3450 2008 3450 1979 3451 2014 3451 1977 3451 1980 3452 2014 3452 1979 3452 1977 3453 2014 3453 2013 3453 2008 3454 2015 3454 2010 3454 1983 3455 2015 3455 1980 3455 1984 3456 2015 3456 1983 3456 2014 3457 2015 3457 2008 3457 1980 3458 2015 3458 2014 3458 2010 3459 2016 3459 2012 3459 1984 3460 2016 3460 2015 3460 1987 3461 2016 3461 1984 3461 1989 3462 2016 3462 1987 3462 1991 3463 2016 3463 1989 3463 1994 3464 2016 3464 1991 3464 2012 3465 2016 3465 1994 3465 2015 3466 2016 3466 2010 3466 2017 3467 2018 3467 2019 3467 2019 3468 2018 3468 2020 3468 2020 3469 2021 3469 2022 3469 2018 3470 2021 3470 2020 3470 2022 3471 2023 3471 2024 3471 2021 3472 2023 3472 2022 3472 2024 3473 2025 3473 2026 3473 2026 3474 2025 3474 2027 3474 2023 3475 2025 3475 2024 3475 2025 3476 2028 3476 2027 3476 2027 3477 2029 3477 2030 3477 2030 3478 2029 3478 2031 3478 2028 3479 2029 3479 2027 3479 2029 3480 2032 3480 2031 3480 2031 3481 2033 3481 2034 3481 2034 3482 2033 3482 2035 3482 2032 3483 2033 3483 2031 3483 2033 3484 2036 3484 2035 3484 2035 3485 2037 3485 2038 3485 2036 3486 2037 3486 2035 3486 2037 3487 2039 3487 2038 3487 2038 3488 2039 3488 2040 3488 2039 3489 2041 3489 2040 3489 2040 3490 2041 3490 2042 3490 2041 3491 2043 3491 2042 3491 2042 3492 2043 3492 2044 3492 2043 3493 2045 3493 2044 3493 2044 3494 2045 3494 2046 3494 2045 3495 2047 3495 2046 3495 2046 3496 2047 3496 2048 3496 2047 3497 2049 3497 2048 3497 2048 3498 2049 3498 2050 3498 2049 3499 2051 3499 2050 3499 2050 3500 2051 3500 2052 3500 2051 3501 2053 3501 2052 3501 2052 3502 2053 3502 2054 3502 2053 3503 2055 3503 2054 3503 2054 3504 2055 3504 2056 3504 2056 3505 2055 3505 2057 3505 2055 3506 2058 3506 2057 3506 2058 3507 2059 3507 2057 3507 2057 3508 2059 3508 2060 3508 2060 3509 2059 3509 2061 3509 2059 3510 2062 3510 2061 3510 2062 3511 2063 3511 2061 3511 2061 3512 2063 3512 2064 3512 2063 3513 2065 3513 2064 3513 2064 3514 2065 3514 2066 3514 2065 3515 2067 3515 2066 3515 2066 3516 2067 3516 2068 3516 2069 3517 2070 3517 2071 3517 2070 3518 2072 3518 2071 3518 2072 3519 2073 3519 2071 3519 2020 3520 2074 3520 2019 3520 2022 3521 2074 3521 2020 3521 2024 3522 2074 3522 2022 3522 2019 3523 2074 3523 2071 3523 2071 3524 2074 3524 2069 3524 2073 3525 2075 3525 2071 3525 2026 3526 2076 3526 2024 3526 2027 3527 2076 3527 2026 3527 2024 3528 2076 3528 2074 3528 2074 3529 2076 3529 2069 3529 2069 3530 2076 3530 2070 3530 2075 3531 2077 3531 2071 3531 2030 3532 2078 3532 2027 3532 2031 3533 2078 3533 2030 3533 2076 3534 2078 3534 2070 3534 2027 3535 2078 3535 2076 3535 2070 3536 2078 3536 2072 3536 2077 3537 2079 3537 2071 3537 2034 3538 2080 3538 2031 3538 2035 3539 2080 3539 2034 3539 2072 3540 2080 3540 2073 3540 2031 3541 2080 3541 2078 3541 2073 3542 2080 3542 2075 3542 2078 3543 2080 3543 2072 3543 2079 3544 2081 3544 2071 3544 2038 3545 2082 3545 2035 3545 2040 3546 2082 3546 2038 3546 2035 3547 2082 3547 2080 3547 2080 3548 2082 3548 2075 3548 2081 3549 2083 3549 2071 3549 2042 3550 2084 3550 2040 3550 2044 3551 2084 3551 2042 3551 2040 3552 2084 3552 2082 3552 2075 3553 2084 3553 2077 3553 2077 3554 2084 3554 2079 3554 2082 3555 2084 3555 2075 3555 2083 3556 2085 3556 2071 3556 2046 3557 2086 3557 2044 3557 2044 3558 2086 3558 2084 3558 2084 3559 2086 3559 2079 3559 2085 3560 2087 3560 2071 3560 2086 3561 2088 3561 2079 3561 2048 3562 2088 3562 2046 3562 2050 3563 2088 3563 2048 3563 2079 3564 2088 3564 2081 3564 2046 3565 2088 3565 2086 3565 2087 3566 2089 3566 2071 3566 2083 3567 2090 3567 2085 3567 2088 3568 2090 3568 2081 3568 2052 3569 2090 3569 2050 3569 2054 3570 2090 3570 2052 3570 2050 3571 2090 3571 2088 3571 2081 3572 2090 3572 2083 3572 2090 3573 2091 3573 2085 3573 2056 3574 2091 3574 2054 3574 2057 3575 2091 3575 2056 3575 2054 3576 2091 3576 2090 3576 2087 3577 2092 3577 2089 3577 2085 3578 2092 3578 2087 3578 2091 3579 2092 3579 2085 3579 2060 3580 2092 3580 2057 3580 2061 3581 2092 3581 2060 3581 2057 3582 2092 3582 2091 3582 2092 3583 2093 3583 2089 3583 2061 3584 2093 3584 2092 3584 2064 3585 2093 3585 2061 3585 2066 3586 2093 3586 2064 3586 2068 3587 2093 3587 2066 3587 2071 3588 2093 3588 2068 3588 2089 3589 2093 3589 2071 3589 2094 3590 2095 3590 2096 3590 2096 3591 2097 3591 2098 3591 2095 3592 2097 3592 2096 3592 2097 3593 2099 3593 2098 3593 2098 3594 2100 3594 2101 3594 2099 3595 2100 3595 2098 3595 2101 3596 2102 3596 2103 3596 2100 3597 2102 3597 2101 3597 2103 3598 2104 3598 2105 3598 2105 3599 2104 3599 2106 3599 2102 3600 2104 3600 2103 3600 2104 3601 2107 3601 2106 3601 2106 3602 2108 3602 2109 3602 2109 3603 2108 3603 2110 3603 2107 3604 2108 3604 2106 3604 2108 3605 2111 3605 2110 3605 2110 3606 2112 3606 2113 3606 2111 3607 2112 3607 2110 3607 2113 3608 2114 3608 2115 3608 2112 3609 2114 3609 2113 3609 2114 3610 2116 3610 2115 3610 2115 3611 2116 3611 2117 3611 2116 3612 2118 3612 2117 3612 2117 3613 2118 3613 2119 3613 2118 3614 2120 3614 2119 3614 2119 3615 2120 3615 2121 3615 2121 3616 2120 3616 2122 3616 2120 3617 2123 3617 2122 3617 2123 3618 2124 3618 2122 3618 2122 3619 2124 3619 2125 3619 2125 3620 2124 3620 2126 3620 2124 3621 2127 3621 2126 3621 2127 3622 2128 3622 2126 3622 2126 3623 2128 3623 2129 3623 2129 3624 2128 3624 2130 3624 2128 3625 2131 3625 2130 3625 2131 3626 2132 3626 2130 3626 2130 3627 2132 3627 2133 3627 2132 3628 2134 3628 2133 3628 2133 3629 2134 3629 2135 3629 2134 3630 2136 3630 2135 3630 2135 3631 2136 3631 2137 3631 2136 3632 2138 3632 2137 3632 2137 3633 2138 3633 2139 3633 2138 3634 2140 3634 2139 3634 2139 3635 2140 3635 2141 3635 2141 3636 2140 3636 2142 3636 2140 3637 2143 3637 2142 3637 2142 3638 2143 3638 2144 3638 2143 3639 2145 3639 2144 3639 2146 3640 2147 3640 2148 3640 2148 3641 2147 3641 2149 3641 2149 3642 2150 3642 2151 3642 2151 3643 2150 3643 2152 3643 2147 3644 2150 3644 2149 3644 2150 3645 2153 3645 2152 3645 2152 3646 2154 3646 2155 3646 2153 3647 2154 3647 2152 3647 2155 3648 2156 3648 2157 3648 2154 3649 2156 3649 2155 3649 2157 3650 2158 3650 2159 3650 2156 3651 2158 3651 2157 3651 2159 3652 2160 3652 2161 3652 2161 3653 2160 3653 2162 3653 2158 3654 2160 3654 2159 3654 2160 3655 2163 3655 2162 3655 2162 3656 2164 3656 2165 3656 2163 3657 2164 3657 2162 3657 2165 3658 2166 3658 2167 3658 2164 3659 2166 3659 2165 3659 2166 3660 2168 3660 2167 3660 2167 3661 2168 3661 2169 3661 2169 3662 2168 3662 2170 3662 2168 3663 2171 3663 2170 3663 2171 3664 2172 3664 2170 3664 2170 3665 2172 3665 2173 3665 2172 3666 2174 3666 2173 3666 2173 3667 2174 3667 2175 3667 2175 3668 2174 3668 2176 3668 2174 3669 2177 3669 2176 3669 2177 3670 2178 3670 2176 3670 2176 3671 2178 3671 2179 3671 2178 3672 2180 3672 2179 3672 2179 3673 2180 3673 2181 3673 2180 3674 2182 3674 2181 3674 2181 3675 2182 3675 2183 3675 2182 3676 2184 3676 2183 3676 2183 3677 2184 3677 2185 3677 2184 3678 2186 3678 2185 3678 2185 3679 2186 3679 2187 3679 2186 3680 2188 3680 2187 3680 2187 3681 2188 3681 2189 3681 2188 3682 2190 3682 2189 3682 2189 3683 2190 3683 2191 3683 2190 3684 2192 3684 2191 3684 2191 3685 2192 3685 2193 3685 2192 3686 2194 3686 2193 3686 2193 3687 2194 3687 2195 3687 2194 3688 2196 3688 2195 3688 2195 3689 2196 3689 2197 3689 2198 3690 2199 3690 2200 3690 2199 3691 2201 3691 2200 3691 2201 3692 2202 3692 2200 3692 2149 3693 2203 3693 2148 3693 2151 3694 2203 3694 2149 3694 2152 3695 2203 3695 2151 3695 2148 3696 2203 3696 2200 3696 2200 3697 2203 3697 2198 3697 2202 3698 2204 3698 2200 3698 2155 3699 2205 3699 2152 3699 2157 3700 2205 3700 2155 3700 2152 3701 2205 3701 2203 3701 2203 3702 2205 3702 2198 3702 2198 3703 2205 3703 2199 3703 2204 3704 2206 3704 2200 3704 2159 3705 2207 3705 2157 3705 2161 3706 2207 3706 2159 3706 2205 3707 2207 3707 2199 3707 2157 3708 2207 3708 2205 3708 2199 3709 2207 3709 2201 3709 2206 3710 2208 3710 2200 3710 2162 3711 2209 3711 2161 3711 2165 3712 2209 3712 2162 3712 2201 3713 2209 3713 2202 3713 2161 3714 2209 3714 2207 3714 2207 3715 2209 3715 2201 3715 2208 3716 2210 3716 2200 3716 2167 3717 2211 3717 2165 3717 2169 3718 2211 3718 2167 3718 2165 3719 2211 3719 2209 3719 2202 3720 2211 3720 2204 3720 2209 3721 2211 3721 2202 3721 2210 3722 2212 3722 2200 3722 2170 3723 2213 3723 2169 3723 2169 3724 2213 3724 2211 3724 2204 3725 2213 3725 2206 3725 2206 3726 2213 3726 2208 3726 2211 3727 2213 3727 2204 3727 2212 3728 2214 3728 2200 3728 2173 3729 2215 3729 2170 3729 2175 3730 2215 3730 2173 3730 2170 3731 2215 3731 2213 3731 2213 3732 2215 3732 2208 3732 2214 3733 2216 3733 2200 3733 2215 3734 2217 3734 2208 3734 2176 3735 2217 3735 2175 3735 2179 3736 2217 3736 2176 3736 2208 3737 2217 3737 2210 3737 2210 3738 2217 3738 2212 3738 2175 3739 2217 3739 2215 3739 2216 3740 2218 3740 2200 3740 2181 3741 2219 3741 2179 3741 2183 3742 2219 3742 2181 3742 2217 3743 2219 3743 2212 3743 2179 3744 2219 3744 2217 3744 2212 3745 2220 3745 2214 3745 2185 3746 2220 3746 2183 3746 2187 3747 2220 3747 2185 3747 2219 3748 2220 3748 2212 3748 2183 3749 2220 3749 2219 3749 2214 3750 2221 3750 2216 3750 2220 3751 2221 3751 2214 3751 2189 3752 2221 3752 2187 3752 2191 3753 2221 3753 2189 3753 2187 3754 2221 3754 2220 3754 2216 3755 2222 3755 2218 3755 2191 3756 2222 3756 2221 3756 2193 3757 2222 3757 2191 3757 2195 3758 2222 3758 2193 3758 2197 3759 2222 3759 2195 3759 2200 3760 2222 3760 2197 3760 2221 3761 2222 3761 2216 3761 2218 3762 2222 3762 2200 3762 2223 3763 2224 3763 2225 3763 2225 3764 2224 3764 2226 3764 2226 3765 2227 3765 2228 3765 2224 3766 2227 3766 2226 3766 2228 3767 2229 3767 2230 3767 2227 3768 2229 3768 2228 3768 2230 3769 2231 3769 2232 3769 2229 3770 2231 3770 2230 3770 2232 3771 2233 3771 2234 3771 2231 3772 2233 3772 2232 3772 2234 3773 2235 3773 2236 3773 2236 3774 2235 3774 2237 3774 2233 3775 2235 3775 2234 3775 2235 3776 2238 3776 2237 3776 2237 3777 2239 3777 2240 3777 2240 3778 2239 3778 2241 3778 2238 3779 2239 3779 2237 3779 2239 3780 2242 3780 2241 3780 2241 3781 2243 3781 2244 3781 2242 3782 2243 3782 2241 3782 2243 3783 2245 3783 2244 3783 2244 3784 2245 3784 2246 3784 2245 3785 2247 3785 2246 3785 2246 3786 2247 3786 2248 3786 2247 3787 2249 3787 2248 3787 2248 3788 2249 3788 2250 3788 2249 3789 2251 3789 2250 3789 2250 3790 2251 3790 2252 3790 2252 3791 2251 3791 2253 3791 2251 3792 2254 3792 2253 3792 2254 3793 2255 3793 2253 3793 2253 3794 2255 3794 2256 3794 2256 3795 2255 3795 2257 3795 2255 3796 2258 3796 2257 3796 2258 3797 2259 3797 2257 3797 2257 3798 2259 3798 2260 3798 2259 3799 2261 3799 2260 3799 2260 3800 2261 3800 2262 3800 2261 3801 2263 3801 2262 3801 2262 3802 2263 3802 2264 3802 2264 3803 2263 3803 2265 3803 2263 3804 2266 3804 2265 3804 2266 3805 2267 3805 2265 3805 2265 3806 2267 3806 2268 3806 2268 3807 2267 3807 2269 3807 2267 3808 2270 3808 2269 3808 2269 3809 2271 3809 2272 3809 2270 3810 2271 3810 2269 3810 2272 3811 2271 3811 2273 3811 2271 3812 2274 3812 2273 3812 2275 3813 2276 3813 2277 3813 2276 3814 2278 3814 2277 3814 2278 3815 2279 3815 2277 3815 2226 3816 2280 3816 2225 3816 2228 3817 2280 3817 2226 3817 2230 3818 2280 3818 2228 3818 2225 3819 2280 3819 2277 3819 2277 3820 2280 3820 2275 3820 2279 3821 2281 3821 2277 3821 2232 3822 2282 3822 2230 3822 2234 3823 2282 3823 2232 3823 2230 3824 2282 3824 2280 3824 2280 3825 2282 3825 2275 3825 2275 3826 2282 3826 2276 3826 2281 3827 2283 3827 2277 3827 2236 3828 2284 3828 2234 3828 2237 3829 2284 3829 2236 3829 2282 3830 2284 3830 2276 3830 2234 3831 2284 3831 2282 3831 2276 3832 2284 3832 2278 3832 2283 3833 2285 3833 2277 3833 2240 3834 2286 3834 2237 3834 2241 3835 2286 3835 2240 3835 2278 3836 2286 3836 2279 3836 2237 3837 2286 3837 2284 3837 2284 3838 2286 3838 2278 3838 2285 3839 2287 3839 2277 3839 2244 3840 2288 3840 2241 3840 2246 3841 2288 3841 2244 3841 2241 3842 2288 3842 2286 3842 2279 3843 2288 3843 2281 3843 2286 3844 2288 3844 2279 3844 2287 3845 2289 3845 2277 3845 2248 3846 2290 3846 2246 3846 2246 3847 2290 3847 2288 3847 2281 3848 2290 3848 2283 3848 2288 3849 2290 3849 2281 3849 2289 3850 2291 3850 2277 3850 2250 3851 2292 3851 2248 3851 2252 3852 2292 3852 2250 3852 2248 3853 2292 3853 2290 3853 2283 3854 2292 3854 2285 3854 2290 3855 2292 3855 2283 3855 2291 3856 2293 3856 2277 3856 2292 3857 2294 3857 2285 3857 2253 3858 2294 3858 2252 3858 2256 3859 2294 3859 2253 3859 2285 3860 2294 3860 2287 3860 2252 3861 2294 3861 2292 3861 2293 3862 2295 3862 2277 3862 2289 3863 2296 3863 2291 3863 2294 3864 2296 3864 2287 3864 2257 3865 2296 3865 2256 3865 2260 3866 2296 3866 2257 3866 2256 3867 2296 3867 2294 3867 2287 3868 2296 3868 2289 3868 2296 3869 2297 3869 2291 3869 2262 3870 2297 3870 2260 3870 2264 3871 2297 3871 2262 3871 2260 3872 2297 3872 2296 3872 2291 3873 2298 3873 2293 3873 2297 3874 2298 3874 2291 3874 2265 3875 2298 3875 2264 3875 2268 3876 2298 3876 2265 3876 2264 3877 2298 3877 2297 3877 2293 3878 2299 3878 2295 3878 2268 3879 2299 3879 2298 3879 2269 3880 2299 3880 2268 3880 2272 3881 2299 3881 2269 3881 2273 3882 2299 3882 2272 3882 2277 3883 2299 3883 2273 3883 2295 3884 2299 3884 2277 3884 2298 3885 2299 3885 2293 3885 2300 3886 2301 3886 2302 3886 2302 3887 2301 3887 2303 3887 2303 3888 2304 3888 2305 3888 2301 3889 2304 3889 2303 3889 2305 3890 2306 3890 2307 3890 2304 3891 2306 3891 2305 3891 2307 3892 2308 3892 2309 3892 2306 3893 2308 3893 2307 3893 2309 3894 2310 3894 2311 3894 2308 3895 2310 3895 2309 3895 2311 3896 2312 3896 2313 3896 2310 3897 2312 3897 2311 3897 2313 3898 2314 3898 2315 3898 2312 3899 2314 3899 2313 3899 2315 3900 2316 3900 2317 3900 2314 3901 2316 3901 2315 3901 2317 3902 2318 3902 2319 3902 2316 3903 2318 3903 2317 3903 2319 3904 2320 3904 2321 3904 2321 3905 2320 3905 2322 3905 2318 3906 2320 3906 2319 3906 2320 3907 2323 3907 2322 3907 2323 3908 2324 3908 2322 3908 2322 3909 2324 3909 2325 3909 2325 3910 2324 3910 2326 3910 2324 3911 2327 3911 2326 3911 2327 3912 2328 3912 2326 3912 2326 3913 2328 3913 2329 3913 2328 3914 2330 3914 2329 3914 2329 3915 2330 3915 2331 3915 2330 3916 2332 3916 2331 3916 2331 3917 2332 3917 2333 3917 2332 3918 2334 3918 2333 3918 2333 3919 2334 3919 2335 3919 2334 3920 2336 3920 2335 3920 2335 3921 2336 3921 2337 3921 2336 3922 2338 3922 2337 3922 2337 3923 2338 3923 2339 3923 2338 3924 2340 3924 2339 3924 2339 3925 2340 3925 2341 3925 2340 3926 2342 3926 2341 3926 2341 3927 2342 3927 2343 3927 2342 3928 2344 3928 2343 3928 2343 3929 2344 3929 2345 3929 2344 3930 2346 3930 2345 3930 2345 3931 2346 3931 2347 3931 2346 3932 2348 3932 2347 3932 2347 3933 2348 3933 2349 3933 2349 3934 2348 3934 2350 3934 2348 3935 2351 3935 2350 3935 2352 3936 2353 3936 2354 3936 2353 3937 2355 3937 2354 3937 2355 3938 2356 3938 2354 3938 2303 3939 2357 3939 2302 3939 2305 3940 2357 3940 2303 3940 2307 3941 2357 3941 2305 3941 2302 3942 2357 3942 2354 3942 2354 3943 2357 3943 2352 3943 2356 3944 2358 3944 2354 3944 2309 3945 2359 3945 2307 3945 2311 3946 2359 3946 2309 3946 2307 3947 2359 3947 2357 3947 2357 3948 2359 3948 2352 3948 2352 3949 2359 3949 2353 3949 2358 3950 2360 3950 2354 3950 2313 3951 2361 3951 2311 3951 2315 3952 2361 3952 2313 3952 2359 3953 2361 3953 2353 3953 2311 3954 2361 3954 2359 3954 2353 3955 2361 3955 2355 3955 2360 3956 2362 3956 2354 3956 2317 3957 2363 3957 2315 3957 2319 3958 2363 3958 2317 3958 2355 3959 2363 3959 2356 3959 2315 3960 2363 3960 2361 3960 2361 3961 2363 3961 2355 3961 2362 3962 2364 3962 2354 3962 2321 3963 2365 3963 2319 3963 2322 3964 2365 3964 2321 3964 2319 3965 2365 3965 2363 3965 2356 3966 2365 3966 2358 3966 2363 3967 2365 3967 2356 3967 2364 3968 2366 3968 2354 3968 2325 3969 2367 3969 2322 3969 2322 3970 2367 3970 2365 3970 2358 3971 2367 3971 2360 3971 2360 3972 2367 3972 2362 3972 2365 3973 2367 3973 2358 3973 2366 3974 2368 3974 2354 3974 2326 3975 2369 3975 2325 3975 2329 3976 2369 3976 2326 3976 2325 3977 2369 3977 2367 3977 2367 3978 2369 3978 2362 3978 2368 3979 2370 3979 2354 3979 2369 3980 2371 3980 2362 3980 2331 3981 2371 3981 2329 3981 2333 3982 2371 3982 2331 3982 2362 3983 2371 3983 2364 3983 2364 3984 2371 3984 2366 3984 2329 3985 2371 3985 2369 3985 2370 3986 2372 3986 2354 3986 2335 3987 2373 3987 2333 3987 2337 3988 2373 3988 2335 3988 2371 3989 2373 3989 2366 3989 2333 3990 2373 3990 2371 3990 2366 3991 2374 3991 2368 3991 2339 3992 2374 3992 2337 3992 2341 3993 2374 3993 2339 3993 2373 3994 2374 3994 2366 3994 2337 3995 2374 3995 2373 3995 2368 3996 2375 3996 2370 3996 2374 3997 2375 3997 2368 3997 2343 3998 2375 3998 2341 3998 2345 3999 2375 3999 2343 3999 2341 4000 2375 4000 2374 4000 2370 4001 2376 4001 2372 4001 2345 4002 2376 4002 2375 4002 2347 4003 2376 4003 2345 4003 2349 4004 2376 4004 2347 4004 2350 4005 2376 4005 2349 4005 2354 4006 2376 4006 2350 4006 2375 4007 2376 4007 2370 4007 2372 4008 2376 4008 2354 4008 2377 4009 2378 4009 2379 4009 2379 4010 2378 4010 2380 4010 2380 4011 2381 4011 2382 4011 2378 4012 2381 4012 2380 4012 2382 4013 2383 4013 2384 4013 2381 4014 2383 4014 2382 4014 2384 4015 2385 4015 2386 4015 2383 4016 2385 4016 2384 4016 2386 4017 2387 4017 2388 4017 2385 4018 2387 4018 2386 4018 2388 4019 2389 4019 2390 4019 2390 4020 2389 4020 2391 4020 2387 4021 2389 4021 2388 4021 2389 4022 2392 4022 2391 4022 2391 4023 2393 4023 2394 4023 2394 4024 2393 4024 2395 4024 2392 4025 2393 4025 2391 4025 2393 4026 2396 4026 2395 4026 2395 4027 2397 4027 2398 4027 2396 4028 2397 4028 2395 4028 2397 4029 2399 4029 2398 4029 2398 4030 2399 4030 2400 4030 2399 4031 2401 4031 2400 4031 2400 4032 2401 4032 2402 4032 2401 4033 2403 4033 2402 4033 2402 4034 2403 4034 2404 4034 2403 4035 2405 4035 2404 4035 2404 4036 2405 4036 2406 4036 2406 4037 2405 4037 2407 4037 2405 4038 2408 4038 2407 4038 2408 4039 2409 4039 2407 4039 2407 4040 2409 4040 2410 4040 2410 4041 2409 4041 2411 4041 2409 4042 2412 4042 2411 4042 2412 4043 2413 4043 2411 4043 2411 4044 2413 4044 2414 4044 2413 4045 2415 4045 2414 4045 2414 4046 2415 4046 2416 4046 2415 4047 2417 4047 2416 4047 2416 4048 2417 4048 2418 4048 2418 4049 2417 4049 2419 4049 2417 4050 2420 4050 2419 4050 2420 4051 2421 4051 2419 4051 2419 4052 2421 4052 2422 4052 2422 4053 2421 4053 2423 4053 2421 4054 2424 4054 2423 4054 2423 4055 2425 4055 2426 4055 2424 4056 2425 4056 2423 4056 2426 4057 2425 4057 2427 4057 2425 4058 2428 4058 2427 4058 2429 4059 2430 4059 2431 4059 2430 4060 2432 4060 2431 4060 2432 4061 2433 4061 2431 4061 2380 4062 2434 4062 2379 4062 2382 4063 2434 4063 2380 4063 2384 4064 2434 4064 2382 4064 2379 4065 2434 4065 2431 4065 2431 4066 2434 4066 2429 4066 2433 4067 2435 4067 2431 4067 2386 4068 2436 4068 2384 4068 2388 4069 2436 4069 2386 4069 2384 4070 2436 4070 2434 4070 2434 4071 2436 4071 2429 4071 2429 4072 2436 4072 2430 4072 2435 4073 2437 4073 2431 4073 2390 4074 2438 4074 2388 4074 2391 4075 2438 4075 2390 4075 2436 4076 2438 4076 2430 4076 2388 4077 2438 4077 2436 4077 2430 4078 2438 4078 2432 4078 2437 4079 2439 4079 2431 4079 2394 4080 2440 4080 2391 4080 2395 4081 2440 4081 2394 4081 2432 4082 2440 4082 2433 4082 2391 4083 2440 4083 2438 4083 2438 4084 2440 4084 2432 4084 2439 4085 2441 4085 2431 4085 2398 4086 2442 4086 2395 4086 2400 4087 2442 4087 2398 4087 2395 4088 2442 4088 2440 4088 2433 4089 2442 4089 2435 4089 2435 4090 2442 4090 2437 4090 2440 4091 2442 4091 2433 4091 2441 4092 2443 4092 2431 4092 2402 4093 2444 4093 2400 4093 2400 4094 2444 4094 2442 4094 2442 4095 2444 4095 2437 4095 2443 4096 2445 4096 2431 4096 2404 4097 2446 4097 2402 4097 2406 4098 2446 4098 2404 4098 2402 4099 2446 4099 2444 4099 2437 4100 2446 4100 2439 4100 2444 4101 2446 4101 2437 4101 2445 4102 2447 4102 2431 4102 2446 4103 2448 4103 2439 4103 2407 4104 2448 4104 2406 4104 2410 4105 2448 4105 2407 4105 2439 4106 2448 4106 2441 4106 2441 4107 2448 4107 2443 4107 2406 4108 2448 4108 2446 4108 2447 4109 2449 4109 2431 4109 2411 4110 2450 4110 2410 4110 2414 4111 2450 4111 2411 4111 2410 4112 2450 4112 2448 4112 2448 4113 2450 4113 2443 4113 2443 4114 2451 4114 2445 4114 2416 4115 2451 4115 2414 4115 2418 4116 2451 4116 2416 4116 2450 4117 2451 4117 2443 4117 2414 4118 2451 4118 2450 4118 2445 4119 2452 4119 2447 4119 2451 4120 2452 4120 2445 4120 2419 4121 2452 4121 2418 4121 2422 4122 2452 4122 2419 4122 2418 4123 2452 4123 2451 4123 2447 4124 2453 4124 2449 4124 2422 4125 2453 4125 2452 4125 2423 4126 2453 4126 2422 4126 2426 4127 2453 4127 2423 4127 2427 4128 2453 4128 2426 4128 2431 4129 2453 4129 2427 4129 2449 4130 2453 4130 2431 4130 2452 4131 2453 4131 2447 4131 2454 4132 2455 4132 2456 4132 2456 4133 2457 4133 2458 4133 2455 4134 2457 4134 2456 4134 2458 4135 2459 4135 2460 4135 2457 4136 2459 4136 2458 4136 2460 4137 2461 4137 2462 4137 2459 4138 2461 4138 2460 4138 2462 4139 2463 4139 2464 4139 2461 4140 2463 4140 2462 4140 2464 4141 2465 4141 2466 4141 2463 4142 2465 4142 2464 4142 2466 4143 2467 4143 2468 4143 2465 4144 2467 4144 2466 4144 2468 4145 2469 4145 2470 4145 2467 4146 2469 4146 2468 4146 2470 4147 2471 4147 2472 4147 2469 4148 2471 4148 2470 4148 2471 4149 2473 4149 2472 4149 2472 4150 2474 4150 2475 4150 2475 4151 2474 4151 2476 4151 2473 4152 2474 4152 2472 4152 2474 4153 2477 4153 2476 4153 2477 4154 2478 4154 2476 4154 2476 4155 2478 4155 2479 4155 2479 4156 2478 4156 2480 4156 2478 4157 2481 4157 2480 4157 2480 4158 2481 4158 2482 4158 2481 4159 2483 4159 2482 4159 2482 4160 2483 4160 2484 4160 2483 4161 2485 4161 2484 4161 2485 4162 2486 4162 2484 4162 2484 4163 2486 4163 2487 4163 2487 4164 2486 4164 2488 4164 2486 4165 2489 4165 2488 4165 2488 4166 2489 4166 2490 4166 2489 4167 2491 4167 2490 4167 2491 4168 2492 4168 2490 4168 2490 4169 2492 4169 2493 4169 2492 4170 2494 4170 2493 4170 2493 4171 2494 4171 2495 4171 2495 4172 2494 4172 2496 4172 2494 4173 2497 4173 2496 4173 2496 4174 2497 4174 2498 4174 2497 4175 2499 4175 2498 4175 2499 4176 2500 4176 2498 4176 2498 4177 2500 4177 2501 4177 2500 4178 2502 4178 2501 4178 2501 4179 2502 4179 2503 4179 2503 4180 2502 4180 2504 4180 2502 4181 2505 4181 2504 4181 2506 4182 2507 4182 2508 4182 2508 4183 2509 4183 2510 4183 2507 4184 2509 4184 2508 4184 2510 4185 2511 4185 2512 4185 2509 4186 2511 4186 2510 4186 2512 4187 2513 4187 2514 4187 2511 4188 2513 4188 2512 4188 2514 4189 2515 4189 2516 4189 2513 4190 2515 4190 2514 4190 2516 4191 2517 4191 2518 4191 2515 4192 2517 4192 2516 4192 2518 4193 2519 4193 2520 4193 2517 4194 2519 4194 2518 4194 2520 4195 2521 4195 2522 4195 2519 4196 2521 4196 2520 4196 2522 4197 2523 4197 2524 4197 2521 4198 2523 4198 2522 4198 2523 4199 2525 4199 2524 4199 2524 4200 2526 4200 2527 4200 2527 4201 2526 4201 2528 4201 2525 4202 2526 4202 2524 4202 2526 4203 2529 4203 2528 4203 2529 4204 2530 4204 2528 4204 2528 4205 2530 4205 2531 4205 2531 4206 2530 4206 2532 4206 2530 4207 2533 4207 2532 4207 2532 4208 2533 4208 2534 4208 2533 4209 2535 4209 2534 4209 2534 4210 2535 4210 2536 4210 2535 4211 2537 4211 2536 4211 2537 4212 2538 4212 2536 4212 2536 4213 2538 4213 2539 4213 2539 4214 2538 4214 2540 4214 2538 4215 2541 4215 2540 4215 2540 4216 2541 4216 2542 4216 2541 4217 2543 4217 2542 4217 2543 4218 2544 4218 2542 4218 2542 4219 2544 4219 2545 4219 2544 4220 2546 4220 2545 4220 2545 4221 2546 4221 2547 4221 2547 4222 2546 4222 2548 4222 2546 4223 2549 4223 2548 4223 2548 4224 2549 4224 2550 4224 2549 4225 2551 4225 2550 4225 2551 4226 2552 4226 2550 4226 2550 4227 2552 4227 2553 4227 2552 4228 2554 4228 2553 4228 2553 4229 2554 4229 2555 4229 2555 4230 2554 4230 2556 4230 2554 4231 2557 4231 2556 4231 2558 4232 2559 4232 2560 4232 2560 4233 2561 4233 2562 4233 2559 4234 2561 4234 2560 4234 2562 4235 2563 4235 2564 4235 2561 4236 2563 4236 2562 4236 2564 4237 2565 4237 2566 4237 2563 4238 2565 4238 2564 4238 2566 4239 2567 4239 2568 4239 2565 4240 2567 4240 2566 4240 2568 4241 2569 4241 2570 4241 2567 4242 2569 4242 2568 4242 2570 4243 2571 4243 2572 4243 2569 4244 2571 4244 2570 4244 2572 4245 2573 4245 2574 4245 2571 4246 2573 4246 2572 4246 2574 4247 2575 4247 2576 4247 2573 4248 2575 4248 2574 4248 2575 4249 2577 4249 2576 4249 2576 4250 2578 4250 2579 4250 2579 4251 2578 4251 2580 4251 2577 4252 2578 4252 2576 4252 2578 4253 2581 4253 2580 4253 2581 4254 2582 4254 2580 4254 2580 4255 2582 4255 2583 4255 2583 4256 2582 4256 2584 4256 2582 4257 2585 4257 2584 4257 2584 4258 2585 4258 2586 4258 2585 4259 2587 4259 2586 4259 2586 4260 2587 4260 2588 4260 2587 4261 2589 4261 2588 4261 2589 4262 2590 4262 2588 4262 2588 4263 2590 4263 2591 4263 2591 4264 2590 4264 2592 4264 2590 4265 2593 4265 2592 4265 2592 4266 2593 4266 2594 4266 2593 4267 2595 4267 2594 4267 2595 4268 2596 4268 2594 4268 2594 4269 2596 4269 2597 4269 2596 4270 2598 4270 2597 4270 2597 4271 2598 4271 2599 4271 2599 4272 2598 4272 2600 4272 2598 4273 2601 4273 2600 4273 2600 4274 2601 4274 2602 4274 2601 4275 2603 4275 2602 4275 2603 4276 2604 4276 2602 4276 2602 4277 2604 4277 2605 4277 2604 4278 2606 4278 2605 4278 2605 4279 2606 4279 2607 4279 2607 4280 2606 4280 2608 4280 2606 4281 2609 4281 2608 4281 2610 4282 2611 4282 2612 4282 2612 4283 2613 4283 2614 4283 2611 4284 2613 4284 2612 4284 2614 4285 2615 4285 2616 4285 2613 4286 2615 4286 2614 4286 2616 4287 2617 4287 2618 4287 2615 4288 2617 4288 2616 4288 2618 4289 2619 4289 2620 4289 2617 4290 2619 4290 2618 4290 2620 4291 2621 4291 2622 4291 2619 4292 2621 4292 2620 4292 2622 4293 2623 4293 2624 4293 2621 4294 2623 4294 2622 4294 2624 4295 2625 4295 2626 4295 2623 4296 2625 4296 2624 4296 2626 4297 2627 4297 2628 4297 2625 4298 2627 4298 2626 4298 2627 4299 2629 4299 2628 4299 2628 4300 2630 4300 2631 4300 2631 4301 2630 4301 2632 4301 2629 4302 2630 4302 2628 4302 2630 4303 2633 4303 2632 4303 2633 4304 2634 4304 2632 4304 2632 4305 2634 4305 2635 4305 2635 4306 2634 4306 2636 4306 2634 4307 2637 4307 2636 4307 2636 4308 2637 4308 2638 4308 2637 4309 2639 4309 2638 4309 2638 4310 2639 4310 2640 4310 2639 4311 2641 4311 2640 4311 2641 4312 2642 4312 2640 4312 2640 4313 2642 4313 2643 4313 2643 4314 2642 4314 2644 4314 2642 4315 2645 4315 2644 4315 2644 4316 2645 4316 2646 4316 2645 4317 2647 4317 2646 4317 2647 4318 2648 4318 2646 4318 2646 4319 2648 4319 2649 4319 2648 4320 2650 4320 2649 4320 2649 4321 2650 4321 2651 4321 2651 4322 2650 4322 2652 4322 2650 4323 2653 4323 2652 4323 2652 4324 2653 4324 2654 4324 2653 4325 2655 4325 2654 4325 2655 4326 2656 4326 2654 4326 2654 4327 2656 4327 2657 4327 2656 4328 2658 4328 2657 4328 2657 4329 2658 4329 2659 4329 2659 4330 2658 4330 2660 4330 2658 4331 2661 4331 2660 4331 2662 4332 2663 4332 2664 4332 2663 4333 2665 4333 2664 4333 2666 4334 2667 4334 2668 4334 2669 4335 2667 4335 2666 4335 2670 4336 2671 4336 2672 4336 2672 4337 2671 4337 2673 4337 2674 4338 2675 4338 2676 4338 2675 4339 2677 4339 2676 4339 2678 4340 2679 4340 2680 4340 2680 4341 2679 4341 2681 4341 2682 4342 2683 4342 2684 4342 2683 4343 2685 4343 2684 4343 2661 4344 2686 4344 2660 4344 2660 4345 2686 4345 2687 4345 2687 4346 2688 4346 2689 4346 2686 4347 2688 4347 2687 4347 2689 4348 2690 4348 2691 4348 2688 4349 2690 4349 2689 4349 2691 4350 2692 4350 2693 4350 2690 4351 2692 4351 2691 4351 2693 4352 2694 4352 2695 4352 2692 4353 2694 4353 2693 4353 2695 4354 2696 4354 2697 4354 2694 4355 2696 4355 2695 4355 2697 4356 2698 4356 2699 4356 2696 4357 2698 4357 2697 4357 2699 4358 2700 4358 2701 4358 2698 4359 2700 4359 2699 4359 2701 4360 2702 4360 2703 4360 2700 4361 2702 4361 2701 4361 2703 4362 2704 4362 2705 4362 2702 4363 2704 4363 2703 4363 2704 4364 2706 4364 2705 4364 2705 4365 2706 4365 2707 4365 2706 4366 2708 4366 2707 4366 2707 4367 2708 4367 2709 4367 2708 4368 2710 4368 2709 4368 2709 4369 2710 4369 2711 4369 2710 4370 2712 4370 2711 4370 2711 4371 2712 4371 2713 4371 2712 4372 2714 4372 2713 4372 2713 4373 2714 4373 2715 4373 2714 4374 2716 4374 2715 4374 2715 4375 2716 4375 2717 4375 2716 4376 2718 4376 2717 4376 2717 4377 2718 4377 2719 4377 2718 4378 2720 4378 2719 4378 2719 4379 2720 4379 2721 4379 2720 4380 2722 4380 2721 4380 2721 4381 2722 4381 2723 4381 2722 4382 2724 4382 2723 4382 2723 4383 2724 4383 2725 4383 2724 4384 2726 4384 2725 4384 2725 4385 2726 4385 2727 4385 2726 4386 2728 4386 2727 4386 2727 4387 2728 4387 2729 4387 2728 4388 2730 4388 2729 4388 2729 4389 2730 4389 2731 4389 2731 4390 2730 4390 2732 4390 2730 4391 2733 4391 2732 4391 2732 4392 2733 4392 2610 4392 2733 4393 2611 4393 2610 4393 2609 4394 2734 4394 2608 4394 2608 4395 2734 4395 2735 4395 2735 4396 2736 4396 2737 4396 2734 4397 2736 4397 2735 4397 2737 4398 2738 4398 2739 4398 2736 4399 2738 4399 2737 4399 2739 4400 2740 4400 2741 4400 2738 4401 2740 4401 2739 4401 2741 4402 2742 4402 2743 4402 2740 4403 2742 4403 2741 4403 2743 4404 2744 4404 2745 4404 2742 4405 2744 4405 2743 4405 2745 4406 2746 4406 2747 4406 2744 4407 2746 4407 2745 4407 2747 4408 2748 4408 2749 4408 2746 4409 2748 4409 2747 4409 2749 4410 2750 4410 2751 4410 2748 4411 2750 4411 2749 4411 2751 4412 2752 4412 2753 4412 2750 4413 2752 4413 2751 4413 2752 4414 2754 4414 2753 4414 2753 4415 2754 4415 2755 4415 2754 4416 2756 4416 2755 4416 2755 4417 2756 4417 2757 4417 2756 4418 2758 4418 2757 4418 2757 4419 2758 4419 2759 4419 2758 4420 2760 4420 2759 4420 2759 4421 2760 4421 2761 4421 2760 4422 2762 4422 2761 4422 2761 4423 2762 4423 2763 4423 2762 4424 2764 4424 2763 4424 2763 4425 2764 4425 2765 4425 2764 4426 2766 4426 2765 4426 2765 4427 2766 4427 2767 4427 2766 4428 2768 4428 2767 4428 2767 4429 2768 4429 2769 4429 2768 4430 2770 4430 2769 4430 2769 4431 2770 4431 2771 4431 2770 4432 2772 4432 2771 4432 2771 4433 2772 4433 2773 4433 2772 4434 2774 4434 2773 4434 2773 4435 2774 4435 2775 4435 2774 4436 2776 4436 2775 4436 2775 4437 2776 4437 2777 4437 2776 4438 2778 4438 2777 4438 2777 4439 2778 4439 2779 4439 2779 4440 2778 4440 2780 4440 2778 4441 2781 4441 2780 4441 2780 4442 2781 4442 2558 4442 2781 4443 2559 4443 2558 4443 2557 4444 2782 4444 2556 4444 2556 4445 2782 4445 2783 4445 2783 4446 2784 4446 2785 4446 2782 4447 2784 4447 2783 4447 2785 4448 2786 4448 2787 4448 2784 4449 2786 4449 2785 4449 2787 4450 2788 4450 2789 4450 2786 4451 2788 4451 2787 4451 2789 4452 2790 4452 2791 4452 2788 4453 2790 4453 2789 4453 2791 4454 2792 4454 2793 4454 2790 4455 2792 4455 2791 4455 2793 4456 2794 4456 2795 4456 2792 4457 2794 4457 2793 4457 2795 4458 2796 4458 2797 4458 2794 4459 2796 4459 2795 4459 2797 4460 2798 4460 2799 4460 2796 4461 2798 4461 2797 4461 2799 4462 2800 4462 2801 4462 2798 4463 2800 4463 2799 4463 2800 4464 2802 4464 2801 4464 2801 4465 2802 4465 2803 4465 2802 4466 2804 4466 2803 4466 2803 4467 2804 4467 2805 4467 2804 4468 2806 4468 2805 4468 2805 4469 2806 4469 2807 4469 2806 4470 2808 4470 2807 4470 2807 4471 2808 4471 2809 4471 2808 4472 2810 4472 2809 4472 2809 4473 2810 4473 2811 4473 2810 4474 2812 4474 2811 4474 2811 4475 2812 4475 2813 4475 2812 4476 2814 4476 2813 4476 2813 4477 2814 4477 2815 4477 2814 4478 2816 4478 2815 4478 2815 4479 2816 4479 2817 4479 2816 4480 2818 4480 2817 4480 2817 4481 2818 4481 2819 4481 2818 4482 2820 4482 2819 4482 2819 4483 2820 4483 2821 4483 2820 4484 2822 4484 2821 4484 2821 4485 2822 4485 2823 4485 2822 4486 2824 4486 2823 4486 2823 4487 2824 4487 2825 4487 2824 4488 2826 4488 2825 4488 2825 4489 2826 4489 2827 4489 2827 4490 2826 4490 2828 4490 2826 4491 2829 4491 2828 4491 2828 4492 2829 4492 2506 4492 2829 4493 2507 4493 2506 4493 2505 4494 2830 4494 2504 4494 2504 4495 2830 4495 2831 4495 2831 4496 2832 4496 2833 4496 2830 4497 2832 4497 2831 4497 2833 4498 2834 4498 2835 4498 2832 4499 2834 4499 2833 4499 2835 4500 2836 4500 2837 4500 2834 4501 2836 4501 2835 4501 2837 4502 2838 4502 2839 4502 2836 4503 2838 4503 2837 4503 2839 4504 2840 4504 2841 4504 2838 4505 2840 4505 2839 4505 2841 4506 2842 4506 2843 4506 2840 4507 2842 4507 2841 4507 2843 4508 2844 4508 2845 4508 2842 4509 2844 4509 2843 4509 2845 4510 2846 4510 2847 4510 2844 4511 2846 4511 2845 4511 2847 4512 2848 4512 2849 4512 2846 4513 2848 4513 2847 4513 2848 4514 2850 4514 2849 4514 2849 4515 2850 4515 2851 4515 2850 4516 2852 4516 2851 4516 2851 4517 2852 4517 2853 4517 2852 4518 2854 4518 2853 4518 2853 4519 2854 4519 2855 4519 2854 4520 2856 4520 2855 4520 2855 4521 2856 4521 2857 4521 2856 4522 2858 4522 2857 4522 2857 4523 2858 4523 2859 4523 2858 4524 2860 4524 2859 4524 2859 4525 2860 4525 2861 4525 2860 4526 2862 4526 2861 4526 2861 4527 2862 4527 2863 4527 2862 4528 2864 4528 2863 4528 2863 4529 2864 4529 2865 4529 2864 4530 2866 4530 2865 4530 2865 4531 2866 4531 2867 4531 2866 4532 2868 4532 2867 4532 2867 4533 2868 4533 2869 4533 2868 4534 2870 4534 2869 4534 2869 4535 2870 4535 2871 4535 2870 4536 2872 4536 2871 4536 2871 4537 2872 4537 2873 4537 2872 4538 2874 4538 2873 4538 2873 4539 2874 4539 2875 4539 2875 4540 2874 4540 2876 4540 2874 4541 2877 4541 2876 4541 2876 4542 2877 4542 2454 4542 2877 4543 2455 4543 2454 4543 2878 4544 2879 4544 2880 4544 2878 4545 2880 4545 2881 4545 2882 4546 2879 4546 2878 4546 2883 4547 2882 4547 2884 4547 2883 4548 2879 4548 2882 4548 2885 4549 2883 4549 2886 4549 2885 4550 2886 4550 2887 4550 2885 4551 2879 4551 2883 4551 2888 4552 2889 4552 2890 4552 2891 4553 2885 4553 2889 4553 2891 4554 2879 4554 2885 4554 2891 4555 2889 4555 2888 4555 2892 4556 2879 4556 2891 4556 1130 4557 1128 4557 2893 4557 1126 4558 2893 4558 1128 4558 1132 4559 1130 4559 2893 4559 1124 4560 2893 4560 1126 4560 1134 4561 1132 4561 2893 4561 1122 4562 2893 4562 1124 4562 2894 4563 2879 4563 2892 4563 1136 4564 1134 4564 2893 4564 1120 4565 2893 4565 1122 4565 1139 4566 1136 4566 2893 4566 2895 4567 2879 4567 2894 4567 1117 4568 2893 4568 1120 4568 1140 4569 1139 4569 2893 4569 1116 4570 2893 4570 1117 4570 1143 4571 2893 4571 2879 4571 1143 4572 1140 4572 2893 4572 1144 4573 1143 4573 2879 4573 1146 4574 2895 4574 2896 4574 1146 4575 2879 4575 2895 4575 1146 4576 1144 4576 2879 4576 1148 4577 2896 4577 2897 4577 1148 4578 1146 4578 2896 4578 1150 4579 2897 4579 2898 4579 1150 4580 1148 4580 2897 4580 2107 4581 2899 4581 2900 4581 2108 4582 2107 4582 2900 4582 2108 4583 2900 4583 2901 4583 2104 4584 2899 4584 2107 4584 2111 4585 2108 4585 2901 4585 2102 4586 2899 4586 2104 4586 2102 4587 2902 4587 2899 4587 2112 4588 2901 4588 2903 4588 2112 4589 2111 4589 2901 4589 2100 4590 2904 4590 2902 4590 2100 4591 2902 4591 2102 4591 2114 4592 2903 4592 2905 4592 2114 4593 2112 4593 2903 4593 2099 4594 1116 4594 2904 4594 2099 4595 2904 4595 2100 4595 2116 4596 2114 4596 2905 4596 2097 4597 2893 4597 1116 4597 2097 4598 1116 4598 2099 4598 2118 4599 2116 4599 2905 4599 2118 4600 2905 4600 2906 4600 2095 4601 2893 4601 2097 4601 2120 4602 2118 4602 2906 4602 2120 4603 2906 4603 2907 4603 2123 4604 2120 4604 2907 4604 2124 4605 2123 4605 2907 4605 2124 4606 2907 4606 2908 4606 2127 4607 2124 4607 2908 4607 2128 4608 2127 4608 2908 4608 2128 4609 2908 4609 2909 4609 2131 4610 2128 4610 2909 4610 2131 4611 2909 4611 2910 4611 2132 4612 2131 4612 2910 4612 2134 4613 2132 4613 2910 4613 2134 4614 2910 4614 2911 4614 2136 4615 2134 4615 2911 4615 2136 4616 2911 4616 2912 4616 2138 4617 2136 4617 2912 4617 2140 4618 2138 4618 2912 4618 2140 4619 2912 4619 2913 4619 2143 4620 2913 4620 2914 4620 2143 4621 2140 4621 2913 4621 2145 4622 2143 4622 2914 4622 2594 4623 2597 4623 2915 4623 2599 4624 2915 4624 2597 4624 2592 4625 2915 4625 2916 4625 2592 4626 2594 4626 2915 4626 2600 4627 2915 4627 2599 4627 2591 4628 2592 4628 2916 4628 2602 4629 2915 4629 2600 4629 2588 4630 2591 4630 2916 4630 2605 4631 2915 4631 2602 4631 2586 4632 2588 4632 2916 4632 2607 4633 2915 4633 2605 4633 2584 4634 2586 4634 2916 4634 2608 4635 2915 4635 2607 4635 2583 4636 2916 4636 2917 4636 2583 4637 2584 4637 2916 4637 2580 4638 2917 4638 2918 4638 2580 4639 2583 4639 2917 4639 2579 4640 2918 4640 2919 4640 2579 4641 2580 4641 2918 4641 2665 4642 1152 4642 1150 4642 2665 4643 2898 4643 2920 4643 2665 4644 1154 4644 1152 4644 2665 4645 2920 4645 2921 4645 2665 4646 1156 4646 1154 4646 2665 4647 2921 4647 2922 4647 2665 4648 2922 4648 2923 4648 2665 4649 2923 4649 2924 4649 2665 4650 2915 4650 2608 4650 2665 4651 2924 4651 2925 4651 2665 4652 2925 4652 2915 4652 2665 4653 2608 4653 2735 4653 2665 4654 2735 4654 2737 4654 2665 4655 1150 4655 2898 4655 2739 4656 2665 4656 2737 4656 2576 4657 2919 4657 2926 4657 2576 4658 2579 4658 2919 4658 1232 4659 2927 4659 2928 4659 1234 4660 1232 4660 2928 4660 1234 4661 2929 4661 2930 4661 1234 4662 2928 4662 2929 4662 1230 4663 2927 4663 1232 4663 1230 4664 2931 4664 2927 4664 1230 4665 2932 4665 2931 4665 1236 4666 2930 4666 2933 4666 1236 4667 1234 4667 2930 4667 2741 4668 2665 4668 2739 4668 1228 4669 2932 4669 1230 4669 1228 4670 2934 4670 2932 4670 1238 4671 2935 4671 2936 4671 1238 4672 2933 4672 2935 4672 1238 4673 1236 4673 2933 4673 2574 4674 2926 4674 2937 4674 2574 4675 2576 4675 2926 4675 1226 4676 2934 4676 1228 4676 1226 4677 2938 4677 2934 4677 1226 4678 2939 4678 2938 4678 2743 4679 2665 4679 2741 4679 1240 4680 1238 4680 2936 4680 1240 4681 2940 4681 2941 4681 1240 4682 2936 4682 2940 4682 2572 4683 2574 4683 2937 4683 1224 4684 2942 4684 2939 4684 1224 4685 2939 4685 1226 4685 2943 4686 2572 4686 2937 4686 2745 4687 2665 4687 2743 4687 1243 4688 1240 4688 2941 4688 1243 4689 2941 4689 2944 4689 2570 4690 2572 4690 2943 4690 1221 4691 2942 4691 1224 4691 1221 4692 2945 4692 2942 4692 2747 4693 2665 4693 2745 4693 1244 4694 1243 4694 2944 4694 1244 4695 2946 4695 2947 4695 1244 4696 2944 4696 2946 4696 2948 4697 2568 4697 2570 4697 2948 4698 2570 4698 2943 4698 1220 4699 2945 4699 1221 4699 1220 4700 2949 4700 2945 4700 2749 4701 2665 4701 2747 4701 1247 4702 2947 4702 2950 4702 1247 4703 1244 4703 2947 4703 2951 4704 2568 4704 2948 4704 2951 4705 2566 4705 2568 4705 1248 4706 2952 4706 2953 4706 1248 4707 2950 4707 2952 4707 1248 4708 1247 4708 2950 4708 2954 4709 2566 4709 2951 4709 2954 4710 2564 4710 2566 4710 1250 4711 1248 4711 2953 4711 1250 4712 2953 4712 2955 4712 2956 4713 2562 4713 2564 4713 2956 4714 2564 4714 2954 4714 1252 4715 1250 4715 2955 4715 1252 4716 2955 4716 2145 4716 1252 4717 2145 4717 2914 4717 2663 4718 1158 4718 1156 4718 2663 4719 1160 4719 1158 4719 2663 4720 1156 4720 2665 4720 2957 4721 2562 4721 2956 4721 2957 4722 2560 4722 2562 4722 1254 4723 1252 4723 2914 4723 1254 4724 2914 4724 2958 4724 2959 4725 1162 4725 1160 4725 2959 4726 1160 4726 2663 4726 2960 4727 2558 4727 2560 4727 2960 4728 2560 4728 2957 4728 2961 4729 2665 4729 2749 4729 2961 4730 2749 4730 2751 4730 2961 4731 2751 4731 2753 4731 2961 4732 2753 4732 2755 4732 2961 4733 2755 4733 2757 4733 2961 4734 2757 4734 2759 4734 1256 4735 2958 4735 2962 4735 1256 4736 1254 4736 2958 4736 2963 4737 1164 4737 1162 4737 2963 4738 1162 4738 2959 4738 2964 4739 2780 4739 2558 4739 2964 4740 2558 4740 2960 4740 2965 4741 2759 4741 2761 4741 2965 4742 2961 4742 2759 4742 2966 4743 2779 4743 2780 4743 2966 4744 2780 4744 2964 4744 2967 4745 1167 4745 1164 4745 2967 4746 1164 4746 2963 4746 1258 4747 1256 4747 2962 4747 1258 4748 2962 4748 2968 4748 2969 4749 2761 4749 2763 4749 2969 4750 2965 4750 2761 4750 2970 4751 2779 4751 2966 4751 2970 4752 2777 4752 2779 4752 2971 4753 2763 4753 2765 4753 2971 4754 2969 4754 2763 4754 2972 4755 2775 4755 2777 4755 2972 4756 2777 4756 2970 4756 2973 4757 2974 4757 1167 4757 2973 4758 1167 4758 2967 4758 2975 4759 2765 4759 2767 4759 2975 4760 2971 4760 2765 4760 1260 4761 1258 4761 2968 4761 1260 4762 2968 4762 2976 4762 2977 4763 2775 4763 2972 4763 2977 4764 2773 4764 2775 4764 2978 4765 2975 4765 2767 4765 2978 4766 2767 4766 2769 4766 2979 4767 2773 4767 2977 4767 2979 4768 2771 4768 2773 4768 2980 4769 2769 4769 2771 4769 2980 4770 2978 4770 2769 4770 2980 4771 2771 4771 2979 4771 2981 4772 2974 4772 2973 4772 2981 4773 2982 4773 2974 4773 1262 4774 1260 4774 2976 4774 1262 4775 2976 4775 2983 4775 2984 4776 2982 4776 2981 4776 2984 4777 2985 4777 2982 4777 2986 4778 2985 4778 2984 4778 2987 4779 2985 4779 2986 4779 2987 4780 2983 4780 2985 4780 2646 4781 2649 4781 2988 4781 2646 4782 2988 4782 2989 4782 2651 4783 2988 4783 2649 4783 2651 4784 2990 4784 2988 4784 2644 4785 2646 4785 2989 4785 2644 4786 2989 4786 2991 4786 2652 4787 2990 4787 2651 4787 2652 4788 2992 4788 2990 4788 2643 4789 2644 4789 2991 4789 2643 4790 2991 4790 2993 4790 2654 4791 2992 4791 2652 4791 2654 4792 2994 4792 2992 4792 2640 4793 2993 4793 2995 4793 2640 4794 2643 4794 2993 4794 2657 4795 2994 4795 2654 4795 2657 4796 2996 4796 2997 4796 2657 4797 2997 4797 2994 4797 2638 4798 2640 4798 2995 4798 2638 4799 2995 4799 2998 4799 2638 4800 2998 4800 2999 4800 2659 4801 2996 4801 2657 4801 2636 4802 2638 4802 2999 4802 2636 4803 2999 4803 3000 4803 2660 4804 2996 4804 2659 4804 2660 4805 3001 4805 2996 4805 2635 4806 2636 4806 3000 4806 2687 4807 3001 4807 2660 4807 2632 4808 2635 4808 3000 4808 2632 4809 3000 4809 3002 4809 2689 4810 3001 4810 2687 4810 2631 4811 2632 4811 3002 4811 2631 4812 3002 4812 3003 4812 2691 4813 3001 4813 2689 4813 2628 4814 2631 4814 3003 4814 2628 4815 3003 4815 3004 4815 2628 4816 3004 4816 3005 4816 2693 4817 3001 4817 2691 4817 2626 4818 2628 4818 3005 4818 3006 4819 2626 4819 3005 4819 2695 4820 3001 4820 2693 4820 2624 4821 2626 4821 3006 4821 3007 4822 3008 4822 3009 4822 3007 4823 3010 4823 3008 4823 3007 4824 3011 4824 3010 4824 3007 4825 3012 4825 3011 4825 3007 4826 3013 4826 3012 4826 3007 4827 3014 4827 3013 4827 3007 4828 3015 4828 3014 4828 3007 4829 3016 4829 3015 4829 3007 4830 3017 4830 3016 4830 3007 4831 3018 4831 3017 4831 3007 4832 1220 4832 3018 4832 3007 4833 2095 4833 2949 4833 3007 4834 2949 4834 1220 4834 3019 4835 2622 4835 2624 4835 3019 4836 2624 4836 3006 4836 2620 4837 2622 4837 3019 4837 3020 4838 2620 4838 3019 4838 2669 4839 2695 4839 2697 4839 2669 4840 2697 4840 2699 4840 2669 4841 2699 4841 2701 4841 2669 4842 2701 4842 2703 4842 2669 4843 3001 4843 2695 4843 2705 4844 2669 4844 2703 4844 3021 4845 2620 4845 3020 4845 3021 4846 2616 4846 2618 4846 3021 4847 2618 4847 2620 4847 2707 4848 2669 4848 2705 4848 2709 4849 2669 4849 2707 4849 3022 4850 2616 4850 3021 4850 3023 4851 2614 4851 2616 4851 3023 4852 2616 4852 3022 4852 3024 4853 2614 4853 3023 4853 3024 4854 2610 4854 2612 4854 3024 4855 2612 4855 2614 4855 1103 4856 3025 4856 3026 4856 1105 4857 3025 4857 1103 4857 1101 4858 3026 4858 3027 4858 1101 4859 1103 4859 3026 4859 1099 4860 1101 4860 3027 4860 1107 4861 3028 4861 3025 4861 1107 4862 3025 4862 1105 4862 1109 4863 3029 4863 3028 4863 1109 4864 3028 4864 1107 4864 1097 4865 3027 4865 3030 4865 1097 4866 1099 4866 3027 4866 1095 4867 3030 4867 3031 4867 1095 4868 1097 4868 3030 4868 1111 4869 3032 4869 3029 4869 1111 4870 3029 4870 1109 4870 1093 4871 3031 4871 3033 4871 1093 4872 1095 4872 3031 4872 1112 4873 3032 4873 1111 4873 3034 4874 2610 4874 3024 4874 3034 4875 2725 4875 2727 4875 3034 4876 2727 4876 2729 4876 3034 4877 2729 4877 2731 4877 3034 4878 2731 4878 2732 4878 3034 4879 2732 4879 2610 4879 1115 4880 3035 4880 3032 4880 1115 4881 3032 4881 1112 4881 1091 4882 1093 4882 3033 4882 3036 4883 3037 4883 3035 4883 3036 4884 3035 4884 1115 4884 1089 4885 3033 4885 3038 4885 1089 4886 1091 4886 3033 4886 3039 4887 3009 4887 3037 4887 3039 4888 3037 4888 3036 4888 1087 4889 1089 4889 3038 4889 3040 4890 3007 4890 3009 4890 3040 4891 3009 4891 3039 4891 3041 4892 3007 4892 3040 4892 3042 4893 3007 4893 3041 4893 3043 4894 3007 4894 3042 4894 3044 4895 1266 4895 1264 4895 3044 4896 1264 4896 3045 4896 3046 4897 2983 4897 2987 4897 3046 4898 1262 4898 2983 4898 3046 4899 1264 4899 1262 4899 3046 4900 3045 4900 1264 4900 3047 4901 1266 4901 3044 4901 3047 4902 1268 4902 1266 4902 3048 4903 3046 4903 2987 4903 3048 4904 2987 4904 3049 4904 3048 4905 3049 4905 3050 4905 3051 4906 1268 4906 3047 4906 3051 4907 1271 4907 1268 4907 3052 4908 3048 4908 3050 4908 3053 4909 3054 4909 1271 4909 3053 4910 1271 4910 3051 4910 3055 4911 3050 4911 3056 4911 3055 4912 3052 4912 3050 4912 3057 4913 3038 4913 3054 4913 3057 4914 3054 4914 3053 4914 3057 4915 1087 4915 3038 4915 3058 4916 3056 4916 3059 4916 3058 4917 3055 4917 3056 4917 3058 4918 3059 4918 2667 4918 3060 4919 1085 4919 1087 4919 3060 4920 1087 4920 3057 4920 2685 4921 1083 4921 1085 4921 2685 4922 1085 4922 3060 4922 2685 4923 1077 4923 1079 4923 2685 4924 1079 4924 1081 4924 2685 4925 1081 4925 1083 4925 2678 4926 3058 4926 2667 4926 2671 4927 2669 4927 2709 4927 2671 4928 2709 4928 2711 4928 2671 4929 2711 4929 2713 4929 2671 4930 2713 4930 2715 4930 2671 4931 2715 4931 2717 4931 2671 4932 2717 4932 2719 4932 2671 4933 2719 4933 2721 4933 2671 4934 2725 4934 3034 4934 2671 4935 2721 4935 2723 4935 2671 4936 2723 4936 2725 4936 2683 4937 1077 4937 2685 4937 2683 4938 3061 4938 3062 4938 2683 4939 3062 4939 3063 4939 2683 4940 3063 4940 1068 4940 2683 4941 1068 4941 1069 4941 2683 4942 1069 4942 1071 4942 2683 4943 1071 4943 1073 4943 2683 4944 1073 4944 1075 4944 2683 4945 1075 4945 1077 4945 1053 4946 2669 4946 2671 4946 1051 4947 1053 4947 2671 4947 1055 4948 2669 4948 1053 4948 1049 4949 1051 4949 2671 4949 1057 4950 2669 4950 1055 4950 1047 4951 1049 4951 2671 4951 1059 4952 2669 4952 1057 4952 1061 4953 2669 4953 1059 4953 1045 4954 1047 4954 2671 4954 1043 4955 1045 4955 2671 4955 1062 4956 2669 4956 1061 4956 1041 4957 1043 4957 2671 4957 1065 4958 2669 4958 1062 4958 1039 4959 1041 4959 2671 4959 1037 4960 1039 4960 2671 4960 1037 4961 2671 4961 2670 4961 1035 4962 1037 4962 2670 4962 1033 4963 1035 4963 2670 4963 2679 4964 1065 4964 3064 4964 2679 4965 3064 4965 3065 4965 2679 4966 3065 4966 3066 4966 2679 4967 3066 4967 3067 4967 2679 4968 2669 4968 1065 4968 2679 4969 2667 4969 2669 4969 2679 4970 2678 4970 2667 4970 3068 4971 2679 4971 3067 4971 1031 4972 1033 4972 2670 4972 3069 4973 2679 4973 3068 4973 1029 4974 1031 4974 2670 4974 1027 4975 1029 4975 2670 4975 1027 4976 2670 4976 3070 4976 2542 4977 2545 4977 2683 4977 2547 4978 2683 4978 2545 4978 2540 4979 2683 4979 3071 4979 2540 4980 2542 4980 2683 4980 2548 4981 2683 4981 2547 4981 1025 4982 3070 4982 3072 4982 1025 4983 1027 4983 3070 4983 2539 4984 2540 4984 3071 4984 3073 4985 3074 4985 3075 4985 3076 4986 3077 4986 3078 4986 3076 4987 3078 4987 3074 4987 3076 4988 3074 4988 3073 4988 2550 4989 2683 4989 2548 4989 3079 4990 3075 4990 3080 4990 3079 4991 3073 4991 3075 4991 3081 4992 3077 4992 3076 4992 3081 4993 3082 4993 3077 4993 1023 4994 1025 4994 3072 4994 1023 4995 3072 4995 3083 4995 2536 4996 2539 4996 3071 4996 3084 4997 3080 4997 3061 4997 3084 4998 3079 4998 3080 4998 3085 4999 3084 4999 3061 4999 3085 5000 3061 5000 2683 5000 2553 5001 2683 5001 2550 5001 3086 5002 3087 5002 3082 5002 3086 5003 3082 5003 3081 5003 1021 5004 1023 5004 3083 5004 2534 5005 2536 5005 3071 5005 3088 5006 3085 5006 2683 5006 2555 5007 2683 5007 2553 5007 3089 5008 3088 5008 2683 5008 3090 5009 3087 5009 3086 5009 3090 5010 3091 5010 3092 5010 3090 5011 3092 5011 3087 5011 1019 5012 1021 5012 3083 5012 1019 5013 3083 5013 3093 5013 2532 5014 2534 5014 3071 5014 3094 5015 3089 5015 2683 5015 1018 5016 1019 5016 3093 5016 1018 5017 3093 5017 3095 5017 2556 5018 3094 5018 2683 5018 2556 5019 2683 5019 2555 5019 3096 5020 3091 5020 3090 5020 3096 5021 3097 5021 3091 5021 2531 5022 2532 5022 3071 5022 2531 5023 3071 5023 3098 5023 2783 5024 3094 5024 2556 5024 2528 5025 2531 5025 3098 5025 2528 5026 3098 5026 3099 5026 2785 5027 3094 5027 2783 5027 2527 5028 3099 5028 3100 5028 2527 5029 2528 5029 3099 5029 3101 5030 3007 5030 3043 5030 3101 5031 3097 5031 3096 5031 3101 5032 3043 5032 3102 5032 3101 5033 3102 5033 3103 5033 3101 5034 3103 5034 3104 5034 3101 5035 3104 5035 3105 5035 3101 5036 3105 5036 3097 5036 3101 5037 3096 5037 3106 5037 3101 5038 3106 5038 3107 5038 2787 5039 3094 5039 2785 5039 2524 5040 3100 5040 3108 5040 2524 5041 2527 5041 3100 5041 2789 5042 3094 5042 2787 5042 2522 5043 2524 5043 3108 5043 2522 5044 3108 5044 3109 5044 2791 5045 3094 5045 2789 5045 2520 5046 2522 5046 3109 5046 3110 5047 2520 5047 3109 5047 2793 5048 3094 5048 2791 5048 2518 5049 2520 5049 3110 5049 3111 5050 3107 5050 3112 5050 3111 5051 3112 5051 3113 5051 3111 5052 3113 5052 3114 5052 3115 5053 3116 5053 3117 5053 3115 5054 3117 5054 3118 5054 3115 5055 3118 5055 3101 5055 2795 5056 3094 5056 2793 5056 3119 5057 3115 5057 3101 5057 3119 5058 3101 5058 3107 5058 3120 5059 3119 5059 3107 5059 3121 5060 3107 5060 3111 5060 3121 5061 3120 5061 3107 5061 3121 5062 3111 5062 3122 5062 3123 5063 2518 5063 3110 5063 3123 5064 2516 5064 2518 5064 2797 5065 3094 5065 2795 5065 3124 5066 2516 5066 3123 5066 3124 5067 2514 5067 2516 5067 3125 5068 2514 5068 3124 5068 3125 5069 2512 5069 2514 5069 2490 5070 2493 5070 2679 5070 2495 5071 3126 5071 2679 5071 2495 5072 2679 5072 2493 5072 2488 5073 2490 5073 2679 5073 2496 5074 3126 5074 2495 5074 2487 5075 2488 5075 2679 5075 2498 5076 3126 5076 2496 5076 3127 5077 2510 5077 2512 5077 3127 5078 2512 5078 3125 5078 2484 5079 2487 5079 2679 5079 2501 5080 3126 5080 2498 5080 2482 5081 2484 5081 2679 5081 2503 5082 3126 5082 2501 5082 2480 5083 2482 5083 2679 5083 3128 5084 2510 5084 3127 5084 3128 5085 2508 5085 2510 5085 2504 5086 3129 5086 3126 5086 2504 5087 3126 5087 2503 5087 2831 5088 3129 5088 2504 5088 3130 5089 2508 5089 3128 5089 3130 5090 2506 5090 2508 5090 2833 5091 3129 5091 2831 5091 2833 5092 3131 5092 3129 5092 3132 5093 2797 5093 2799 5093 3132 5094 2799 5094 2801 5094 3132 5095 2801 5095 2803 5095 3132 5096 3094 5096 2797 5096 3132 5097 2803 5097 2805 5097 3132 5098 2805 5098 2807 5098 2835 5099 3131 5099 2833 5099 2835 5100 3133 5100 3131 5100 3134 5101 2506 5101 3130 5101 3134 5102 2828 5102 2506 5102 2675 5103 2479 5103 2480 5103 2675 5104 3069 5104 3135 5104 2675 5105 3135 5105 3136 5105 2675 5106 3136 5106 3137 5106 2675 5107 3137 5107 3138 5107 2675 5108 3138 5108 3139 5108 2675 5109 3139 5109 3140 5109 2675 5110 3140 5110 3141 5110 2675 5111 3141 5111 3142 5111 2675 5112 2679 5112 3069 5112 2675 5113 2480 5113 2679 5113 2675 5114 2475 5114 2476 5114 2675 5115 2476 5115 2479 5115 2472 5116 2475 5116 2675 5116 3143 5117 2807 5117 2809 5117 3143 5118 3132 5118 2807 5118 2837 5119 3133 5119 2835 5119 2837 5120 3144 5120 3145 5120 2837 5121 3145 5121 3133 5121 3146 5122 2828 5122 3134 5122 3146 5123 2827 5123 2828 5123 2470 5124 2472 5124 2675 5124 3147 5125 3143 5125 2809 5125 3147 5126 2809 5126 2811 5126 2839 5127 3144 5127 2837 5127 3148 5128 2827 5128 3146 5128 3148 5129 2825 5129 2827 5129 2468 5130 2470 5130 2675 5130 3149 5131 2811 5131 2813 5131 3149 5132 3147 5132 2811 5132 2841 5133 3144 5133 2839 5133 2841 5134 3150 5134 3144 5134 3151 5135 2823 5135 2825 5135 3151 5136 2825 5136 3148 5136 3152 5137 2813 5137 2815 5137 3152 5138 3149 5138 2813 5138 2466 5139 2468 5139 2675 5139 3153 5140 2821 5140 2823 5140 3153 5141 2823 5141 3151 5141 3154 5142 2815 5142 2817 5142 3154 5143 3152 5143 2815 5143 3155 5144 2819 5144 2821 5144 3155 5145 2821 5145 3153 5145 3156 5146 2817 5146 2819 5146 3156 5147 2819 5147 3155 5147 3156 5148 3154 5148 2817 5148 2464 5149 2466 5149 2675 5149 3157 5150 3150 5150 2841 5150 3157 5151 2841 5151 2843 5151 3158 5152 2843 5152 2845 5152 3158 5153 3157 5153 2843 5153 3159 5154 3158 5154 2845 5154 3159 5155 2845 5155 2847 5155 3160 5156 2847 5156 2849 5156 3160 5157 2849 5157 2851 5157 3160 5158 3159 5158 2847 5158 3161 5159 3160 5159 2851 5159 3162 5160 3161 5160 2851 5160 3162 5161 2851 5161 2853 5161 3162 5162 2853 5162 2855 5162 3163 5163 2464 5163 2675 5163 3163 5164 2454 5164 2456 5164 3163 5165 2456 5165 2458 5165 3163 5166 2458 5166 2460 5166 3163 5167 2460 5167 2462 5167 3163 5168 2462 5168 2464 5168 2677 5169 2675 5169 3142 5169 2677 5170 3142 5170 3164 5170 2677 5171 3164 5171 3165 5171 2677 5172 3165 5172 3166 5172 2677 5173 3166 5173 3167 5173 2677 5174 3167 5174 3168 5174 3169 5175 3162 5175 2855 5175 3169 5176 2855 5176 2857 5176 3170 5177 2454 5177 3163 5177 3170 5178 2876 5178 2454 5178 3171 5179 2677 5179 3168 5179 3171 5180 3168 5180 3172 5180 3173 5181 3169 5181 2857 5181 3174 5182 2876 5182 3170 5182 3174 5183 2873 5183 2875 5183 3174 5184 2875 5184 2876 5184 3175 5185 2857 5185 2859 5185 3175 5186 3173 5186 2857 5186 3176 5187 2873 5187 3174 5187 3177 5188 3171 5188 3172 5188 3177 5189 3172 5189 3178 5189 3179 5190 3175 5190 2859 5190 3179 5191 2859 5191 2861 5191 3180 5192 2873 5192 3176 5192 3180 5193 2871 5193 2873 5193 3181 5194 3179 5194 2861 5194 3181 5195 2861 5195 2863 5195 3182 5196 2871 5196 3180 5196 3182 5197 2867 5197 2869 5197 3182 5198 2869 5198 2871 5198 3183 5199 3181 5199 2863 5199 3183 5200 2863 5200 2865 5200 3183 5201 2865 5201 2867 5201 3184 5202 2867 5202 3182 5202 3184 5203 3183 5203 2867 5203 3185 5204 3178 5204 3186 5204 3185 5205 3186 5205 3187 5205 3185 5206 3177 5206 3178 5206 3188 5207 3185 5207 3187 5207 3188 5208 3187 5208 1018 5208 3189 5209 1018 5209 3095 5209 3189 5210 3188 5210 1018 5210 3189 5211 3095 5211 3190 5211 3191 5212 3189 5212 3190 5212 3192 5213 3191 5213 3190 5213 3192 5214 3190 5214 3193 5214 3192 5215 3193 5215 3194 5215 3195 5216 3192 5216 3194 5216 3195 5217 3194 5217 3196 5217 3197 5218 3195 5218 3196 5218 3198 5219 3197 5219 3196 5219 3198 5220 3196 5220 3199 5220 3200 5221 3198 5221 3199 5221 3200 5222 3199 5222 3201 5222 3202 5223 3200 5223 3201 5223 3202 5224 3201 5224 3203 5224 3204 5225 3205 5225 3202 5225 3204 5226 3202 5226 3203 5226 3007 5227 2893 5227 2095 5227 3206 5228 2921 5228 2920 5228 3207 5229 3206 5229 2920 5229 3208 5230 2898 5230 2897 5230 3208 5231 2920 5231 2898 5231 3208 5232 3207 5232 2920 5232 3209 5233 3208 5233 2897 5233 3210 5234 2897 5234 2896 5234 3210 5235 3209 5235 2897 5235 3211 5236 2896 5236 2895 5236 3211 5237 3210 5237 2896 5237 3212 5238 2895 5238 2894 5238 3212 5239 3211 5239 2895 5239 3213 5240 2894 5240 2892 5240 3213 5241 3212 5241 2894 5241 3214 5242 2892 5242 2891 5242 3214 5243 3213 5243 2892 5243 3215 5244 3059 5244 3056 5244 3215 5245 2667 5245 3059 5245 3215 5246 2668 5246 2667 5246 3216 5247 3215 5247 3056 5247 3217 5248 3050 5248 3049 5248 3217 5249 3056 5249 3050 5249 3217 5250 3216 5250 3056 5250 3218 5251 3217 5251 3049 5251 3219 5252 3049 5252 2987 5252 3219 5253 3218 5253 3049 5253 3220 5254 2986 5254 2984 5254 3220 5255 2987 5255 2986 5255 3220 5256 3219 5256 2987 5256 3221 5257 3220 5257 2984 5257 3222 5258 2981 5258 2973 5258 3222 5259 2984 5259 2981 5259 3222 5260 3221 5260 2984 5260 3223 5261 2973 5261 2967 5261 3223 5262 3222 5262 2973 5262 3224 5263 2967 5263 2963 5263 3224 5264 3223 5264 2967 5264 3225 5265 3224 5265 2963 5265 3226 5266 2963 5266 2959 5266 3226 5267 3225 5267 2963 5267 2662 5268 2959 5268 2663 5268 2662 5269 3226 5269 2959 5269 3227 5270 3203 5270 3201 5270 3227 5271 3204 5271 3203 5271 3227 5272 3228 5272 3204 5272 3229 5273 3227 5273 3201 5273 3230 5274 3201 5274 3199 5274 3230 5275 3229 5275 3201 5275 3231 5276 3199 5276 3196 5276 3231 5277 3230 5277 3199 5277 3232 5278 3196 5278 3194 5278 3232 5279 3231 5279 3196 5279 3233 5280 3194 5280 3193 5280 3233 5281 3232 5281 3194 5281 3234 5282 3193 5282 3190 5282 3234 5283 3233 5283 3193 5283 3235 5284 3190 5284 3095 5284 3235 5285 3234 5285 3190 5285 3236 5286 3093 5286 3083 5286 3236 5287 3095 5287 3093 5287 3236 5288 3235 5288 3095 5288 3237 5289 3236 5289 3083 5289 3238 5290 3083 5290 3072 5290 3238 5291 3237 5291 3083 5291 3239 5292 3072 5292 3070 5292 3239 5293 3238 5293 3072 5293 2672 5294 3070 5294 2670 5294 2672 5295 3239 5295 3070 5295 3240 5296 3241 5296 3242 5296 3242 5297 3241 5297 3243 5297 3244 5298 3204 5298 3240 5298 3241 5299 3204 5299 3228 5299 3240 5300 3204 5300 3241 5300 3245 5301 3205 5301 3246 5301 3246 5302 3247 5302 3248 5302 3246 5303 3249 5303 3247 5303 3205 5304 3249 5304 3246 5304 3204 5305 3250 5305 3205 5305 3244 5306 3250 5306 3204 5306 3205 5307 3250 5307 3249 5307 3228 5308 2415 5308 3241 5308 2415 5309 2413 5309 3241 5309 3228 5310 2417 5310 2415 5310 2413 5311 2412 5311 3241 5311 3228 5312 2420 5312 2417 5312 2412 5313 2409 5313 3241 5313 3228 5314 2421 5314 2420 5314 2409 5315 2408 5315 3241 5315 3228 5316 2424 5316 2421 5316 2408 5317 2405 5317 3241 5317 3228 5318 2425 5318 2424 5318 2405 5319 2403 5319 3241 5319 3228 5320 2428 5320 2425 5320 3227 5321 2428 5321 3228 5321 2403 5322 2401 5322 3241 5322 3229 5323 3251 5323 3227 5323 3227 5324 3251 5324 2428 5324 3230 5325 3252 5325 3229 5325 3229 5326 3252 5326 3251 5326 3230 5327 3253 5327 3252 5327 3231 5328 3253 5328 3230 5328 3232 5329 3254 5329 3231 5329 3231 5330 3254 5330 3253 5330 3232 5331 3255 5331 3254 5331 3232 5332 3233 5332 3255 5332 3233 5333 3256 5333 3255 5333 3233 5334 3234 5334 3256 5334 3256 5335 3234 5335 3257 5335 3234 5336 3235 5336 3257 5336 3257 5337 3235 5337 3258 5337 3258 5338 3236 5338 3259 5338 3235 5339 3236 5339 3258 5339 3236 5340 3237 5340 3259 5340 3259 5341 3237 5341 3260 5341 2397 5342 3261 5342 2399 5342 3261 5343 3262 5343 2399 5343 2401 5344 3262 5344 3241 5344 2399 5345 3262 5345 2401 5345 2397 5346 3263 5346 3261 5346 2393 5347 3263 5347 2396 5347 2396 5348 3263 5348 2397 5348 3262 5349 3264 5349 3241 5349 2393 5350 3265 5350 3263 5350 2392 5351 3265 5351 2393 5351 3264 5352 3266 5352 3241 5352 3237 5353 3238 5353 3260 5353 3260 5354 3238 5354 3267 5354 2392 5355 3268 5355 3265 5355 2389 5356 3268 5356 2392 5356 3266 5357 3269 5357 3241 5357 2389 5358 3270 5358 3268 5358 2385 5359 3270 5359 2387 5359 2387 5360 3270 5360 2389 5360 3269 5361 3271 5361 3241 5361 3238 5362 3239 5362 3267 5362 3267 5363 3239 5363 3272 5363 2385 5364 3273 5364 3270 5364 2383 5365 3273 5365 2385 5365 3271 5366 3274 5366 3241 5366 3275 5367 2672 5367 3276 5367 3276 5368 2672 5368 3277 5368 3239 5369 2672 5369 3272 5369 3272 5370 2672 5370 3278 5370 3278 5371 2672 5371 3279 5371 3279 5372 2672 5372 3275 5372 3280 5373 3281 5373 3282 5373 3282 5374 3281 5374 2377 5374 2377 5375 3281 5375 2378 5375 2383 5376 3281 5376 3273 5376 2378 5377 3281 5377 2381 5377 2381 5378 3281 5378 2383 5378 3241 5379 3283 5379 3284 5379 3284 5380 3285 5380 3241 5380 2338 5381 2336 5381 3241 5381 3241 5382 2340 5382 2338 5382 3286 5383 3287 5383 3274 5383 3274 5384 3287 5384 3241 5384 3241 5385 3287 5385 3283 5385 2336 5386 2334 5386 3241 5386 3241 5387 2342 5387 2340 5387 3285 5388 3288 5388 3241 5388 3241 5389 3288 5389 2342 5389 2334 5390 2332 5390 3241 5390 3288 5391 2344 5391 2342 5391 3289 5392 3290 5392 3286 5392 3286 5393 3290 5393 3287 5393 2332 5394 2330 5394 3241 5394 3288 5395 3291 5395 2344 5395 3291 5396 2346 5396 2344 5396 2330 5397 2328 5397 3241 5397 3292 5398 3293 5398 3289 5398 3289 5399 3293 5399 3290 5399 2346 5400 3294 5400 2348 5400 3291 5401 3294 5401 2346 5401 3292 5402 3295 5402 3293 5402 3296 5403 3295 5403 3292 5403 2348 5404 3297 5404 2351 5404 3294 5405 3297 5405 2348 5405 3277 5406 2673 5406 3298 5406 3298 5407 2673 5407 3299 5407 3299 5408 2673 5408 3300 5408 3300 5409 2673 5409 3301 5409 3301 5410 2673 5410 3302 5410 3302 5411 2673 5411 3280 5411 2672 5412 2673 5412 3277 5412 3280 5413 2673 5413 3281 5413 3303 5414 3304 5414 3296 5414 3296 5415 3304 5415 3295 5415 2351 5416 3305 5416 3306 5416 3306 5417 3305 5417 3307 5417 3297 5418 3305 5418 2351 5418 3305 5419 3308 5419 3307 5419 3303 5420 3309 5420 3304 5420 3310 5421 3309 5421 3303 5421 3305 5422 3311 5422 3308 5422 3305 5423 3312 5423 3311 5423 3313 5424 3314 5424 3310 5424 3310 5425 3314 5425 3309 5425 3305 5426 3315 5426 3312 5426 3316 5427 3317 5427 3313 5427 3313 5428 3317 5428 3314 5428 3305 5429 3318 5429 3315 5429 3305 5430 3319 5430 3318 5430 3316 5431 3320 5431 3317 5431 3321 5432 3320 5432 3316 5432 3305 5433 3322 5433 3319 5433 3305 5434 3323 5434 3322 5434 3324 5435 3325 5435 3321 5435 3321 5436 3325 5436 3320 5436 3326 5437 3327 5437 3324 5437 3324 5438 3327 5438 3325 5438 2316 5439 3328 5439 2318 5439 2318 5440 3328 5440 2320 5440 3328 5441 3329 5441 2320 5441 2320 5442 3329 5442 2323 5442 2316 5443 3330 5443 3328 5443 2314 5444 3330 5444 2316 5444 3329 5445 3331 5445 2323 5445 2323 5446 3331 5446 2324 5446 3331 5447 3332 5447 2324 5447 2324 5448 3332 5448 2327 5448 2310 5449 3333 5449 2312 5449 2312 5450 3333 5450 2314 5450 2314 5451 3333 5451 3330 5451 2328 5452 3334 5452 3241 5452 3332 5453 3334 5453 2327 5453 2327 5454 3334 5454 2328 5454 2310 5455 3335 5455 3333 5455 2308 5456 3335 5456 2310 5456 3336 5457 3337 5457 3326 5457 3326 5458 3337 5458 3327 5458 2304 5459 3338 5459 2306 5459 2306 5460 3338 5460 2308 5460 2308 5461 3338 5461 3335 5461 3334 5462 3339 5462 3241 5462 2301 5463 3340 5463 2304 5463 2304 5464 3340 5464 3338 5464 3339 5465 3341 5465 3241 5465 3336 5466 3342 5466 3337 5466 3343 5467 3342 5467 3336 5467 2300 5468 3214 5468 2301 5468 2301 5469 3214 5469 3340 5469 3343 5470 3344 5470 3342 5470 2300 5471 3213 5471 3214 5471 3345 5472 3213 5472 2300 5472 3346 5473 3212 5473 3345 5473 3345 5474 3212 5474 3213 5474 3343 5475 3347 5475 3344 5475 3323 5476 3348 5476 3349 5476 3349 5477 3348 5477 3350 5477 3350 5478 3348 5478 3351 5478 3351 5479 3348 5479 3352 5479 3352 5480 3348 5480 3353 5480 3353 5481 3348 5481 3354 5481 3354 5482 3348 5482 3355 5482 3305 5483 3348 5483 3323 5483 3356 5484 3211 5484 3346 5484 3346 5485 3211 5485 3212 5485 3348 5486 3357 5486 3355 5486 3357 5487 3358 5487 3355 5487 3359 5488 3210 5488 3356 5488 3356 5489 3210 5489 3211 5489 3358 5490 3360 5490 3355 5490 3360 5491 3361 5491 3355 5491 3362 5492 3209 5492 3359 5492 3359 5493 3209 5493 3210 5493 3355 5494 3206 5494 3363 5494 3361 5495 3206 5495 3355 5495 3362 5496 3208 5496 3209 5496 3364 5497 3208 5497 3362 5497 3364 5498 3207 5498 3208 5498 3363 5499 3207 5499 3364 5499 3206 5500 3207 5500 3363 5500 2666 5501 2668 5501 3343 5501 3343 5502 2668 5502 3347 5502 3365 5503 2668 5503 3366 5503 3367 5504 2668 5504 3365 5504 3347 5505 2668 5505 3367 5505 2668 5506 2662 5506 3366 5506 3366 5507 2662 5507 2664 5507 3226 5508 3224 5508 3225 5508 3216 5509 3217 5509 3215 5509 3215 5510 3217 5510 2668 5510 3226 5511 3223 5511 3224 5511 3218 5512 3219 5512 3217 5512 3217 5513 3219 5513 2668 5513 3223 5514 3220 5514 3222 5514 3222 5515 3220 5515 3221 5515 2668 5516 3220 5516 2662 5516 3219 5517 3220 5517 2668 5517 3226 5518 3220 5518 3223 5518 2662 5519 3220 5519 3226 5519 3368 5520 3241 5520 3341 5520 3369 5521 3370 5521 2431 5521 3370 5522 3371 5522 2431 5522 3371 5523 3372 5523 2431 5523 3373 5524 3374 5524 2427 5524 3375 5525 3374 5525 3373 5525 3376 5526 3374 5526 3375 5526 2427 5527 3374 5527 2431 5527 2431 5528 3374 5528 3369 5528 3372 5529 3377 5529 2431 5529 3378 5530 3379 5530 3376 5530 3380 5531 3379 5531 3378 5531 3376 5532 3379 5532 3374 5532 3374 5533 3379 5533 3369 5533 3369 5534 3379 5534 3370 5534 3377 5535 3381 5535 2431 5535 3382 5536 3383 5536 3380 5536 3384 5537 3383 5537 3382 5537 3379 5538 3383 5538 3370 5538 3380 5539 3383 5539 3379 5539 3370 5540 3383 5540 3371 5540 3381 5541 3385 5541 2431 5541 3386 5542 3387 5542 3384 5542 3388 5543 3387 5543 3386 5543 3371 5544 3387 5544 3372 5544 3384 5545 3387 5545 3383 5545 3383 5546 3387 5546 3371 5546 3385 5547 3389 5547 2431 5547 3390 5548 3391 5548 3388 5548 3392 5549 3391 5549 3390 5549 3372 5550 3391 5550 3377 5550 3387 5551 3391 5551 3372 5551 3388 5552 3391 5552 3387 5552 3389 5553 3393 5553 2431 5553 3394 5554 3395 5554 3392 5554 3396 5555 3395 5555 3394 5555 3392 5556 3395 5556 3391 5556 3391 5557 3395 5557 3377 5557 3377 5558 3395 5558 3381 5558 3393 5559 3397 5559 2431 5559 3398 5560 3399 5560 3396 5560 3381 5561 3399 5561 3385 5561 3396 5562 3399 5562 3395 5562 3395 5563 3399 5563 3381 5563 3397 5564 3400 5564 2431 5564 3399 5565 3401 5565 3385 5565 3402 5566 3401 5566 3398 5566 3403 5567 3401 5567 3402 5567 3385 5568 3401 5568 3389 5568 3398 5569 3401 5569 3399 5569 3400 5570 3404 5570 2431 5570 3401 5571 3405 5571 3389 5571 3406 5572 3405 5572 3403 5572 3407 5573 3405 5573 3406 5573 3389 5574 3405 5574 3393 5574 3403 5575 3405 5575 3401 5575 3393 5576 3408 5576 3397 5576 3409 5577 3408 5577 3407 5577 3410 5578 3408 5578 3409 5578 3405 5579 3408 5579 3393 5579 3407 5580 3408 5580 3405 5580 3397 5581 3411 5581 3400 5581 3408 5582 3411 5582 3397 5582 3412 5583 3411 5583 3410 5583 3413 5584 3411 5584 3412 5584 3410 5585 3411 5585 3408 5585 3400 5586 3414 5586 3404 5586 3413 5587 3414 5587 3411 5587 3415 5588 3414 5588 3413 5588 3416 5589 3414 5589 3415 5589 2379 5590 3414 5590 3416 5590 2431 5591 3414 5591 2379 5591 3411 5592 3414 5592 3400 5592 3404 5593 3414 5593 2431 5593 2428 5594 3251 5594 2427 5594 2427 5595 3251 5595 3373 5595 3373 5596 3252 5596 3375 5596 3375 5597 3252 5597 3376 5597 3251 5598 3252 5598 3373 5598 3252 5599 3253 5599 3376 5599 3376 5600 3254 5600 3378 5600 3378 5601 3254 5601 3380 5601 3253 5602 3254 5602 3376 5602 3254 5603 3255 5603 3380 5603 3380 5604 3256 5604 3382 5604 3255 5605 3256 5605 3380 5605 3382 5606 3257 5606 3384 5606 3384 5607 3257 5607 3386 5607 3256 5608 3257 5608 3382 5608 3257 5609 3258 5609 3386 5609 3386 5610 3259 5610 3388 5610 3388 5611 3259 5611 3390 5611 3258 5612 3259 5612 3386 5612 3259 5613 3260 5613 3390 5613 3260 5614 3267 5614 3390 5614 3390 5615 3267 5615 3392 5615 3267 5616 3272 5616 3392 5616 3392 5617 3272 5617 3394 5617 3272 5618 3278 5618 3394 5618 3394 5619 3278 5619 3396 5619 3278 5620 3279 5620 3396 5620 3396 5621 3279 5621 3398 5621 3279 5622 3275 5622 3398 5622 3398 5623 3275 5623 3402 5623 3275 5624 3276 5624 3402 5624 3402 5625 3276 5625 3403 5625 3276 5626 3277 5626 3403 5626 3403 5627 3277 5627 3406 5627 3277 5628 3298 5628 3406 5628 3406 5629 3298 5629 3407 5629 3298 5630 3299 5630 3407 5630 3407 5631 3299 5631 3409 5631 3409 5632 3299 5632 3410 5632 3299 5633 3300 5633 3410 5633 3300 5634 3301 5634 3410 5634 3410 5635 3301 5635 3412 5635 3412 5636 3301 5636 3413 5636 3301 5637 3302 5637 3413 5637 3413 5638 3302 5638 3415 5638 3302 5639 3280 5639 3415 5639 3415 5640 3282 5640 3416 5640 3280 5641 3282 5641 3415 5641 3416 5642 2377 5642 2379 5642 3282 5643 2377 5643 3416 5643 3417 5644 3418 5644 2354 5644 3418 5645 3419 5645 2354 5645 3419 5646 3420 5646 2354 5646 3421 5647 3422 5647 2350 5647 3423 5648 3422 5648 3421 5648 3424 5649 3422 5649 3423 5649 2350 5650 3422 5650 2354 5650 2354 5651 3422 5651 3417 5651 3420 5652 3425 5652 2354 5652 3426 5653 3427 5653 3424 5653 3428 5654 3427 5654 3426 5654 3424 5655 3427 5655 3422 5655 3422 5656 3427 5656 3417 5656 3417 5657 3427 5657 3418 5657 3425 5658 3429 5658 2354 5658 3430 5659 3431 5659 3428 5659 3432 5660 3431 5660 3430 5660 3427 5661 3431 5661 3418 5661 3428 5662 3431 5662 3427 5662 3418 5663 3431 5663 3419 5663 3429 5664 3433 5664 2354 5664 3434 5665 3435 5665 3432 5665 3436 5666 3435 5666 3434 5666 3419 5667 3435 5667 3420 5667 3432 5668 3435 5668 3431 5668 3420 5669 3435 5669 3425 5669 3431 5670 3435 5670 3419 5670 3433 5671 3437 5671 2354 5671 3438 5672 3439 5672 3436 5672 3440 5673 3439 5673 3438 5673 3436 5674 3439 5674 3435 5674 3435 5675 3439 5675 3425 5675 3437 5676 3441 5676 2354 5676 3442 5677 3443 5677 3440 5677 3440 5678 3443 5678 3439 5678 3425 5679 3443 5679 3429 5679 3439 5680 3443 5680 3425 5680 3441 5681 3444 5681 2354 5681 3445 5682 3446 5682 3442 5682 3447 5683 3446 5683 3445 5683 3442 5684 3446 5684 3443 5684 3429 5685 3446 5685 3433 5685 3443 5686 3446 5686 3429 5686 3444 5687 3448 5687 2354 5687 3446 5688 3449 5688 3433 5688 3450 5689 3449 5689 3447 5689 3451 5690 3449 5690 3450 5690 3433 5691 3449 5691 3437 5691 3437 5692 3449 5692 3441 5692 3447 5693 3449 5693 3446 5693 3448 5694 3452 5694 2354 5694 3453 5695 3454 5695 3451 5695 3455 5696 3454 5696 3453 5696 3449 5697 3454 5697 3441 5697 3451 5698 3454 5698 3449 5698 3441 5699 3456 5699 3444 5699 3457 5700 3456 5700 3455 5700 3458 5701 3456 5701 3457 5701 3454 5702 3456 5702 3441 5702 3455 5703 3456 5703 3454 5703 3444 5704 3459 5704 3448 5704 3456 5705 3459 5705 3444 5705 3460 5706 3459 5706 3458 5706 3461 5707 3459 5707 3460 5707 3458 5708 3459 5708 3456 5708 3448 5709 3462 5709 3452 5709 3461 5710 3462 5710 3459 5710 3463 5711 3462 5711 3461 5711 3464 5712 3462 5712 3463 5712 2302 5713 3462 5713 3464 5713 2354 5714 3462 5714 2302 5714 3452 5715 3462 5715 2354 5715 3459 5716 3462 5716 3448 5716 2351 5717 3306 5717 2350 5717 2350 5718 3306 5718 3421 5718 3421 5719 3306 5719 3423 5719 3423 5720 3307 5720 3424 5720 3306 5721 3307 5721 3423 5721 3307 5722 3308 5722 3424 5722 3424 5723 3311 5723 3426 5723 3308 5724 3311 5724 3424 5724 3426 5725 3312 5725 3428 5725 3311 5726 3312 5726 3426 5726 3428 5727 3315 5727 3430 5727 3312 5728 3315 5728 3428 5728 3430 5729 3318 5729 3432 5729 3315 5730 3318 5730 3430 5730 3432 5731 3319 5731 3434 5731 3434 5732 3319 5732 3436 5732 3318 5733 3319 5733 3432 5733 3436 5734 3322 5734 3438 5734 3319 5735 3322 5735 3436 5735 3322 5736 3323 5736 3438 5736 3323 5737 3349 5737 3438 5737 3438 5738 3349 5738 3440 5738 3349 5739 3350 5739 3440 5739 3440 5740 3350 5740 3442 5740 3350 5741 3351 5741 3442 5741 3442 5742 3351 5742 3445 5742 3351 5743 3352 5743 3445 5743 3445 5744 3352 5744 3447 5744 3352 5745 3353 5745 3447 5745 3447 5746 3353 5746 3450 5746 3353 5747 3354 5747 3450 5747 3450 5748 3354 5748 3451 5748 3451 5749 3354 5749 3453 5749 3354 5750 3355 5750 3453 5750 3355 5751 3363 5751 3453 5751 3453 5752 3363 5752 3455 5752 3363 5753 3364 5753 3455 5753 3455 5754 3364 5754 3457 5754 3364 5755 3362 5755 3457 5755 3457 5756 3362 5756 3458 5756 3362 5757 3359 5757 3458 5757 3458 5758 3359 5758 3460 5758 3359 5759 3356 5759 3460 5759 3460 5760 3356 5760 3461 5760 3356 5761 3346 5761 3461 5761 3461 5762 3346 5762 3463 5762 3463 5763 3345 5763 3464 5763 3346 5764 3345 5764 3463 5764 3464 5765 3345 5765 2302 5765 3345 5766 2300 5766 2302 5766 3465 5767 3466 5767 3467 5767 3466 5768 3007 5768 3467 5768 3466 5769 3468 5769 3007 5769 3469 5770 3470 5770 3471 5770 3469 5771 2893 5771 3470 5771 3007 5772 3472 5772 2893 5772 3468 5773 3472 5773 3007 5773 2893 5774 3472 5774 3470 5774 1181 5775 1183 5775 3472 5775 3472 5776 1179 5776 1181 5776 1183 5777 1185 5777 3472 5777 3472 5778 1177 5778 1179 5778 1185 5779 1187 5779 3472 5779 3472 5780 1175 5780 1177 5780 1187 5781 1189 5781 3472 5781 3472 5782 1173 5782 1175 5782 1189 5783 1190 5783 3472 5783 1190 5784 1193 5784 3472 5784 1193 5785 1194 5785 3472 5785 1194 5786 1197 5786 3472 5786 1197 5787 1199 5787 3472 5787 1170 5788 2106 5788 3473 5788 2106 5789 2109 5789 3473 5789 3473 5790 2109 5790 3474 5790 1171 5791 2105 5791 1170 5791 1170 5792 2105 5792 2106 5792 2109 5793 2110 5793 3474 5793 3474 5794 2110 5794 3475 5794 1171 5795 2103 5795 2105 5795 1173 5796 2103 5796 1171 5796 3472 5797 2103 5797 1173 5797 2110 5798 2113 5798 3475 5798 3475 5799 2113 5799 3476 5799 3472 5800 2101 5800 2103 5800 2113 5801 2115 5801 3476 5801 3476 5802 2115 5802 3477 5802 3472 5803 2098 5803 2101 5803 2115 5804 2117 5804 3477 5804 3477 5805 2117 5805 3478 5805 3472 5806 2096 5806 2098 5806 2117 5807 2119 5807 3478 5807 3478 5808 2119 5808 3479 5808 3472 5809 2094 5809 2096 5809 2119 5810 2121 5810 3479 5810 3479 5811 2121 5811 3480 5811 3480 5812 2122 5812 3481 5812 2121 5813 2122 5813 3480 5813 3481 5814 2125 5814 3482 5814 2122 5815 2125 5815 3481 5815 2125 5816 2126 5816 3482 5816 3482 5817 2126 5817 3483 5817 3483 5818 2129 5818 3484 5818 2126 5819 2129 5819 3483 5819 3484 5820 2130 5820 3485 5820 2129 5821 2130 5821 3484 5821 3485 5822 2133 5822 3486 5822 2130 5823 2133 5823 3485 5823 2133 5824 2135 5824 3486 5824 3486 5825 2135 5825 3487 5825 3487 5826 2137 5826 3488 5826 2135 5827 2137 5827 3487 5827 3488 5828 2139 5828 3489 5828 2137 5829 2139 5829 3488 5829 2139 5830 2141 5830 3489 5830 3489 5831 2141 5831 3490 5831 2141 5832 2142 5832 3490 5832 3490 5833 2142 5833 3491 5833 2142 5834 2144 5834 3491 5834 2596 5835 2595 5835 3472 5835 3472 5836 2598 5836 2596 5836 2595 5837 2593 5837 3472 5837 3472 5838 2601 5838 2598 5838 2593 5839 2590 5839 3472 5839 3472 5840 2603 5840 2601 5840 2590 5841 2589 5841 3472 5841 3472 5842 2604 5842 2603 5842 1199 5843 2604 5843 3472 5843 2589 5844 2587 5844 3472 5844 1201 5845 2606 5845 1199 5845 1199 5846 2606 5846 2604 5846 2587 5847 2585 5847 3472 5847 1203 5848 2609 5848 1201 5848 1201 5849 2609 5849 2606 5849 1205 5850 2734 5850 1203 5850 1203 5851 2734 5851 2609 5851 1207 5852 2736 5852 1205 5852 1205 5853 2736 5853 2734 5853 1209 5854 2738 5854 1207 5854 1207 5855 2738 5855 2736 5855 1211 5856 2740 5856 1209 5856 1209 5857 2740 5857 2738 5857 1213 5858 2742 5858 1211 5858 1211 5859 2742 5859 2740 5859 1215 5860 2744 5860 1213 5860 1213 5861 2744 5861 2742 5861 1217 5862 2746 5862 1215 5862 1215 5863 2746 5863 2744 5863 1217 5864 2748 5864 2746 5864 1218 5865 2748 5865 1217 5865 1218 5866 2750 5866 2748 5866 3492 5867 2750 5867 1218 5867 3493 5868 2752 5868 3492 5868 3492 5869 2752 5869 2750 5869 3494 5870 1285 5870 3495 5870 1285 5871 1287 5871 3495 5871 3495 5872 1287 5872 3496 5872 3494 5873 1283 5873 1285 5873 3497 5874 1283 5874 3494 5874 1287 5875 1289 5875 3496 5875 3496 5876 1289 5876 3498 5876 3497 5877 1281 5877 1283 5877 3499 5878 1281 5878 3497 5878 1289 5879 1291 5879 3498 5879 3498 5880 1291 5880 3500 5880 3501 5881 2754 5881 3493 5881 3493 5882 2754 5882 2752 5882 3502 5883 1279 5883 3499 5883 3499 5884 1279 5884 1281 5884 3500 5885 1293 5885 3503 5885 1291 5886 1293 5886 3500 5886 3502 5887 1277 5887 1279 5887 3504 5888 1277 5888 3502 5888 3503 5889 1294 5889 3505 5889 1293 5890 1294 5890 3503 5890 3504 5891 1275 5891 1277 5891 3506 5892 1275 5892 3504 5892 3505 5893 1297 5893 3507 5893 1294 5894 1297 5894 3505 5894 3508 5895 1274 5895 3506 5895 3506 5896 1274 5896 1275 5896 1297 5897 1298 5897 3507 5897 3507 5898 1298 5898 3509 5898 3508 5899 3510 5899 1274 5899 3511 5900 3510 5900 3508 5900 3509 5901 1301 5901 3512 5901 1298 5902 1301 5902 3509 5902 3511 5903 3513 5903 3510 5903 3512 5904 1303 5904 3514 5904 1301 5905 1303 5905 3512 5905 1303 5906 1305 5906 3514 5906 3514 5907 1305 5907 3515 5907 3515 5908 1307 5908 3516 5908 1305 5909 1307 5909 3515 5909 3516 5910 1309 5910 3517 5910 1307 5911 1309 5911 3516 5911 2144 5912 1311 5912 3491 5912 1309 5913 1311 5913 3517 5913 3517 5914 1311 5914 2144 5914 3491 5915 1311 5915 3518 5915 1311 5916 1313 5916 3518 5916 3519 5917 1315 5917 3501 5917 3518 5918 1315 5918 3519 5918 1313 5919 1315 5919 3518 5919 1315 5920 1317 5920 3501 5920 2567 5921 3244 5921 2569 5921 2569 5922 3244 5922 2571 5922 2571 5923 3244 5923 2573 5923 2573 5924 3244 5924 2575 5924 2575 5925 3244 5925 2577 5925 2577 5926 3244 5926 2578 5926 2578 5927 3244 5927 2581 5927 2581 5928 3244 5928 2582 5928 2582 5929 3244 5929 2585 5929 2585 5930 3244 5930 3472 5930 2776 5931 2648 5931 2778 5931 2648 5932 2647 5932 2778 5932 2778 5933 2647 5933 2781 5933 2776 5934 2650 5934 2648 5934 2774 5935 2650 5935 2776 5935 2647 5936 2645 5936 2781 5936 2781 5937 2645 5937 2559 5937 2772 5938 2653 5938 2774 5938 2774 5939 2653 5939 2650 5939 2645 5940 2642 5940 2559 5940 2559 5941 2642 5941 2561 5941 2772 5942 2655 5942 2653 5942 2770 5943 2655 5943 2772 5943 2642 5944 2641 5944 2561 5944 2561 5945 2641 5945 2563 5945 2770 5946 2656 5946 2655 5946 2768 5947 2656 5947 2770 5947 2563 5948 2639 5948 2565 5948 2641 5949 2639 5949 2563 5949 2766 5950 2658 5950 2768 5950 2768 5951 2658 5951 2656 5951 2565 5952 2637 5952 2567 5952 2639 5953 2637 5953 2565 5953 2766 5954 2661 5954 2658 5954 2764 5955 2661 5955 2766 5955 2567 5956 2634 5956 3244 5956 2637 5957 2634 5957 2567 5957 2762 5958 2686 5958 2764 5958 2764 5959 2686 5959 2661 5959 2634 5960 2633 5960 3244 5960 2760 5961 2688 5961 2762 5961 2762 5962 2688 5962 2686 5962 2633 5963 2630 5963 3244 5963 2758 5964 2690 5964 2760 5964 2760 5965 2690 5965 2688 5965 2630 5966 2629 5966 3244 5966 2758 5967 2692 5967 2690 5967 2756 5968 2692 5968 2758 5968 2629 5969 2627 5969 3244 5969 2754 5970 2694 5970 2756 5970 2756 5971 2694 5971 2692 5971 2627 5972 2625 5972 3244 5972 2754 5973 2696 5973 2694 5973 3520 5974 3468 5974 3511 5974 3521 5975 3468 5975 3520 5975 3522 5976 3468 5976 3521 5976 2094 5977 3468 5977 3522 5977 3511 5978 3468 5978 3513 5978 3523 5979 3468 5979 3524 5979 3525 5980 3468 5980 3523 5980 3526 5981 3468 5981 3525 5981 3527 5982 3468 5982 3526 5982 3528 5983 3468 5983 3527 5983 3529 5984 3468 5984 3528 5984 3530 5985 3468 5985 3529 5985 3513 5986 3468 5986 3530 5986 2625 5987 2623 5987 3244 5987 2623 5988 2621 5988 3244 5988 2621 5989 2619 5989 3244 5989 2619 5990 2617 5990 3244 5990 2617 5991 2615 5991 3244 5991 2615 5992 2613 5992 3244 5992 2613 5993 2611 5993 3244 5993 3531 5994 1102 5994 3532 5994 3531 5995 1104 5995 1102 5995 3533 5996 1104 5996 3531 5996 3532 5997 1100 5997 3534 5997 1102 5998 1100 5998 3532 5998 3533 5999 1106 5999 1104 5999 3535 6000 1106 6000 3533 6000 1100 6001 1098 6001 3534 6001 3534 6002 1098 6002 3536 6002 1098 6003 1096 6003 3536 6003 3536 6004 1096 6004 3537 6004 3535 6005 1108 6005 1106 6005 3538 6006 1108 6006 3535 6006 3538 6007 1110 6007 1108 6007 3539 6008 1110 6008 3538 6008 1096 6009 1094 6009 3537 6009 3537 6010 1094 6010 3540 6010 3539 6011 1113 6011 1110 6011 3541 6012 1113 6012 3539 6012 1094 6013 1092 6013 3540 6013 3541 6014 1114 6014 1113 6014 3542 6015 1114 6015 3541 6015 1092 6016 1090 6016 3540 6016 3540 6017 1090 6017 3543 6017 3542 6018 3544 6018 1114 6018 3524 6019 3544 6019 3542 6019 1090 6020 1088 6020 3543 6020 3543 6021 1088 6021 3545 6021 3468 6022 3546 6022 3524 6022 3524 6023 3546 6023 3544 6023 3545 6024 1086 6024 1322 6024 1088 6025 1086 6025 3545 6025 3468 6026 3547 6026 3546 6026 1086 6027 1084 6027 1322 6027 1322 6028 1084 6028 1321 6028 3468 6029 3548 6029 3547 6029 1084 6030 1082 6030 1321 6030 1321 6031 1082 6031 1319 6031 3468 6032 3549 6032 3548 6032 3468 6033 3550 6033 3549 6033 3468 6034 3551 6034 3550 6034 3468 6035 3552 6035 3551 6035 3468 6036 3553 6036 3552 6036 3468 6037 3554 6037 3553 6037 3468 6038 3555 6038 3554 6038 3468 6039 3556 6039 3555 6039 2708 6040 1052 6040 2710 6040 2710 6041 1050 6041 2712 6041 1052 6042 1050 6042 2710 6042 2706 6043 1054 6043 2708 6043 2708 6044 1054 6044 1052 6044 1050 6045 1048 6045 2712 6045 2712 6046 1048 6046 2714 6046 2706 6047 1056 6047 1054 6047 2704 6048 1056 6048 2706 6048 1048 6049 1046 6049 2714 6049 2704 6050 1058 6050 1056 6050 2702 6051 1058 6051 2704 6051 2702 6052 1060 6052 1058 6052 2700 6053 1060 6053 2702 6053 1046 6054 1044 6054 2714 6054 2714 6055 1044 6055 2716 6055 2700 6056 1063 6056 1060 6056 2698 6057 1063 6057 2700 6057 1044 6058 1042 6058 2716 6058 2716 6059 1042 6059 2718 6059 1042 6060 1040 6060 2718 6060 2718 6061 1040 6061 2720 6061 2698 6062 1064 6062 1063 6062 1040 6063 1038 6063 2720 6063 2720 6064 1038 6064 2722 6064 1038 6065 1036 6065 2722 6065 2722 6066 1036 6066 2724 6066 2724 6067 1034 6067 2726 6067 1036 6068 1034 6068 2724 6068 2726 6069 1032 6069 2728 6069 1034 6070 1032 6070 2726 6070 1032 6071 1030 6071 2728 6071 2728 6072 1030 6072 2730 6072 1030 6073 1028 6073 2730 6073 2730 6074 1028 6074 2733 6074 2611 6075 1026 6075 3244 6075 2733 6076 1026 6076 2611 6076 1028 6077 1026 6077 2733 6077 1072 6078 2544 6078 1074 6078 1074 6079 2543 6079 1076 6079 2544 6080 2543 6080 1074 6080 1070 6081 2546 6081 1072 6081 1072 6082 2546 6082 2544 6082 2543 6083 2541 6083 1076 6083 1076 6084 2541 6084 1078 6084 1070 6085 2549 6085 2546 6085 1067 6086 2549 6086 1070 6086 1026 6087 1024 6087 3244 6087 2541 6088 2538 6088 1078 6088 1078 6089 2538 6089 1080 6089 1067 6090 2551 6090 2549 6090 1066 6091 2551 6091 1067 6091 1024 6092 1022 6092 3244 6092 1080 6093 2537 6093 1082 6093 2538 6094 2537 6094 1080 6094 1082 6095 2537 6095 1319 6095 1066 6096 2552 6096 2551 6096 3557 6097 2552 6097 1066 6097 1022 6098 1020 6098 3244 6098 3501 6099 2535 6099 2754 6099 2537 6100 2535 6100 1319 6100 1319 6101 2535 6101 1317 6101 1317 6102 2535 6102 3501 6102 3557 6103 2554 6103 2552 6103 3558 6104 2554 6104 3557 6104 1020 6105 1017 6105 3244 6105 1017 6106 1016 6106 3244 6106 3558 6107 2557 6107 2554 6107 3559 6108 2557 6108 3558 6108 3559 6109 2782 6109 2557 6109 3560 6110 2782 6110 3559 6110 3560 6111 2784 6111 2782 6111 3561 6112 2784 6112 3562 6112 3562 6113 2784 6113 3560 6113 3561 6114 2786 6114 2784 6114 3563 6115 2786 6115 3561 6115 3563 6116 2788 6116 2786 6116 3564 6117 2788 6117 3563 6117 3564 6118 2790 6118 2788 6118 3565 6119 2790 6119 3564 6119 3565 6120 2792 6120 2790 6120 3566 6121 2792 6121 3565 6121 3567 6122 2794 6122 3566 6122 3566 6123 2794 6123 2792 6123 3468 6124 2796 6124 3556 6124 3567 6125 2796 6125 2794 6125 3556 6126 2796 6126 3567 6126 3468 6127 2798 6127 2796 6127 3468 6128 2800 6128 2798 6128 3468 6129 2802 6129 2800 6129 2535 6130 2492 6130 2754 6130 2754 6131 2492 6131 2696 6131 2492 6132 2491 6132 2696 6132 1064 6133 2491 6133 3568 6133 2696 6134 2491 6134 2698 6134 2698 6135 2491 6135 1064 6135 2535 6136 2494 6136 2492 6136 2533 6137 2494 6137 2535 6137 3568 6138 2489 6138 3569 6138 2491 6139 2489 6139 3568 6139 2533 6140 2497 6140 2494 6140 2530 6141 2497 6141 2533 6141 2489 6142 2486 6142 3569 6142 3569 6143 2486 6143 3570 6143 2530 6144 2499 6144 2497 6144 2529 6145 2499 6145 2530 6145 2486 6146 2485 6146 3570 6146 3570 6147 2485 6147 3571 6147 2529 6148 2500 6148 2499 6148 2526 6149 2500 6149 2529 6149 2485 6150 2483 6150 3571 6150 3571 6151 2483 6151 3572 6151 2526 6152 2502 6152 2500 6152 2525 6153 2502 6153 2526 6153 3572 6154 2481 6154 3573 6154 2483 6155 2481 6155 3572 6155 2525 6156 2505 6156 2502 6156 2523 6157 2505 6157 2525 6157 3573 6158 2478 6158 3574 6158 2481 6159 2478 6159 3573 6159 2523 6160 2830 6160 2505 6160 2521 6161 2830 6161 2523 6161 3574 6162 2477 6162 3575 6162 2478 6163 2477 6163 3574 6163 2521 6164 2832 6164 2830 6164 2519 6165 2832 6165 2521 6165 2477 6166 2474 6166 3575 6166 3575 6167 2474 6167 3576 6167 3576 6168 2474 6168 3577 6168 2517 6169 2834 6169 2519 6169 2519 6170 2834 6170 2832 6170 3577 6171 2473 6171 3578 6171 2474 6172 2473 6172 3577 6172 2515 6173 2836 6173 2517 6173 2517 6174 2836 6174 2834 6174 2473 6175 2471 6175 3578 6175 3578 6176 2471 6176 3579 6176 2513 6177 2838 6177 2515 6177 2515 6178 2838 6178 2836 6178 2471 6179 2469 6179 3579 6179 3579 6180 2469 6180 3580 6180 2513 6181 2840 6181 2838 6181 2511 6182 2840 6182 2513 6182 3580 6183 2467 6183 3581 6183 2469 6184 2467 6184 3580 6184 2511 6185 2842 6185 2840 6185 2509 6186 2842 6186 2511 6186 3581 6187 2465 6187 3582 6187 2467 6188 2465 6188 3581 6188 2507 6189 2844 6189 2509 6189 2509 6190 2844 6190 2842 6190 3582 6191 2463 6191 3583 6191 2465 6192 2463 6192 3582 6192 2507 6193 2846 6193 2844 6193 2829 6194 2846 6194 2507 6194 3583 6195 2461 6195 3584 6195 2463 6196 2461 6196 3583 6196 2829 6197 2848 6197 2846 6197 2826 6198 2848 6198 2829 6198 3584 6199 2459 6199 3585 6199 2461 6200 2459 6200 3584 6200 2826 6201 2850 6201 2848 6201 2824 6202 2850 6202 2826 6202 3585 6203 2457 6203 3586 6203 2459 6204 2457 6204 3585 6204 2824 6205 2852 6205 2850 6205 2822 6206 2852 6206 2824 6206 2457 6207 2455 6207 3586 6207 2822 6208 2854 6208 2852 6208 2455 6209 3250 6209 3586 6209 2854 6210 3250 6210 2856 6210 2856 6211 3250 6211 2858 6211 1016 6212 3250 6212 3244 6212 2858 6213 3250 6213 2860 6213 2860 6214 3250 6214 2862 6214 2862 6215 3250 6215 2864 6215 2864 6216 3250 6216 2866 6216 2866 6217 3250 6217 2868 6217 2868 6218 3250 6218 2870 6218 2870 6219 3250 6219 2872 6219 2872 6220 3250 6220 2874 6220 2874 6221 3250 6221 2877 6221 3586 6222 3250 6222 3587 6222 2877 6223 3250 6223 2455 6223 3587 6224 3250 6224 3588 6224 3588 6225 3250 6225 3589 6225 3589 6226 3250 6226 3590 6226 3590 6227 3250 6227 1016 6227 2806 6228 3250 6228 2808 6228 2808 6229 3250 6229 2810 6229 2810 6230 3250 6230 2812 6230 2812 6231 3250 6231 2814 6231 2814 6232 3250 6232 2816 6232 2816 6233 3250 6233 2818 6233 2818 6234 3250 6234 2820 6234 2820 6235 3250 6235 2822 6235 2822 6236 3250 6236 2854 6236 3468 6237 3250 6237 2804 6237 3468 6238 2804 6238 2802 6238 2804 6239 3250 6239 2806 6239 3472 6240 3468 6240 2094 6240 2676 6241 2677 6241 3171 6241 3591 6242 2676 6242 3171 6242 3592 6243 3171 6243 3177 6243 3592 6244 3591 6244 3171 6244 3593 6245 3177 6245 3185 6245 3593 6246 3592 6246 3177 6246 3594 6247 3185 6247 3188 6247 3594 6248 3593 6248 3185 6248 3595 6249 3188 6249 3189 6249 3595 6250 3594 6250 3188 6250 3596 6251 3189 6251 3191 6251 3596 6252 3595 6252 3189 6252 3597 6253 3191 6253 3192 6253 3597 6254 3596 6254 3191 6254 3598 6255 3192 6255 3195 6255 3598 6256 3597 6256 3192 6256 3599 6257 3195 6257 3197 6257 3599 6258 3598 6258 3195 6258 3600 6259 3197 6259 3198 6259 3600 6260 3599 6260 3197 6260 3601 6261 3198 6261 3200 6261 3601 6262 3600 6262 3198 6262 3602 6263 3200 6263 3202 6263 3602 6264 3601 6264 3200 6264 3245 6265 3202 6265 3205 6265 3245 6266 3602 6266 3202 6266 2684 6267 2685 6267 3060 6267 3603 6268 3060 6268 3057 6268 3603 6269 2684 6269 3060 6269 3604 6270 3057 6270 3053 6270 3604 6271 3603 6271 3057 6271 3605 6272 3053 6272 3051 6272 3605 6273 3604 6273 3053 6273 3606 6274 3051 6274 3047 6274 3606 6275 3605 6275 3051 6275 3607 6276 3047 6276 3044 6276 3607 6277 3606 6277 3047 6277 3608 6278 3044 6278 3045 6278 3608 6279 3607 6279 3044 6279 3609 6280 3045 6280 3046 6280 3609 6281 3608 6281 3045 6281 3610 6282 3046 6282 3048 6282 3610 6283 3609 6283 3046 6283 3611 6284 3610 6284 3048 6284 3612 6285 3052 6285 3055 6285 3612 6286 3048 6286 3052 6286 3612 6287 3611 6287 3048 6287 3613 6288 3055 6288 3058 6288 3613 6289 3612 6289 3055 6289 3614 6290 3058 6290 2678 6290 3614 6291 3613 6291 3058 6291 2680 6292 3614 6292 2678 6292 3615 6293 3107 6293 3106 6293 3615 6294 3616 6294 3107 6294 3617 6295 3106 6295 3096 6295 3617 6296 3615 6296 3106 6296 3618 6297 3096 6297 3090 6297 3618 6298 3617 6298 3096 6298 3619 6299 3086 6299 3081 6299 3619 6300 3090 6300 3086 6300 3619 6301 3618 6301 3090 6301 3620 6302 3081 6302 3076 6302 3620 6303 3619 6303 3081 6303 3621 6304 3620 6304 3076 6304 3622 6305 3073 6305 3079 6305 3622 6306 3076 6306 3073 6306 3622 6307 3621 6307 3076 6307 3623 6308 3622 6308 3079 6308 2235 6309 3608 6309 3609 6309 2238 6310 2235 6310 3609 6310 2238 6311 3609 6311 3610 6311 2233 6312 3607 6312 3608 6312 2233 6313 3608 6313 2235 6313 2239 6314 3610 6314 3611 6314 2239 6315 2238 6315 3610 6315 2231 6316 3606 6316 3607 6316 2231 6317 3607 6317 2233 6317 2242 6318 3611 6318 3612 6318 2242 6319 2239 6319 3611 6319 2229 6320 3605 6320 3606 6320 2229 6321 3606 6321 2231 6321 2243 6322 2242 6322 3612 6322 2243 6323 3612 6323 3613 6323 2227 6324 3604 6324 3605 6324 2227 6325 3605 6325 2229 6325 2245 6326 3613 6326 3614 6326 2245 6327 2243 6327 3613 6327 2224 6328 3603 6328 3604 6328 2224 6329 3604 6329 2227 6329 2247 6330 3614 6330 2680 6330 2247 6331 2245 6331 3614 6331 2223 6332 2684 6332 3603 6332 2223 6333 3603 6333 2224 6333 2249 6334 2247 6334 2680 6334 3624 6335 2684 6335 2223 6335 2251 6336 2249 6336 2680 6336 3625 6337 2684 6337 3624 6337 2254 6338 2251 6338 2680 6338 3626 6339 2684 6339 3625 6339 2255 6340 2254 6340 2680 6340 3627 6341 2684 6341 3626 6341 2258 6342 2255 6342 2680 6342 2259 6343 2258 6343 2680 6343 2682 6344 2684 6344 3627 6344 2682 6345 3628 6345 3629 6345 2682 6346 3630 6346 3628 6346 2682 6347 3627 6347 3630 6347 3631 6348 2682 6348 3629 6348 3632 6349 2682 6349 3631 6349 3633 6350 2682 6350 3632 6350 3634 6351 2682 6351 3633 6351 3634 6352 3635 6352 3636 6352 3634 6353 3637 6353 3635 6353 3634 6354 3638 6354 3637 6354 3634 6355 3639 6355 3638 6355 3634 6356 3640 6356 3639 6356 3634 6357 3633 6357 3640 6357 2681 6358 2261 6358 2259 6358 2681 6359 2263 6359 2261 6359 2681 6360 2266 6360 2263 6360 2681 6361 2267 6361 2266 6361 2681 6362 2270 6362 2267 6362 2681 6363 2259 6363 2680 6363 3641 6364 3634 6364 3636 6364 3641 6365 3642 6365 3643 6365 3641 6366 3636 6366 3642 6366 3644 6367 3641 6367 3643 6367 3644 6368 3643 6368 3645 6368 3646 6369 3644 6369 3645 6369 3646 6370 3647 6370 3648 6370 3646 6371 3645 6371 3647 6371 3649 6372 3646 6372 3648 6372 3649 6373 3648 6373 3650 6373 3651 6374 3649 6374 3650 6374 3651 6375 3650 6375 3652 6375 2158 6376 3621 6376 3622 6376 2160 6377 2158 6377 3622 6377 2160 6378 3622 6378 3623 6378 2156 6379 3621 6379 2158 6379 2156 6380 3620 6380 3621 6380 2163 6381 3623 6381 3653 6381 2163 6382 3653 6382 3654 6382 2163 6383 3654 6383 3655 6383 2163 6384 3655 6384 3656 6384 2163 6385 3656 6385 3657 6385 2163 6386 2160 6386 3623 6386 2154 6387 3619 6387 3620 6387 2154 6388 3620 6388 2156 6388 2164 6389 2163 6389 3657 6389 2153 6390 3618 6390 3619 6390 2153 6391 3619 6391 2154 6391 2166 6392 2164 6392 3657 6392 2150 6393 3618 6393 2153 6393 2150 6394 3617 6394 3618 6394 2168 6395 2166 6395 3657 6395 2147 6396 3615 6396 3617 6396 2147 6397 3617 6397 2150 6397 2171 6398 2168 6398 3657 6398 2146 6399 3616 6399 3615 6399 2146 6400 3615 6400 2147 6400 2172 6401 2171 6401 3657 6401 3658 6402 3616 6402 2146 6402 3658 6403 3659 6403 3616 6403 2174 6404 2172 6404 3657 6404 3660 6405 3659 6405 3658 6405 3660 6406 3661 6406 3659 6406 3662 6407 2271 6407 2270 6407 3662 6408 2274 6408 2271 6408 3662 6409 2270 6409 2681 6409 3662 6410 3663 6410 2274 6410 3662 6411 3652 6411 3663 6411 2177 6412 2174 6412 3657 6412 3664 6413 3661 6413 3660 6413 3665 6414 3666 6414 3651 6414 3665 6415 3651 6415 3652 6415 3665 6416 3652 6416 3662 6416 3667 6417 3661 6417 3664 6417 3667 6418 3668 6418 3661 6418 3669 6419 3668 6419 3667 6419 3669 6420 3670 6420 3668 6420 3671 6421 3672 6421 3666 6421 3671 6422 3666 6422 3665 6422 3673 6423 3670 6423 3669 6423 3674 6424 3670 6424 3673 6424 3674 6425 3675 6425 3670 6425 3676 6426 3677 6426 3672 6426 3676 6427 3672 6427 3671 6427 3678 6428 3675 6428 3674 6428 3678 6429 3679 6429 3675 6429 3680 6430 3679 6430 3678 6430 3681 6431 3682 6431 3677 6431 3681 6432 3677 6432 3676 6432 3683 6433 2177 6433 3657 6433 3683 6434 2178 6434 2177 6434 3683 6435 2180 6435 2178 6435 3683 6436 2182 6436 2180 6436 3683 6437 2184 6437 2182 6437 3683 6438 2186 6438 2184 6438 3683 6439 2188 6439 2186 6439 3683 6440 2190 6440 2188 6440 3684 6441 3679 6441 3680 6441 3684 6442 3685 6442 3679 6442 2192 6443 2190 6443 3683 6443 3686 6444 3685 6444 3684 6444 3686 6445 3687 6445 3685 6445 2194 6446 2192 6446 3683 6446 3688 6447 3689 6447 3682 6447 3688 6448 3682 6448 3681 6448 3690 6449 3687 6449 3686 6449 3690 6450 3691 6450 3687 6450 2196 6451 3683 6451 3692 6451 2196 6452 2194 6452 3683 6452 3693 6453 3691 6453 3690 6453 3693 6454 3694 6454 3691 6454 3695 6455 3692 6455 3696 6455 3695 6456 2196 6456 3692 6456 3697 6457 3695 6457 3696 6457 3698 6458 3697 6458 3696 6458 3699 6459 3700 6459 3689 6459 3699 6460 3689 6460 3688 6460 3701 6461 3697 6461 3698 6461 3702 6462 3701 6462 3698 6462 3703 6463 3701 6463 3702 6463 3704 6464 3705 6464 3700 6464 3704 6465 3700 6465 3699 6465 3706 6466 3707 6466 3705 6466 3706 6467 3705 6467 3704 6467 3708 6468 3709 6468 3707 6468 3708 6469 3707 6469 3706 6469 3710 6470 3711 6470 3709 6470 3710 6471 3709 6471 3708 6471 3712 6472 3713 6472 3711 6472 3712 6473 3711 6473 3710 6473 3714 6474 3715 6474 3713 6474 3714 6475 3713 6475 3712 6475 2676 6476 3716 6476 2674 6476 3717 6477 3715 6477 3714 6477 3592 6478 2676 6478 3591 6478 3595 6479 3593 6479 3594 6479 3595 6480 3592 6480 3593 6480 3596 6481 3592 6481 3595 6481 3596 6482 2676 6482 3592 6482 3597 6483 2676 6483 3596 6483 3599 6484 3597 6484 3598 6484 3601 6485 3597 6485 3599 6485 3601 6486 3599 6486 3600 6486 3602 6487 3597 6487 3601 6487 3245 6488 2676 6488 3597 6488 3245 6489 3597 6489 3602 6489 3245 6490 3718 6490 3719 6490 3245 6491 3719 6491 3720 6491 3245 6492 3720 6492 3721 6492 3245 6493 3721 6493 3722 6493 3245 6494 3722 6494 3716 6494 3245 6495 3716 6495 2676 6495 3246 6496 3702 6496 3723 6496 3246 6497 3723 6497 3724 6497 3246 6498 3724 6498 3725 6498 3246 6499 3725 6499 3715 6499 3246 6500 3726 6500 3703 6500 3246 6501 3727 6501 3726 6501 3246 6502 3728 6502 3727 6502 3246 6503 3729 6503 3728 6503 3246 6504 3718 6504 3245 6504 3246 6505 3703 6505 3702 6505 3246 6506 3717 6506 3730 6506 3246 6507 3730 6507 3731 6507 3246 6508 3731 6508 3732 6508 3246 6509 3732 6509 3733 6509 3246 6510 3733 6510 3734 6510 3246 6511 3734 6511 3735 6511 3246 6512 3735 6512 3718 6512 3246 6513 3715 6513 3717 6513 3246 6514 3736 6514 3737 6514 3246 6515 3737 6515 3738 6515 3246 6516 3738 6516 3694 6516 3246 6517 3694 6517 3693 6517 3246 6518 3693 6518 3739 6518 3246 6519 3739 6519 3740 6519 3246 6520 3740 6520 3741 6520 3246 6521 3741 6521 3729 6521 3742 6522 3743 6522 2277 6522 3743 6523 3744 6523 2277 6523 3744 6524 3745 6524 2277 6524 3746 6525 3747 6525 2273 6525 3748 6526 3747 6526 3746 6526 3749 6527 3747 6527 3748 6527 2273 6528 3747 6528 2277 6528 2277 6529 3747 6529 3742 6529 3745 6530 3750 6530 2277 6530 3751 6531 3752 6531 3749 6531 3753 6532 3752 6532 3751 6532 3749 6533 3752 6533 3747 6533 3747 6534 3752 6534 3742 6534 3742 6535 3752 6535 3743 6535 3750 6536 3754 6536 2277 6536 3755 6537 3756 6537 3753 6537 3757 6538 3756 6538 3755 6538 3752 6539 3756 6539 3743 6539 3753 6540 3756 6540 3752 6540 3743 6541 3756 6541 3744 6541 3754 6542 3758 6542 2277 6542 3759 6543 3760 6543 3757 6543 3761 6544 3760 6544 3759 6544 3744 6545 3760 6545 3745 6545 3757 6546 3760 6546 3756 6546 3756 6547 3760 6547 3744 6547 3758 6548 3762 6548 2277 6548 3763 6549 3764 6549 3761 6549 3765 6550 3764 6550 3763 6550 3761 6551 3764 6551 3760 6551 3745 6552 3764 6552 3750 6552 3760 6553 3764 6553 3745 6553 3762 6554 3766 6554 2277 6554 3767 6555 3768 6555 3765 6555 3765 6556 3768 6556 3764 6556 3750 6557 3768 6557 3754 6557 3764 6558 3768 6558 3750 6558 3766 6559 3769 6559 2277 6559 3770 6560 3771 6560 3767 6560 3772 6561 3771 6561 3770 6561 3767 6562 3771 6562 3768 6562 3754 6563 3771 6563 3758 6563 3758 6564 3771 6564 3762 6564 3768 6565 3771 6565 3754 6565 3769 6566 3773 6566 2277 6566 3771 6567 3774 6567 3762 6567 3775 6568 3774 6568 3772 6568 3776 6569 3774 6569 3775 6569 3772 6570 3774 6570 3771 6570 3773 6571 3777 6571 2277 6571 3766 6572 3778 6572 3769 6572 3779 6573 3778 6573 3776 6573 3780 6574 3778 6574 3779 6574 3774 6575 3778 6575 3762 6575 3776 6576 3778 6576 3774 6576 3762 6577 3778 6577 3766 6577 3778 6578 3781 6578 3769 6578 3782 6579 3781 6579 3780 6579 3783 6580 3781 6580 3782 6580 3780 6581 3781 6581 3778 6581 3769 6582 3784 6582 3773 6582 3785 6583 3784 6583 3783 6583 3786 6584 3784 6584 3785 6584 3781 6585 3784 6585 3769 6585 3783 6586 3784 6586 3781 6586 3773 6587 3787 6587 3777 6587 3786 6588 3787 6588 3784 6588 3788 6589 3787 6589 3786 6589 3789 6590 3787 6590 3788 6590 2225 6591 3787 6591 3789 6591 2277 6592 3787 6592 2225 6592 3777 6593 3787 6593 2277 6593 3784 6594 3787 6594 3773 6594 2274 6595 3663 6595 2273 6595 2273 6596 3663 6596 3746 6596 3746 6597 3652 6597 3748 6597 3748 6598 3652 6598 3749 6598 3663 6599 3652 6599 3746 6599 3652 6600 3650 6600 3749 6600 3749 6601 3648 6601 3751 6601 3751 6602 3648 6602 3753 6602 3650 6603 3648 6603 3749 6603 3648 6604 3647 6604 3753 6604 3753 6605 3645 6605 3755 6605 3647 6606 3645 6606 3753 6606 3755 6607 3643 6607 3757 6607 3757 6608 3643 6608 3759 6608 3645 6609 3643 6609 3755 6609 3643 6610 3642 6610 3759 6610 3759 6611 3636 6611 3761 6611 3761 6612 3636 6612 3763 6612 3642 6613 3636 6613 3759 6613 3636 6614 3635 6614 3763 6614 3635 6615 3637 6615 3763 6615 3763 6616 3637 6616 3765 6616 3637 6617 3638 6617 3765 6617 3765 6618 3638 6618 3767 6618 3638 6619 3639 6619 3767 6619 3767 6620 3639 6620 3770 6620 3639 6621 3640 6621 3770 6621 3770 6622 3640 6622 3772 6622 3640 6623 3633 6623 3772 6623 3772 6624 3633 6624 3775 6624 3633 6625 3632 6625 3775 6625 3775 6626 3632 6626 3776 6626 3632 6627 3631 6627 3776 6627 3776 6628 3631 6628 3779 6628 3631 6629 3629 6629 3779 6629 3779 6630 3629 6630 3780 6630 3629 6631 3628 6631 3780 6631 3780 6632 3628 6632 3782 6632 3782 6633 3628 6633 3783 6633 3628 6634 3630 6634 3783 6634 3630 6635 3627 6635 3783 6635 3783 6636 3627 6636 3785 6636 3785 6637 3627 6637 3786 6637 3627 6638 3626 6638 3786 6638 3786 6639 3626 6639 3788 6639 3626 6640 3625 6640 3788 6640 3788 6641 3624 6641 3789 6641 3625 6642 3624 6642 3788 6642 3789 6643 2223 6643 2225 6643 3624 6644 2223 6644 3789 6644 3790 6645 3791 6645 2200 6645 3791 6646 3792 6646 2200 6646 3792 6647 3793 6647 2200 6647 3794 6648 3795 6648 2197 6648 3796 6649 3795 6649 3794 6649 3797 6650 3795 6650 3796 6650 2197 6651 3795 6651 2200 6651 2200 6652 3795 6652 3790 6652 3793 6653 3798 6653 2200 6653 3799 6654 3800 6654 3797 6654 3801 6655 3800 6655 3799 6655 3797 6656 3800 6656 3795 6656 3795 6657 3800 6657 3790 6657 3790 6658 3800 6658 3791 6658 3798 6659 3802 6659 2200 6659 3803 6660 3804 6660 3801 6660 3805 6661 3804 6661 3803 6661 3800 6662 3804 6662 3791 6662 3801 6663 3804 6663 3800 6663 3791 6664 3804 6664 3792 6664 3802 6665 3806 6665 2200 6665 3807 6666 3808 6666 3805 6666 3809 6667 3808 6667 3807 6667 3792 6668 3808 6668 3793 6668 3805 6669 3808 6669 3804 6669 3804 6670 3808 6670 3792 6670 3806 6671 3810 6671 2200 6671 3811 6672 3812 6672 3809 6672 3813 6673 3812 6673 3811 6673 3793 6674 3812 6674 3798 6674 3808 6675 3812 6675 3793 6675 3809 6676 3812 6676 3808 6676 3798 6677 3812 6677 3802 6677 3810 6678 3814 6678 2200 6678 3815 6679 3816 6679 3813 6679 3817 6680 3816 6680 3815 6680 3813 6681 3816 6681 3812 6681 3812 6682 3816 6682 3802 6682 3814 6683 3818 6683 2200 6683 3819 6684 3820 6684 3817 6684 3802 6685 3820 6685 3806 6685 3817 6686 3820 6686 3816 6686 3806 6687 3820 6687 3810 6687 3816 6688 3820 6688 3802 6688 3818 6689 3821 6689 2200 6689 3820 6690 3822 6690 3810 6690 3823 6691 3822 6691 3819 6691 3824 6692 3822 6692 3823 6692 3819 6693 3822 6693 3820 6693 3821 6694 3825 6694 2200 6694 3826 6695 3827 6695 3824 6695 3828 6696 3827 6696 3826 6696 3822 6697 3827 6697 3810 6697 3810 6698 3827 6698 3814 6698 3824 6699 3827 6699 3822 6699 3814 6700 3829 6700 3818 6700 3818 6701 3829 6701 3821 6701 3830 6702 3829 6702 3828 6702 3831 6703 3829 6703 3830 6703 3827 6704 3829 6704 3814 6704 3828 6705 3829 6705 3827 6705 3832 6706 3833 6706 3831 6706 3834 6707 3833 6707 3832 6707 3831 6708 3833 6708 3829 6708 3829 6709 3833 6709 3821 6709 3821 6710 3835 6710 3825 6710 3836 6711 3835 6711 3834 6711 3837 6712 3835 6712 3836 6712 2148 6713 3835 6713 3837 6713 2200 6714 3835 6714 2148 6714 3834 6715 3835 6715 3833 6715 3825 6716 3835 6716 2200 6716 3833 6717 3835 6717 3821 6717 2196 6718 3695 6718 2197 6718 2197 6719 3695 6719 3794 6719 3794 6720 3695 6720 3796 6720 3796 6721 3697 6721 3797 6721 3695 6722 3697 6722 3796 6722 3697 6723 3701 6723 3797 6723 3797 6724 3703 6724 3799 6724 3701 6725 3703 6725 3797 6725 3799 6726 3726 6726 3801 6726 3703 6727 3726 6727 3799 6727 3801 6728 3727 6728 3803 6728 3726 6729 3727 6729 3801 6729 3803 6730 3728 6730 3805 6730 3727 6731 3728 6731 3803 6731 3805 6732 3729 6732 3807 6732 3807 6733 3729 6733 3809 6733 3728 6734 3729 6734 3805 6734 3809 6735 3741 6735 3811 6735 3729 6736 3741 6736 3809 6736 3741 6737 3740 6737 3811 6737 3740 6738 3739 6738 3811 6738 3811 6739 3739 6739 3813 6739 3739 6740 3693 6740 3813 6740 3813 6741 3693 6741 3815 6741 3693 6742 3690 6742 3815 6742 3815 6743 3690 6743 3817 6743 3690 6744 3686 6744 3817 6744 3817 6745 3686 6745 3819 6745 3686 6746 3684 6746 3819 6746 3819 6747 3684 6747 3823 6747 3684 6748 3680 6748 3823 6748 3823 6749 3680 6749 3824 6749 3824 6750 3680 6750 3826 6750 3680 6751 3678 6751 3826 6751 3678 6752 3674 6752 3826 6752 3826 6753 3674 6753 3828 6753 3674 6754 3673 6754 3828 6754 3828 6755 3673 6755 3830 6755 3673 6756 3669 6756 3830 6756 3830 6757 3669 6757 3831 6757 3669 6758 3667 6758 3831 6758 3831 6759 3667 6759 3832 6759 3667 6760 3664 6760 3832 6760 3832 6761 3664 6761 3834 6761 3664 6762 3660 6762 3834 6762 3834 6763 3660 6763 3836 6763 3836 6764 3658 6764 3837 6764 3660 6765 3658 6765 3836 6765 3837 6766 3658 6766 2148 6766 3658 6767 2146 6767 2148 6767 2145 6768 2955 6768 2144 6768 2144 6769 2955 6769 3517 6769 3517 6770 2953 6770 3516 6770 2955 6771 2953 6771 3517 6771 3516 6772 2952 6772 3515 6772 3515 6773 2952 6773 3514 6773 2953 6774 2952 6774 3516 6774 3514 6775 2950 6775 3512 6775 2952 6776 2950 6776 3514 6776 2950 6777 2947 6777 3512 6777 3512 6778 2946 6778 3509 6778 2947 6779 2946 6779 3512 6779 3509 6780 2944 6780 3507 6780 2946 6781 2944 6781 3509 6781 3507 6782 2941 6782 3505 6782 3505 6783 2941 6783 3503 6783 2944 6784 2941 6784 3507 6784 2941 6785 2940 6785 3503 6785 3503 6786 2936 6786 3500 6786 3500 6787 2936 6787 3498 6787 2940 6788 2936 6788 3503 6788 2936 6789 2935 6789 3498 6789 2935 6790 2933 6790 3498 6790 3498 6791 2933 6791 3496 6791 2933 6792 2930 6792 3496 6792 3496 6793 2930 6793 3495 6793 2930 6794 2929 6794 3495 6794 3495 6795 2929 6795 3494 6795 3494 6796 2929 6796 3497 6796 2929 6797 2928 6797 3497 6797 2928 6798 2927 6798 3497 6798 3497 6799 2927 6799 3499 6799 2927 6800 2931 6800 3499 6800 3499 6801 2931 6801 3502 6801 2931 6802 2932 6802 3502 6802 3502 6803 2932 6803 3504 6803 2932 6804 2934 6804 3504 6804 3504 6805 2934 6805 3506 6805 2934 6806 2938 6806 3506 6806 3506 6807 2938 6807 3508 6807 2938 6808 2939 6808 3508 6808 3508 6809 2939 6809 3511 6809 2939 6810 2942 6810 3511 6810 3511 6811 2942 6811 3520 6811 2942 6812 2945 6812 3520 6812 3520 6813 2945 6813 3521 6813 3521 6814 2949 6814 3522 6814 2945 6815 2949 6815 3521 6815 3522 6816 2949 6816 2094 6816 2949 6817 2095 6817 2094 6817 3470 6818 3240 6818 3242 6818 3470 6819 3242 6819 3471 6819 2893 6820 3469 6820 3368 6820 2879 6821 2893 6821 3368 6821 3243 6822 3368 6822 3469 6822 3241 6823 3368 6823 3243 6823 1978 6824 1976 6824 3242 6824 3242 6825 1981 6825 1978 6825 1976 6826 1974 6826 3242 6826 3242 6827 1982 6827 1981 6827 1974 6828 1972 6828 3242 6828 3242 6829 1985 6829 1982 6829 1972 6830 1970 6830 3242 6830 3242 6831 1986 6831 1985 6831 1970 6832 1968 6832 3242 6832 3242 6833 1988 6833 1986 6833 1968 6834 1966 6834 3242 6834 3242 6835 1990 6835 1988 6835 1966 6836 1964 6836 3242 6836 1964 6837 1962 6837 3242 6837 1962 6838 1960 6838 3242 6838 1990 6839 3243 6839 3838 6839 3838 6840 3243 6840 3839 6840 3839 6841 3243 6841 3840 6841 3840 6842 3243 6842 3841 6842 3841 6843 3243 6843 3842 6843 3842 6844 3243 6844 3843 6844 3843 6845 3243 6845 3844 6845 3844 6846 3243 6846 3845 6846 3845 6847 3243 6847 3846 6847 3242 6848 3243 6848 1990 6848 3243 6849 3847 6849 3846 6849 3243 6850 3848 6850 3847 6850 3243 6851 3849 6851 3848 6851 3243 6852 3850 6852 3849 6852 3243 6853 3851 6853 3850 6853 3243 6854 3852 6854 3851 6854 1951 6855 1593 6855 1952 6855 1952 6856 1591 6856 1955 6856 1593 6857 1591 6857 1952 6857 1951 6858 1596 6858 1593 6858 1955 6859 1589 6859 1956 6859 1591 6860 1589 6860 1955 6860 1948 6861 1597 6861 1951 6861 1951 6862 1597 6862 1596 6862 1956 6863 1587 6863 1959 6863 1589 6864 1587 6864 1956 6864 1948 6865 1600 6865 1597 6865 1946 6866 1600 6866 1948 6866 1959 6867 1585 6867 1960 6867 1587 6868 1585 6868 1959 6868 1960 6869 1585 6869 3242 6869 1941 6870 1601 6870 1944 6870 1944 6871 1601 6871 1946 6871 1946 6872 1601 6872 1600 6872 1585 6873 1583 6873 3242 6873 1941 6874 1603 6874 1601 6874 1583 6875 1581 6875 3242 6875 1940 6876 1605 6876 1941 6876 1941 6877 1605 6877 1603 6877 1581 6878 1579 6878 3242 6878 1940 6879 3853 6879 1605 6879 3854 6880 3853 6880 3855 6880 3855 6881 3853 6881 1940 6881 3854 6882 3856 6882 3853 6882 3857 6883 3858 6883 3854 6883 3854 6884 3858 6884 3856 6884 3857 6885 3859 6885 3858 6885 3860 6886 3859 6886 3857 6886 3861 6887 3862 6887 3863 6887 3863 6888 3862 6888 3860 6888 3860 6889 3862 6889 3859 6889 3864 6890 3865 6890 3861 6890 3861 6891 3865 6891 3862 6891 3864 6892 3866 6892 3865 6892 3867 6893 3866 6893 3864 6893 3867 6894 3868 6894 3866 6894 3867 6895 3869 6895 3868 6895 3870 6896 3869 6896 3867 6896 3870 6897 3871 6897 3869 6897 3243 6898 3871 6898 3852 6898 3852 6899 3871 6899 3870 6899 3243 6900 3872 6900 3871 6900 3243 6901 3873 6901 3872 6901 1516 6902 1514 6902 1567 6902 1567 6903 1514 6903 1570 6903 1567 6904 1518 6904 1516 6904 1566 6905 1518 6905 1567 6905 1514 6906 1512 6906 1570 6906 1570 6907 1512 6907 1571 6907 1566 6908 1520 6908 1518 6908 1563 6909 1520 6909 1566 6909 1571 6910 1510 6910 1574 6910 1512 6911 1510 6911 1571 6911 1563 6912 1523 6912 1520 6912 1559 6913 1523 6913 1561 6913 1561 6914 1523 6914 1563 6914 1510 6915 1508 6915 1574 6915 1574 6916 1508 6916 1575 6916 1559 6917 1524 6917 1523 6917 1575 6918 1506 6918 1577 6918 1508 6919 1506 6919 1575 6919 1556 6920 1526 6920 1559 6920 1559 6921 1526 6921 1524 6921 1577 6922 1504 6922 1579 6922 1506 6923 1504 6923 1577 6923 1579 6924 1504 6924 3242 6924 1556 6925 1529 6925 1526 6925 1555 6926 1529 6926 1556 6926 1504 6927 1502 6927 3242 6927 3874 6928 3875 6928 1555 6928 1555 6929 3875 6929 1529 6929 3876 6930 3877 6930 3874 6930 3874 6931 3877 6931 3875 6931 3878 6932 3879 6932 3876 6932 3876 6933 3879 6933 3877 6933 3878 6934 3880 6934 3879 6934 3881 6935 3880 6935 3878 6935 3881 6936 3882 6936 3880 6936 3883 6937 3882 6937 3884 6937 3884 6938 3882 6938 3881 6938 3883 6939 3885 6939 3882 6939 3883 6940 3886 6940 3885 6940 3887 6941 3886 6941 3883 6941 3887 6942 3888 6942 3886 6942 3889 6943 3888 6943 3887 6943 3889 6944 3890 6944 3888 6944 3891 6945 3890 6945 3889 6945 3891 6946 3892 6946 3890 6946 3893 6947 3892 6947 3891 6947 3893 6948 3894 6948 3892 6948 3895 6949 3894 6949 3893 6949 1488 6950 1439 6950 1490 6950 1490 6951 1437 6951 1492 6951 1439 6952 1437 6952 1490 6952 1488 6953 1442 6953 1439 6953 1492 6954 1435 6954 1495 6954 1495 6955 1435 6955 1496 6955 1437 6956 1435 6956 1492 6956 1487 6957 1443 6957 1488 6957 1488 6958 1443 6958 1442 6958 1435 6959 1433 6959 1496 6959 1482 6960 1446 6960 1484 6960 1484 6961 1446 6961 1487 6961 1487 6962 1446 6962 1443 6962 1496 6963 1431 6963 1498 6963 1433 6964 1431 6964 1496 6964 1482 6965 1447 6965 1446 6965 1498 6966 1429 6966 1500 6966 1431 6967 1429 6967 1498 6967 1479 6968 1449 6968 1482 6968 1482 6969 1449 6969 1447 6969 1500 6970 1427 6970 1502 6970 1429 6971 1427 6971 1500 6971 1478 6972 1451 6972 1479 6972 1479 6973 1451 6973 1449 6973 1478 6974 3896 6974 1451 6974 3897 6975 3896 6975 1478 6975 3898 6976 3899 6976 3897 6976 3897 6977 3899 6977 3896 6977 3900 6978 3901 6978 3898 6978 3898 6979 3901 6979 3899 6979 3902 6980 3903 6980 3900 6980 3900 6981 3903 6981 3901 6981 3904 6982 3905 6982 3902 6982 3902 6983 3905 6983 3903 6983 3906 6984 3907 6984 3908 6984 3908 6985 3907 6985 3904 6985 3904 6986 3907 6986 3905 6986 3906 6987 3909 6987 3907 6987 3906 6988 3910 6988 3909 6988 3911 6989 3910 6989 3912 6989 3912 6990 3910 6990 3906 6990 3911 6991 3913 6991 3910 6991 3911 6992 3914 6992 3913 6992 3915 6993 3914 6993 3916 6993 3916 6994 3914 6994 3911 6994 3915 6995 3917 6995 3914 6995 1362 6996 1360 6996 1413 6996 1413 6997 1360 6997 1416 6997 1413 6998 1365 6998 1362 6998 1412 6999 1365 6999 1413 6999 1416 7000 1358 7000 1417 7000 1360 7001 1358 7001 1416 7001 1412 7002 1366 7002 1365 7002 1409 7003 1366 7003 1412 7003 1358 7004 1356 7004 1417 7004 1417 7005 1356 7005 1420 7005 1409 7006 1369 7006 1366 7006 1405 7007 1369 7007 1407 7007 1407 7008 1369 7008 1409 7008 1356 7009 1354 7009 1420 7009 1420 7010 1354 7010 1421 7010 1405 7011 1370 7011 1369 7011 1402 7012 1370 7012 1405 7012 1402 7013 1372 7013 1370 7013 3918 7014 1374 7014 1401 7014 1401 7015 1374 7015 1402 7015 1402 7016 1374 7016 1372 7016 3918 7017 3919 7017 1374 7017 3920 7018 3921 7018 3918 7018 3918 7019 3921 7019 3919 7019 1354 7020 3471 7020 1421 7020 1344 7021 3471 7021 1346 7021 1346 7022 3471 7022 1348 7022 1348 7023 3471 7023 1350 7023 1350 7024 3471 7024 1352 7024 1352 7025 3471 7025 1354 7025 1421 7026 3471 7026 1423 7026 1423 7027 3471 7027 1425 7027 1425 7028 3471 7028 1427 7028 1427 7029 3471 7029 1502 7029 1502 7030 3471 7030 3242 7030 3922 7031 3923 7031 3920 7031 3920 7032 3923 7032 3921 7032 1344 7033 1343 7033 3471 7033 3924 7034 3925 7034 3922 7034 3922 7035 3925 7035 3923 7035 1343 7036 1340 7036 3471 7036 3924 7037 3926 7037 3925 7037 3927 7038 3926 7038 3928 7038 3928 7039 3926 7039 3924 7039 1340 7040 1339 7040 3471 7040 3927 7041 3929 7041 3926 7041 1339 7042 1336 7042 3471 7042 3927 7043 3930 7043 3929 7043 3931 7044 3930 7044 3932 7044 3932 7045 3930 7045 3927 7045 1336 7046 1335 7046 3471 7046 3931 7047 3933 7047 3930 7047 1335 7048 1332 7048 3471 7048 3931 7049 3934 7049 3933 7049 3935 7050 3934 7050 3936 7050 3936 7051 3934 7051 3931 7051 1332 7052 1330 7052 3471 7052 3935 7053 3937 7053 3934 7053 1330 7054 1328 7054 3471 7054 1328 7055 1325 7055 3471 7055 1325 7056 1324 7056 3471 7056 3935 7057 3469 7057 3937 7057 1324 7058 3469 7058 3471 7058 3937 7059 3469 7059 3938 7059 3938 7060 3469 7060 3939 7060 3939 7061 3469 7061 3940 7061 3940 7062 3469 7062 3941 7062 3941 7063 3469 7063 3942 7063 3942 7064 3469 7064 3943 7064 3943 7065 3469 7065 3944 7065 3944 7066 3469 7066 3945 7066 3945 7067 3469 7067 3946 7067 3946 7068 3469 7068 3947 7068 3947 7069 3469 7069 3948 7069 3948 7070 3469 7070 3949 7070 3949 7071 3469 7071 3950 7071 3950 7072 3469 7072 3951 7072 3951 7073 3469 7073 1324 7073 3952 7074 3469 7074 3953 7074 3953 7075 3469 7075 3935 7075 3243 7076 3469 7076 3873 7076 3873 7077 3469 7077 3954 7077 3954 7078 3469 7078 3895 7078 3895 7079 3469 7079 3955 7079 3895 7080 3955 7080 3894 7080 3955 7081 3469 7081 3956 7081 3956 7082 3469 7082 3915 7082 3915 7083 3469 7083 3917 7083 3917 7084 3469 7084 3957 7084 3957 7085 3469 7085 3952 7085 3736 7086 3246 7086 3248 7086 3467 7087 3736 7087 3248 7087 3007 7088 3101 7088 3736 7088 3007 7089 3736 7089 3467 7089 3249 7090 3466 7090 3465 7090 3249 7091 3465 7091 3247 7091 1646 7092 1644 7092 3467 7092 1642 7093 3467 7093 1644 7093 1649 7094 1646 7094 3467 7094 1641 7095 3467 7095 1642 7095 1650 7096 1649 7096 3467 7096 1638 7097 3467 7097 1641 7097 1652 7098 1650 7098 3467 7098 1636 7099 3467 7099 1638 7099 1654 7100 1652 7100 3467 7100 1633 7101 3467 7101 1636 7101 1656 7102 1654 7102 3467 7102 1632 7103 3467 7103 1633 7103 1658 7104 1656 7104 3467 7104 1660 7105 1658 7105 3467 7105 1662 7106 1660 7106 3467 7106 3465 7107 3958 7107 3959 7107 3465 7108 3960 7108 3958 7108 3465 7109 3961 7109 3960 7109 3465 7110 3962 7110 3961 7110 3465 7111 3963 7111 3962 7111 3465 7112 3964 7112 3963 7112 3465 7113 3965 7113 3964 7113 3465 7114 3966 7114 3965 7114 3465 7115 1632 7115 3966 7115 3465 7116 3467 7116 1632 7116 3967 7117 3465 7117 3959 7117 3968 7118 3465 7118 3967 7118 3969 7119 3465 7119 3968 7119 3970 7120 3465 7120 3969 7120 3971 7121 3465 7121 3970 7121 3972 7122 3465 7122 3971 7122 1721 7123 1670 7123 1668 7123 1723 7124 1721 7124 1668 7124 1719 7125 1670 7125 1721 7125 1719 7126 1672 7126 1670 7126 1726 7127 1666 7127 1664 7127 1726 7128 1668 7128 1666 7128 1726 7129 1723 7129 1668 7129 1718 7130 1672 7130 1719 7130 1718 7131 1674 7131 1672 7131 1727 7132 1726 7132 1664 7132 1715 7133 1677 7133 1674 7133 1715 7134 1674 7134 1718 7134 1729 7135 1664 7135 1662 7135 1729 7136 1727 7136 1664 7136 1729 7137 1662 7137 3467 7137 1713 7138 1678 7138 1677 7138 1713 7139 1677 7139 1715 7139 1731 7140 1729 7140 3467 7140 1710 7141 1680 7141 1678 7141 1710 7142 1683 7142 1680 7142 1710 7143 1678 7143 1713 7143 1733 7144 1731 7144 3467 7144 1709 7145 1683 7145 1710 7145 1735 7146 1733 7146 3467 7146 3973 7147 3974 7147 1683 7147 3973 7148 3975 7148 3974 7148 3973 7149 1683 7149 1709 7149 3976 7150 3975 7150 3973 7150 3977 7151 3978 7151 3975 7151 3977 7152 3979 7152 3978 7152 3977 7153 3975 7153 3976 7153 3980 7154 3979 7154 3977 7154 3981 7155 3982 7155 3979 7155 3981 7156 3979 7156 3980 7156 3983 7157 3984 7157 3982 7157 3983 7158 3982 7158 3981 7158 3985 7159 3986 7159 3984 7159 3985 7160 3984 7160 3983 7160 3987 7161 3986 7161 3985 7161 3987 7162 3988 7162 3986 7162 3987 7163 3989 7163 3988 7163 3990 7164 3989 7164 3987 7164 3991 7165 3989 7165 3990 7165 3991 7166 3972 7166 3989 7166 3991 7167 3465 7167 3972 7167 3992 7168 3465 7168 3991 7168 3993 7169 3465 7169 3992 7169 1801 7170 1798 7170 1747 7170 1801 7171 1747 7171 1745 7171 1797 7172 1747 7172 1798 7172 1797 7173 1749 7173 1747 7173 1802 7174 1801 7174 1745 7174 1802 7175 1743 7175 1741 7175 1802 7176 1745 7176 1743 7176 1794 7177 1754 7177 1751 7177 1794 7178 1749 7178 1797 7178 1794 7179 1751 7179 1749 7179 1805 7180 1802 7180 1741 7180 1792 7181 1754 7181 1794 7181 1806 7182 1805 7182 1741 7182 1806 7183 1741 7183 1739 7183 1790 7184 1755 7184 1754 7184 1790 7185 1754 7185 1792 7185 1808 7186 1806 7186 1739 7186 1808 7187 1739 7187 1737 7187 1787 7188 1757 7188 1755 7188 1787 7189 1755 7189 1790 7189 1810 7190 1735 7190 3467 7190 1810 7191 1808 7191 1737 7191 1810 7192 1737 7192 1735 7192 1786 7193 1760 7193 1757 7193 1786 7194 1757 7194 1787 7194 1812 7195 1810 7195 3467 7195 3994 7196 1760 7196 1786 7196 3994 7197 3995 7197 1760 7197 3994 7198 3996 7198 3995 7198 3997 7199 3996 7199 3994 7199 3998 7200 3999 7200 3996 7200 3998 7201 3996 7201 3997 7201 4000 7202 4001 7202 3999 7202 4000 7203 3999 7203 3998 7203 4002 7204 4003 7204 4001 7204 4002 7205 4001 7205 4000 7205 4004 7206 4005 7206 4003 7206 4004 7207 4003 7207 4002 7207 4006 7208 4005 7208 4004 7208 4006 7209 4007 7209 4005 7209 4008 7210 4009 7210 4007 7210 4008 7211 4007 7211 4006 7211 4010 7212 4011 7212 4009 7212 4010 7213 4012 7213 4011 7213 4010 7214 4009 7214 4008 7214 4013 7215 4012 7215 4010 7215 4014 7216 4012 7216 4013 7216 4014 7217 4015 7217 4012 7217 1875 7218 1827 7218 1824 7218 1878 7219 1824 7219 1822 7219 1878 7220 1875 7220 1824 7220 1874 7221 1828 7221 1827 7221 1874 7222 1827 7222 1875 7222 1879 7223 1878 7223 1822 7223 1879 7224 1820 7224 1818 7224 1879 7225 1822 7225 1820 7225 1871 7226 1831 7226 1828 7226 1871 7227 1828 7227 1874 7227 1882 7228 1879 7228 1818 7228 1869 7229 1831 7229 1871 7229 1883 7230 1818 7230 1816 7230 1883 7231 1882 7231 1818 7231 1867 7232 1832 7232 1831 7232 1867 7233 1831 7233 1869 7233 1885 7234 1814 7234 1812 7234 1885 7235 1816 7235 1814 7235 1885 7236 1883 7236 1816 7236 1864 7237 1834 7237 1832 7237 1864 7238 1832 7238 1867 7238 1887 7239 1885 7239 1812 7239 1863 7240 4016 7240 1836 7240 1863 7241 1834 7241 1864 7241 1863 7242 1836 7242 1834 7242 4017 7243 4016 7243 1863 7243 4018 7244 4019 7244 4016 7244 4018 7245 4016 7245 4017 7245 4020 7246 4021 7246 4019 7246 4020 7247 4019 7247 4018 7247 4022 7248 4023 7248 4021 7248 4022 7249 4021 7249 4020 7249 4024 7250 4025 7250 4023 7250 4024 7251 4023 7251 4022 7251 4026 7252 4027 7252 4025 7252 4026 7253 4028 7253 4027 7253 4026 7254 4025 7254 4024 7254 4029 7255 4028 7255 4026 7255 4030 7256 4031 7256 4028 7256 4030 7257 4032 7257 4031 7257 4030 7258 4028 7258 4029 7258 4033 7259 4032 7259 4030 7259 4033 7260 4034 7260 4032 7260 4035 7261 4034 7261 4033 7261 4036 7262 4037 7262 4034 7262 4036 7263 4034 7263 4035 7263 2029 7264 1901 7264 1899 7264 2032 7265 2029 7265 1899 7265 2032 7266 1899 7266 1897 7266 2028 7267 1901 7267 2029 7267 2028 7268 1904 7268 1901 7268 2028 7269 1905 7269 1904 7269 2033 7270 2032 7270 1897 7270 2033 7271 1897 7271 1895 7271 2025 7272 1905 7272 2028 7272 2036 7273 2033 7273 1895 7273 2023 7274 1905 7274 2025 7274 2023 7275 1908 7275 1905 7275 2037 7276 2036 7276 1895 7276 2037 7277 1895 7277 1893 7277 2021 7278 1909 7278 1908 7278 2021 7279 1911 7279 1909 7279 2021 7280 1908 7280 2023 7280 2018 7281 1913 7281 1911 7281 2018 7282 1911 7282 2021 7282 2017 7283 1913 7283 2018 7283 4038 7284 1913 7284 2017 7284 4038 7285 4039 7285 1913 7285 4040 7286 4039 7286 4038 7286 4040 7287 4041 7287 4039 7287 4040 7288 4042 7288 4041 7288 3248 7289 2039 7289 2037 7289 3248 7290 2041 7290 2039 7290 3248 7291 2043 7291 2041 7291 3248 7292 2045 7292 2043 7292 3248 7293 2047 7293 2045 7293 3248 7294 2037 7294 1893 7294 3248 7295 1887 7295 1812 7295 3248 7296 1812 7296 3467 7296 3248 7297 1889 7297 1887 7297 3248 7298 1891 7298 1889 7298 3248 7299 1893 7299 1891 7299 4043 7300 4042 7300 4040 7300 2049 7301 2047 7301 3248 7301 4044 7302 4045 7302 4042 7302 4044 7303 4042 7303 4043 7303 2051 7304 2049 7304 3248 7304 4046 7305 4047 7305 4045 7305 4046 7306 4048 7306 4047 7306 4046 7307 4045 7307 4044 7307 2053 7308 2051 7308 3248 7308 4049 7309 4048 7309 4046 7309 2055 7310 2053 7310 3248 7310 4050 7311 4048 7311 4049 7311 4050 7312 4051 7312 4048 7312 4050 7313 4052 7313 4051 7313 2058 7314 2055 7314 3248 7314 4053 7315 4052 7315 4050 7315 4053 7316 4054 7316 4052 7316 2059 7317 2058 7317 3248 7317 4055 7318 4054 7318 4053 7318 2062 7319 2059 7319 3248 7319 4056 7320 4054 7320 4055 7320 4056 7321 4057 7321 4054 7321 2063 7322 2062 7322 3248 7322 2065 7323 2063 7323 3248 7323 2067 7324 2065 7324 3248 7324 3247 7325 4058 7325 2067 7325 3247 7326 4059 7326 4058 7326 3247 7327 4060 7327 4059 7327 3247 7328 4061 7328 4060 7328 3247 7329 4062 7329 4061 7329 3247 7330 4063 7330 4062 7330 3247 7331 4064 7331 4063 7331 3247 7332 4065 7332 4064 7332 3247 7333 4066 7333 4065 7333 3247 7334 4067 7334 4066 7334 3247 7335 4068 7335 4067 7335 3247 7336 4069 7336 4068 7336 3247 7337 4070 7337 4069 7337 3247 7338 4071 7338 4070 7338 3247 7339 4056 7339 4071 7339 3247 7340 2067 7340 3248 7340 3247 7341 4057 7341 4056 7341 3247 7342 4072 7342 4057 7342 3247 7343 4073 7343 4072 7343 3247 7344 3465 7344 4074 7344 4074 7345 3465 7345 4036 7345 4036 7346 3465 7346 4075 7346 4075 7347 3465 7347 4076 7347 4076 7348 3465 7348 4014 7348 4014 7349 3465 7349 4015 7349 4015 7350 3465 7350 4077 7350 4077 7351 3465 7351 3993 7351 3247 7352 4074 7352 4073 7352 4036 7353 4075 7353 4037 7353 3250 7354 3468 7354 3249 7354 3468 7355 3466 7355 3249 7355 3470 7356 3472 7356 3240 7356 3240 7357 3472 7357 3244 7357 3368 7358 3341 7358 2879 7358 2879 7359 3341 7359 2880 7359 2880 7360 3339 7360 2881 7360 3341 7361 3339 7361 2880 7361 2881 7362 3334 7362 2878 7362 3339 7363 3334 7363 2881 7363 2878 7364 3332 7364 2882 7364 3334 7365 3332 7365 2878 7365 2882 7366 3331 7366 2884 7366 3332 7367 3331 7367 2882 7367 2884 7368 3329 7368 2883 7368 3331 7369 3329 7369 2884 7369 2883 7370 3328 7370 2886 7370 3329 7371 3328 7371 2883 7371 2886 7372 3330 7372 2887 7372 3328 7373 3330 7373 2886 7373 2887 7374 3333 7374 2885 7374 3330 7375 3333 7375 2887 7375 2885 7376 3335 7376 2889 7376 3333 7377 3335 7377 2885 7377 2889 7378 3338 7378 2890 7378 3335 7379 3338 7379 2889 7379 2890 7380 3340 7380 2888 7380 3338 7381 3340 7381 2890 7381 2888 7382 3214 7382 2891 7382 3340 7383 3214 7383 2888 7383 3107 7384 3616 7384 3112 7384 3112 7385 3659 7385 3113 7385 3616 7386 3659 7386 3112 7386 3113 7387 3661 7387 3114 7387 3659 7388 3661 7388 3113 7388 3114 7389 3668 7389 3111 7389 3661 7390 3668 7390 3114 7390 3111 7391 3670 7391 3122 7391 3668 7392 3670 7392 3111 7392 3122 7393 3675 7393 3121 7393 3670 7394 3675 7394 3122 7394 3121 7395 3679 7395 3120 7395 3675 7396 3679 7396 3121 7396 3120 7397 3685 7397 3119 7397 3679 7398 3685 7398 3120 7398 3119 7399 3687 7399 3115 7399 3685 7400 3687 7400 3119 7400 3115 7401 3691 7401 3116 7401 3687 7402 3691 7402 3115 7402 3691 7403 3694 7403 3116 7403 3116 7404 3738 7404 3117 7404 3117 7405 3738 7405 3118 7405 3694 7406 3738 7406 3116 7406 3118 7407 3737 7407 3101 7407 3738 7408 3737 7408 3118 7408 3737 7409 3736 7409 3101 7409 4078 7410 4079 7410 2071 7410 4079 7411 4080 7411 2071 7411 4080 7412 4081 7412 2071 7412 4082 7413 4083 7413 2068 7413 4084 7414 4083 7414 4082 7414 4085 7415 4083 7415 4084 7415 2068 7416 4083 7416 2071 7416 2071 7417 4083 7417 4078 7417 4081 7418 4086 7418 2071 7418 4087 7419 4088 7419 4085 7419 4089 7420 4088 7420 4087 7420 4085 7421 4088 7421 4083 7421 4083 7422 4088 7422 4078 7422 4078 7423 4088 7423 4079 7423 4086 7424 4090 7424 2071 7424 4091 7425 4092 7425 4089 7425 4093 7426 4092 7426 4091 7426 4088 7427 4092 7427 4079 7427 4089 7428 4092 7428 4088 7428 4079 7429 4092 7429 4080 7429 4090 7430 4094 7430 2071 7430 4095 7431 4096 7431 4093 7431 4097 7432 4096 7432 4095 7432 4080 7433 4096 7433 4081 7433 4093 7434 4096 7434 4092 7434 4092 7435 4096 7435 4080 7435 4094 7436 4098 7436 2071 7436 4099 7437 4100 7437 4097 7437 4101 7438 4100 7438 4099 7438 4097 7439 4100 7439 4096 7439 4081 7440 4100 7440 4086 7440 4096 7441 4100 7441 4081 7441 4098 7442 4102 7442 2071 7442 4103 7443 4104 7443 4101 7443 4101 7444 4104 7444 4100 7444 4086 7445 4104 7445 4090 7445 4090 7446 4104 7446 4094 7446 4100 7447 4104 7447 4086 7447 4102 7448 4105 7448 2071 7448 4106 7449 4107 7449 4103 7449 4108 7450 4107 7450 4106 7450 4103 7451 4107 7451 4104 7451 4104 7452 4107 7452 4094 7452 4105 7453 4109 7453 2071 7453 4107 7454 4110 7454 4094 7454 4111 7455 4110 7455 4108 7455 4112 7456 4110 7456 4111 7456 4094 7457 4110 7457 4098 7457 4108 7458 4110 7458 4107 7458 4109 7459 4113 7459 2071 7459 4110 7460 4114 7460 4098 7460 4115 7461 4114 7461 4112 7461 4116 7462 4114 7462 4115 7462 4112 7463 4114 7463 4110 7463 4098 7464 4114 7464 4102 7464 4102 7465 4117 7465 4105 7465 4118 7466 4117 7466 4116 7466 4119 7467 4117 7467 4118 7467 4116 7468 4117 7468 4114 7468 4114 7469 4117 7469 4102 7469 4105 7470 4120 7470 4109 7470 4117 7471 4120 7471 4105 7471 4121 7472 4120 7472 4119 7472 4122 7473 4120 7473 4121 7473 4119 7474 4120 7474 4117 7474 4109 7475 4123 7475 4113 7475 4122 7476 4123 7476 4120 7476 4124 7477 4123 7477 4122 7477 4125 7478 4123 7478 4124 7478 2019 7479 4123 7479 4125 7479 2071 7480 4123 7480 2019 7480 4113 7481 4123 7481 2071 7481 4120 7482 4123 7482 4109 7482 2067 7483 4058 7483 2068 7483 2068 7484 4058 7484 4082 7484 4082 7485 4059 7485 4084 7485 4058 7486 4059 7486 4082 7486 4084 7487 4060 7487 4085 7487 4059 7488 4060 7488 4084 7488 4085 7489 4061 7489 4087 7489 4087 7490 4061 7490 4089 7490 4060 7491 4061 7491 4085 7491 4061 7492 4062 7492 4089 7492 4089 7493 4063 7493 4091 7493 4091 7494 4063 7494 4093 7494 4062 7495 4063 7495 4089 7495 4063 7496 4064 7496 4093 7496 4093 7497 4065 7497 4095 7497 4095 7498 4065 7498 4097 7498 4064 7499 4065 7499 4093 7499 4065 7500 4066 7500 4097 7500 4097 7501 4067 7501 4099 7501 4066 7502 4067 7502 4097 7502 4067 7503 4068 7503 4099 7503 4099 7504 4068 7504 4101 7504 4068 7505 4069 7505 4101 7505 4101 7506 4069 7506 4103 7506 4103 7507 4069 7507 4106 7507 4069 7508 4070 7508 4106 7508 4070 7509 4071 7509 4106 7509 4106 7510 4071 7510 4108 7510 4071 7511 4056 7511 4108 7511 4108 7512 4056 7512 4111 7512 4111 7513 4056 7513 4112 7513 4056 7514 4055 7514 4112 7514 4055 7515 4053 7515 4112 7515 4112 7516 4053 7516 4115 7516 4053 7517 4050 7517 4115 7517 4115 7518 4050 7518 4116 7518 4050 7519 4049 7519 4116 7519 4116 7520 4049 7520 4118 7520 4049 7521 4046 7521 4118 7521 4118 7522 4046 7522 4119 7522 4046 7523 4044 7523 4119 7523 4119 7524 4044 7524 4121 7524 4044 7525 4043 7525 4121 7525 4121 7526 4043 7526 4122 7526 4043 7527 4040 7527 4122 7527 4122 7528 4040 7528 4124 7528 4124 7529 4038 7529 4125 7529 4040 7530 4038 7530 4124 7530 4125 7531 2017 7531 2019 7531 4038 7532 2017 7532 4125 7532 4126 7533 4127 7533 1994 7533 4127 7534 4128 7534 1994 7534 4128 7535 4129 7535 1994 7535 4130 7536 4131 7536 1991 7536 4132 7537 4131 7537 4130 7537 4133 7538 4131 7538 4132 7538 1991 7539 4131 7539 1994 7539 1994 7540 4131 7540 4126 7540 4129 7541 4134 7541 1994 7541 4135 7542 4136 7542 4133 7542 4137 7543 4136 7543 4135 7543 4133 7544 4136 7544 4131 7544 4131 7545 4136 7545 4126 7545 4126 7546 4136 7546 4127 7546 4134 7547 4138 7547 1994 7547 4139 7548 4140 7548 4137 7548 4141 7549 4140 7549 4139 7549 4136 7550 4140 7550 4127 7550 4137 7551 4140 7551 4136 7551 4127 7552 4140 7552 4128 7552 4138 7553 4142 7553 1994 7553 4143 7554 4144 7554 4141 7554 4145 7555 4144 7555 4143 7555 4128 7556 4144 7556 4129 7556 4141 7557 4144 7557 4140 7557 4140 7558 4144 7558 4128 7558 4142 7559 4146 7559 1994 7559 4147 7560 4148 7560 4145 7560 4149 7561 4148 7561 4147 7561 4145 7562 4148 7562 4144 7562 4129 7563 4148 7563 4134 7563 4144 7564 4148 7564 4129 7564 4146 7565 4150 7565 1994 7565 4151 7566 4152 7566 4149 7566 4149 7567 4152 7567 4148 7567 4134 7568 4152 7568 4138 7568 4148 7569 4152 7569 4134 7569 4150 7570 4153 7570 1994 7570 4154 7571 4155 7571 4151 7571 4156 7572 4155 7572 4154 7572 4151 7573 4155 7573 4152 7573 4138 7574 4155 7574 4142 7574 4142 7575 4155 7575 4146 7575 4152 7576 4155 7576 4138 7576 4153 7577 4157 7577 1994 7577 4155 7578 4158 7578 4146 7578 4159 7579 4158 7579 4156 7579 4160 7580 4158 7580 4159 7580 4156 7581 4158 7581 4155 7581 4157 7582 4161 7582 1994 7582 4162 7583 4163 7583 4160 7583 4164 7584 4163 7584 4162 7584 4158 7585 4163 7585 4146 7585 4160 7586 4163 7586 4158 7586 4146 7587 4163 7587 4150 7587 4150 7588 4165 7588 4153 7588 4166 7589 4165 7589 4164 7589 4167 7590 4165 7590 4166 7590 4163 7591 4165 7591 4150 7591 4164 7592 4165 7592 4163 7592 4153 7593 4168 7593 4157 7593 4165 7594 4168 7594 4153 7594 4169 7595 4168 7595 4167 7595 4170 7596 4168 7596 4169 7596 4167 7597 4168 7597 4165 7597 4157 7598 4171 7598 4161 7598 4170 7599 4171 7599 4168 7599 4172 7600 4171 7600 4170 7600 4173 7601 4171 7601 4172 7601 1942 7602 4171 7602 4173 7602 1994 7603 4171 7603 1942 7603 4161 7604 4171 7604 1994 7604 4168 7605 4171 7605 4157 7605 1990 7606 3838 7606 1991 7606 1991 7607 3838 7607 4130 7607 4130 7608 3839 7608 4132 7608 3838 7609 3839 7609 4130 7609 4132 7610 3840 7610 4133 7610 3839 7611 3840 7611 4132 7611 4133 7612 3841 7612 4135 7612 4135 7613 3841 7613 4137 7613 3840 7614 3841 7614 4133 7614 3841 7615 3842 7615 4137 7615 4137 7616 3843 7616 4139 7616 4139 7617 3843 7617 4141 7617 3842 7618 3843 7618 4137 7618 3843 7619 3844 7619 4141 7619 4141 7620 3845 7620 4143 7620 4143 7621 3845 7621 4145 7621 3844 7622 3845 7622 4141 7622 3845 7623 3846 7623 4145 7623 4145 7624 3847 7624 4147 7624 3846 7625 3847 7625 4145 7625 3847 7626 3848 7626 4147 7626 4147 7627 3848 7627 4149 7627 3848 7628 3849 7628 4149 7628 4149 7629 3849 7629 4151 7629 4151 7630 3849 7630 4154 7630 3849 7631 3850 7631 4154 7631 3850 7632 3851 7632 4154 7632 4154 7633 3851 7633 4156 7633 3851 7634 3852 7634 4156 7634 4156 7635 3852 7635 4159 7635 4159 7636 3852 7636 4160 7636 3852 7637 3870 7637 4160 7637 3870 7638 3867 7638 4160 7638 4160 7639 3867 7639 4162 7639 3867 7640 3864 7640 4162 7640 4162 7641 3864 7641 4164 7641 3864 7642 3861 7642 4164 7642 4164 7643 3861 7643 4166 7643 3861 7644 3863 7644 4166 7644 4166 7645 3863 7645 4167 7645 3863 7646 3860 7646 4167 7646 4167 7647 3860 7647 4169 7647 3860 7648 3857 7648 4169 7648 4169 7649 3857 7649 4170 7649 3857 7650 3854 7650 4170 7650 4170 7651 3854 7651 4172 7651 4172 7652 3855 7652 4173 7652 3854 7653 3855 7653 4172 7653 4173 7654 1940 7654 1942 7654 3855 7655 1940 7655 4173 7655 4174 7656 4175 7656 1917 7656 4175 7657 4176 7657 1917 7657 4176 7658 4177 7658 1917 7658 4178 7659 4179 7659 1914 7659 4180 7660 4179 7660 4178 7660 4181 7661 4179 7661 4180 7661 1914 7662 4179 7662 1917 7662 1917 7663 4179 7663 4174 7663 4177 7664 4182 7664 1917 7664 4183 7665 4184 7665 4181 7665 4185 7666 4184 7666 4183 7666 4181 7667 4184 7667 4179 7667 4179 7668 4184 7668 4174 7668 4174 7669 4184 7669 4175 7669 4182 7670 4186 7670 1917 7670 4187 7671 4188 7671 4185 7671 4189 7672 4188 7672 4187 7672 4184 7673 4188 7673 4175 7673 4185 7674 4188 7674 4184 7674 4175 7675 4188 7675 4176 7675 4186 7676 4190 7676 1917 7676 4191 7677 4192 7677 4189 7677 4193 7678 4192 7678 4191 7678 4176 7679 4192 7679 4177 7679 4189 7680 4192 7680 4188 7680 4188 7681 4192 7681 4176 7681 4190 7682 4194 7682 1917 7682 4195 7683 4196 7683 4193 7683 4197 7684 4196 7684 4195 7684 4193 7685 4196 7685 4192 7685 4177 7686 4196 7686 4182 7686 4192 7687 4196 7687 4177 7687 4194 7688 4198 7688 1917 7688 4199 7689 4200 7689 4197 7689 4201 7690 4200 7690 4199 7690 4197 7691 4200 7691 4196 7691 4182 7692 4200 7692 4186 7692 4196 7693 4200 7693 4182 7693 4198 7694 4202 7694 1917 7694 4203 7695 4204 7695 4201 7695 4186 7696 4204 7696 4190 7696 4201 7697 4204 7697 4200 7697 4190 7698 4204 7698 4194 7698 4200 7699 4204 7699 4186 7699 4202 7700 4205 7700 1917 7700 4204 7701 4206 7701 4194 7701 4207 7702 4206 7702 4203 7702 4208 7703 4206 7703 4207 7703 4203 7704 4206 7704 4204 7704 4205 7705 4209 7705 1917 7705 4198 7706 4210 7706 4202 7706 4211 7707 4210 7707 4208 7707 4212 7708 4210 7708 4211 7708 4206 7709 4210 7709 4194 7709 4194 7710 4210 7710 4198 7710 4208 7711 4210 7711 4206 7711 4210 7712 4213 7712 4202 7712 4214 7713 4213 7713 4212 7713 4215 7714 4213 7714 4214 7714 4212 7715 4213 7715 4210 7715 4202 7716 4216 7716 4205 7716 4217 7717 4216 7717 4215 7717 4218 7718 4216 7718 4217 7718 4213 7719 4216 7719 4202 7719 4215 7720 4216 7720 4213 7720 4205 7721 4219 7721 4209 7721 4218 7722 4219 7722 4216 7722 4220 7723 4219 7723 4218 7723 4221 7724 4219 7724 4220 7724 1865 7725 4219 7725 4221 7725 1917 7726 4219 7726 1865 7726 4209 7727 4219 7727 1917 7727 4216 7728 4219 7728 4205 7728 1913 7729 4039 7729 1914 7729 1914 7730 4039 7730 4178 7730 4178 7731 4041 7731 4180 7731 4039 7732 4041 7732 4178 7732 4180 7733 4042 7733 4181 7733 4041 7734 4042 7734 4180 7734 4181 7735 4045 7735 4183 7735 4183 7736 4045 7736 4185 7736 4042 7737 4045 7737 4181 7737 4045 7738 4047 7738 4185 7738 4185 7739 4048 7739 4187 7739 4187 7740 4048 7740 4189 7740 4047 7741 4048 7741 4185 7741 4048 7742 4051 7742 4189 7742 4189 7743 4052 7743 4191 7743 4191 7744 4052 7744 4193 7744 4051 7745 4052 7745 4189 7745 4052 7746 4054 7746 4193 7746 4193 7747 4057 7747 4195 7747 4054 7748 4057 7748 4193 7748 4057 7749 4072 7749 4195 7749 4195 7750 4072 7750 4197 7750 4072 7751 4073 7751 4197 7751 4197 7752 4073 7752 4199 7752 4199 7753 4073 7753 4201 7753 4073 7754 4074 7754 4201 7754 4074 7755 4036 7755 4201 7755 4201 7756 4036 7756 4203 7756 4036 7757 4035 7757 4203 7757 4203 7758 4035 7758 4207 7758 4207 7759 4035 7759 4208 7759 4035 7760 4033 7760 4208 7760 4033 7761 4030 7761 4208 7761 4208 7762 4030 7762 4211 7762 4030 7763 4029 7763 4211 7763 4211 7764 4029 7764 4212 7764 4029 7765 4026 7765 4212 7765 4212 7766 4026 7766 4214 7766 4026 7767 4024 7767 4214 7767 4214 7768 4024 7768 4215 7768 4024 7769 4022 7769 4215 7769 4215 7770 4022 7770 4217 7770 4022 7771 4020 7771 4217 7771 4217 7772 4020 7772 4218 7772 4020 7773 4018 7773 4218 7773 4218 7774 4018 7774 4220 7774 4220 7775 4017 7775 4221 7775 4018 7776 4017 7776 4220 7776 4221 7777 1863 7777 1865 7777 4017 7778 1863 7778 4221 7778 4222 7779 4223 7779 1840 7779 4223 7780 4224 7780 1840 7780 4224 7781 4225 7781 1840 7781 4226 7782 4227 7782 1837 7782 4228 7783 4227 7783 4226 7783 4229 7784 4227 7784 4228 7784 1837 7785 4227 7785 1840 7785 1840 7786 4227 7786 4222 7786 4225 7787 4230 7787 1840 7787 4231 7788 4232 7788 4229 7788 4233 7789 4232 7789 4231 7789 4229 7790 4232 7790 4227 7790 4227 7791 4232 7791 4222 7791 4222 7792 4232 7792 4223 7792 4230 7793 4234 7793 1840 7793 4235 7794 4236 7794 4233 7794 4237 7795 4236 7795 4235 7795 4232 7796 4236 7796 4223 7796 4233 7797 4236 7797 4232 7797 4223 7798 4236 7798 4224 7798 4234 7799 4238 7799 1840 7799 4239 7800 4240 7800 4237 7800 4241 7801 4240 7801 4239 7801 4224 7802 4240 7802 4225 7802 4237 7803 4240 7803 4236 7803 4236 7804 4240 7804 4224 7804 4238 7805 4242 7805 1840 7805 4243 7806 4244 7806 4241 7806 4245 7807 4244 7807 4243 7807 4225 7808 4244 7808 4230 7808 4240 7809 4244 7809 4225 7809 4241 7810 4244 7810 4240 7810 4242 7811 4246 7811 1840 7811 4247 7812 4248 7812 4245 7812 4249 7813 4248 7813 4247 7813 4245 7814 4248 7814 4244 7814 4244 7815 4248 7815 4230 7815 4230 7816 4248 7816 4234 7816 4246 7817 4250 7817 1840 7817 4251 7818 4252 7818 4249 7818 4234 7819 4252 7819 4238 7819 4249 7820 4252 7820 4248 7820 4248 7821 4252 7821 4234 7821 4250 7822 4253 7822 1840 7822 4252 7823 4254 7823 4238 7823 4255 7824 4254 7824 4251 7824 4256 7825 4254 7825 4255 7825 4238 7826 4254 7826 4242 7826 4251 7827 4254 7827 4252 7827 4242 7828 4254 7828 4246 7828 4253 7829 4257 7829 1840 7829 4258 7830 4259 7830 4256 7830 4260 7831 4259 7831 4258 7831 4254 7832 4259 7832 4246 7832 4256 7833 4259 7833 4254 7833 4246 7834 4261 7834 4250 7834 4262 7835 4261 7835 4260 7835 4263 7836 4261 7836 4262 7836 4259 7837 4261 7837 4246 7837 4260 7838 4261 7838 4259 7838 4253 7839 4264 7839 4257 7839 4250 7840 4264 7840 4253 7840 4261 7841 4264 7841 4250 7841 4265 7842 4264 7842 4263 7842 4266 7843 4264 7843 4265 7843 4263 7844 4264 7844 4261 7844 4264 7845 4267 7845 4257 7845 4266 7846 4267 7846 4264 7846 4268 7847 4267 7847 4266 7847 4269 7848 4267 7848 4268 7848 1788 7849 4267 7849 4269 7849 1840 7850 4267 7850 1788 7850 4257 7851 4267 7851 1840 7851 1836 7852 4016 7852 1837 7852 1837 7853 4016 7853 4226 7853 4226 7854 4019 7854 4228 7854 4016 7855 4019 7855 4226 7855 4228 7856 4021 7856 4229 7856 4019 7857 4021 7857 4228 7857 4229 7858 4023 7858 4231 7858 4231 7859 4023 7859 4233 7859 4021 7860 4023 7860 4229 7860 4023 7861 4025 7861 4233 7861 4233 7862 4027 7862 4235 7862 4235 7863 4027 7863 4237 7863 4025 7864 4027 7864 4233 7864 4027 7865 4028 7865 4237 7865 4237 7866 4031 7866 4239 7866 4239 7867 4031 7867 4241 7867 4028 7868 4031 7868 4237 7868 4031 7869 4032 7869 4241 7869 4241 7870 4034 7870 4243 7870 4032 7871 4034 7871 4241 7871 4034 7872 4037 7872 4243 7872 4243 7873 4037 7873 4245 7873 4037 7874 4075 7874 4245 7874 4245 7875 4075 7875 4247 7875 4247 7876 4075 7876 4249 7876 4075 7877 4076 7877 4249 7877 4076 7878 4014 7878 4249 7878 4249 7879 4014 7879 4251 7879 4014 7880 4013 7880 4251 7880 4251 7881 4013 7881 4255 7881 4255 7882 4013 7882 4256 7882 4013 7883 4010 7883 4256 7883 4010 7884 4008 7884 4256 7884 4256 7885 4008 7885 4258 7885 4008 7886 4006 7886 4258 7886 4258 7887 4006 7887 4260 7887 4006 7888 4004 7888 4260 7888 4260 7889 4004 7889 4262 7889 4004 7890 4002 7890 4262 7890 4262 7891 4002 7891 4263 7891 4002 7892 4000 7892 4263 7892 4263 7893 4000 7893 4265 7893 4000 7894 3998 7894 4265 7894 4265 7895 3998 7895 4266 7895 3998 7896 3997 7896 4266 7896 4266 7897 3997 7897 4268 7897 4268 7898 3994 7898 4269 7898 3997 7899 3994 7899 4268 7899 4269 7900 1786 7900 1788 7900 3994 7901 1786 7901 4269 7901 1759 7902 4270 7902 1763 7902 4270 7903 4271 7903 1763 7903 4271 7904 4272 7904 1763 7904 4272 7905 4273 7905 1763 7905 4274 7906 4275 7906 1759 7906 4276 7907 4275 7907 4274 7907 4277 7908 4275 7908 4276 7908 1759 7909 4275 7909 4270 7909 4273 7910 4278 7910 1763 7910 4279 7911 4280 7911 4277 7911 4281 7912 4280 7912 4279 7912 4277 7913 4280 7913 4275 7913 4275 7914 4280 7914 4270 7914 4270 7915 4280 7915 4271 7915 4278 7916 4282 7916 1763 7916 4283 7917 4284 7917 4281 7917 4285 7918 4284 7918 4283 7918 4281 7919 4284 7919 4280 7919 4280 7920 4284 7920 4271 7920 4271 7921 4284 7921 4272 7921 4282 7922 4286 7922 1763 7922 4287 7923 4288 7923 4285 7923 4289 7924 4288 7924 4287 7924 4272 7925 4288 7925 4273 7925 4285 7926 4288 7926 4284 7926 4284 7927 4288 7927 4272 7927 4286 7928 4290 7928 1763 7928 4291 7929 4292 7929 4289 7929 4293 7930 4292 7930 4291 7930 4288 7931 4292 7931 4273 7931 4289 7932 4292 7932 4288 7932 4278 7933 4292 7933 4282 7933 4273 7934 4292 7934 4278 7934 4290 7935 4294 7935 1763 7935 4295 7936 4296 7936 4293 7936 4293 7937 4296 7937 4292 7937 4292 7938 4296 7938 4282 7938 4294 7939 4297 7939 1763 7939 4298 7940 4299 7940 4295 7940 4300 7941 4299 7941 4298 7941 4295 7942 4299 7942 4296 7942 4282 7943 4299 7943 4286 7943 4296 7944 4299 7944 4282 7944 4297 7945 4301 7945 1763 7945 4299 7946 4302 7946 4286 7946 4303 7947 4302 7947 4300 7947 4304 7948 4302 7948 4303 7948 4286 7949 4302 7949 4290 7949 4300 7950 4302 7950 4299 7950 4301 7951 4305 7951 1763 7951 4302 7952 4306 7952 4290 7952 4307 7953 4306 7953 4304 7953 4308 7954 4306 7954 4307 7954 4304 7955 4306 7955 4302 7955 4290 7956 4306 7956 4294 7956 4294 7957 4309 7957 4297 7957 4310 7958 4309 7958 4308 7958 4311 7959 4309 7959 4310 7959 4306 7960 4309 7960 4294 7960 4308 7961 4309 7961 4306 7961 4297 7962 4312 7962 4301 7962 4309 7963 4312 7963 4297 7963 4313 7964 4312 7964 4311 7964 4314 7965 4312 7965 4313 7965 4311 7966 4312 7966 4309 7966 4301 7967 4315 7967 4305 7967 4314 7968 4315 7968 4312 7968 4316 7969 4315 7969 4314 7969 4317 7970 4315 7970 4316 7970 1711 7971 4315 7971 4317 7971 1763 7972 4315 7972 1711 7972 4312 7973 4315 7973 4301 7973 4305 7974 4315 7974 1763 7974 1760 7975 3995 7975 1759 7975 1759 7976 3995 7976 4274 7976 4274 7977 3996 7977 4276 7977 3995 7978 3996 7978 4274 7978 4276 7979 3999 7979 4277 7979 3996 7980 3999 7980 4276 7980 4277 7981 4001 7981 4279 7981 4279 7982 4001 7982 4281 7982 3999 7983 4001 7983 4277 7983 4001 7984 4003 7984 4281 7984 4281 7985 4005 7985 4283 7985 4283 7986 4005 7986 4285 7986 4003 7987 4005 7987 4281 7987 4005 7988 4007 7988 4285 7988 4285 7989 4009 7989 4287 7989 4287 7990 4009 7990 4289 7990 4007 7991 4009 7991 4285 7991 4289 7992 4011 7992 4291 7992 4009 7993 4011 7993 4289 7993 4011 7994 4012 7994 4291 7994 4012 7995 4015 7995 4291 7995 4291 7996 4015 7996 4293 7996 4015 7997 4077 7997 4293 7997 4293 7998 4077 7998 4295 7998 4077 7999 3993 7999 4295 7999 4295 8000 3993 8000 4298 8000 3993 8001 3992 8001 4298 8001 4298 8002 3992 8002 4300 8002 4300 8003 3992 8003 4303 8003 3992 8004 3991 8004 4303 8004 3991 8005 3990 8005 4303 8005 4303 8006 3990 8006 4304 8006 3990 8007 3987 8007 4304 8007 4304 8008 3987 8008 4307 8008 3987 8009 3985 8009 4307 8009 4307 8010 3985 8010 4308 8010 3985 8011 3983 8011 4308 8011 4308 8012 3983 8012 4310 8012 4310 8013 3983 8013 4311 8013 3983 8014 3981 8014 4311 8014 3981 8015 3980 8015 4311 8015 4311 8016 3980 8016 4313 8016 3980 8017 3977 8017 4313 8017 4313 8018 3977 8018 4314 8018 3977 8019 3976 8019 4314 8019 4314 8020 3976 8020 4316 8020 4316 8021 3976 8021 4317 8021 3976 8022 3973 8022 4317 8022 4317 8023 1709 8023 1711 8023 3973 8024 1709 8024 4317 8024 4318 8025 4319 8025 1686 8025 4319 8026 4320 8026 1686 8026 4320 8027 4321 8027 1686 8027 4322 8028 4323 8028 1682 8028 4324 8029 4323 8029 4322 8029 4325 8030 4323 8030 4324 8030 1682 8031 4323 8031 1686 8031 1686 8032 4323 8032 4318 8032 4321 8033 4326 8033 1686 8033 4327 8034 4328 8034 4325 8034 4329 8035 4328 8035 4327 8035 4325 8036 4328 8036 4323 8036 4323 8037 4328 8037 4318 8037 4318 8038 4328 8038 4319 8038 4326 8039 4330 8039 1686 8039 4331 8040 4332 8040 4329 8040 4333 8041 4332 8041 4331 8041 4328 8042 4332 8042 4319 8042 4329 8043 4332 8043 4328 8043 4319 8044 4332 8044 4320 8044 4330 8045 4334 8045 1686 8045 4335 8046 4336 8046 4333 8046 4337 8047 4336 8047 4335 8047 4320 8048 4336 8048 4321 8048 4333 8049 4336 8049 4332 8049 4332 8050 4336 8050 4320 8050 4334 8051 4338 8051 1686 8051 4339 8052 4340 8052 4337 8052 4341 8053 4340 8053 4339 8053 4337 8054 4340 8054 4336 8054 4321 8055 4340 8055 4326 8055 4336 8056 4340 8056 4321 8056 4338 8057 4342 8057 1686 8057 4343 8058 4344 8058 4341 8058 4341 8059 4344 8059 4340 8059 4326 8060 4344 8060 4330 8060 4330 8061 4344 8061 4334 8061 4340 8062 4344 8062 4326 8062 4342 8063 4345 8063 1686 8063 4346 8064 4347 8064 4343 8064 4348 8065 4347 8065 4346 8065 4343 8066 4347 8066 4344 8066 4344 8067 4347 8067 4334 8067 4345 8068 4349 8068 1686 8068 4347 8069 4350 8069 4334 8069 4351 8070 4350 8070 4348 8070 4352 8071 4350 8071 4351 8071 4334 8072 4350 8072 4338 8072 4348 8073 4350 8073 4347 8073 4349 8074 4353 8074 1686 8074 4350 8075 4354 8075 4338 8075 4355 8076 4354 8076 4352 8076 4356 8077 4354 8077 4355 8077 4352 8078 4354 8078 4350 8078 4338 8079 4354 8079 4342 8079 4342 8080 4357 8080 4345 8080 4358 8081 4357 8081 4356 8081 4359 8082 4357 8082 4358 8082 4356 8083 4357 8083 4354 8083 4354 8084 4357 8084 4342 8084 4345 8085 4360 8085 4349 8085 4357 8086 4360 8086 4345 8086 4361 8087 4360 8087 4359 8087 4362 8088 4360 8088 4361 8088 4359 8089 4360 8089 4357 8089 4349 8090 4363 8090 4353 8090 4362 8091 4363 8091 4360 8091 4364 8092 4363 8092 4362 8092 4365 8093 4363 8093 4364 8093 1634 8094 4363 8094 4365 8094 1686 8095 4363 8095 1634 8095 4353 8096 4363 8096 1686 8096 4360 8097 4363 8097 4349 8097 1683 8098 3974 8098 1682 8098 1682 8099 3974 8099 4322 8099 4322 8100 3975 8100 4324 8100 4324 8101 3975 8101 4325 8101 3974 8102 3975 8102 4322 8102 3975 8103 3978 8103 4325 8103 4325 8104 3979 8104 4327 8104 4327 8105 3979 8105 4329 8105 3978 8106 3979 8106 4325 8106 3979 8107 3982 8107 4329 8107 4329 8108 3984 8108 4331 8108 4331 8109 3984 8109 4333 8109 3982 8110 3984 8110 4329 8110 3984 8111 3986 8111 4333 8111 4333 8112 3988 8112 4335 8112 3986 8113 3988 8113 4333 8113 4335 8114 3989 8114 4337 8114 4337 8115 3989 8115 4339 8115 3988 8116 3989 8116 4335 8116 3989 8117 3972 8117 4339 8117 3972 8118 3971 8118 4339 8118 4339 8119 3971 8119 4341 8119 3971 8120 3970 8120 4341 8120 4341 8121 3970 8121 4343 8121 3970 8122 3969 8122 4343 8122 4343 8123 3969 8123 4346 8123 3969 8124 3968 8124 4346 8124 4346 8125 3968 8125 4348 8125 3968 8126 3967 8126 4348 8126 4348 8127 3967 8127 4351 8127 3967 8128 3959 8128 4351 8128 4351 8129 3959 8129 4352 8129 4352 8130 3959 8130 4355 8130 3959 8131 3958 8131 4355 8131 3958 8132 3960 8132 4355 8132 4355 8133 3960 8133 4356 8133 3960 8134 3961 8134 4356 8134 4356 8135 3961 8135 4358 8135 3961 8136 3962 8136 4358 8136 4358 8137 3962 8137 4359 8137 4359 8138 3962 8138 4361 8138 3962 8139 3963 8139 4361 8139 3963 8140 3964 8140 4361 8140 4361 8141 3964 8141 4362 8141 3964 8142 3965 8142 4362 8142 4362 8143 3965 8143 4364 8143 4364 8144 3965 8144 4365 8144 3965 8145 3966 8145 4365 8145 4365 8146 1632 8146 1634 8146 3966 8147 1632 8147 4365 8147 4366 8148 4367 8148 1609 8148 4367 8149 4368 8149 1609 8149 4368 8150 4369 8150 1609 8150 4370 8151 4371 8151 1606 8151 4372 8152 4371 8152 4370 8152 4373 8153 4371 8153 4372 8153 1606 8154 4371 8154 1609 8154 1609 8155 4371 8155 4366 8155 4369 8156 4374 8156 1609 8156 4375 8157 4376 8157 4373 8157 4377 8158 4376 8158 4375 8158 4373 8159 4376 8159 4371 8159 4371 8160 4376 8160 4366 8160 4366 8161 4376 8161 4367 8161 4374 8162 4378 8162 1609 8162 4379 8163 4380 8163 4377 8163 4381 8164 4380 8164 4379 8164 4376 8165 4380 8165 4367 8165 4377 8166 4380 8166 4376 8166 4367 8167 4380 8167 4368 8167 4378 8168 4382 8168 1609 8168 4383 8169 4384 8169 4381 8169 4385 8170 4384 8170 4383 8170 4368 8171 4384 8171 4369 8171 4381 8172 4384 8172 4380 8172 4380 8173 4384 8173 4368 8173 4382 8174 4386 8174 1609 8174 4387 8175 4388 8175 4385 8175 4389 8176 4388 8176 4387 8176 4385 8177 4388 8177 4384 8177 4369 8178 4388 8178 4374 8178 4384 8179 4388 8179 4369 8179 4386 8180 4390 8180 1609 8180 4391 8181 4392 8181 4389 8181 4389 8182 4392 8182 4388 8182 4374 8183 4392 8183 4378 8183 4388 8184 4392 8184 4374 8184 4390 8185 4393 8185 1609 8185 4394 8186 4395 8186 4391 8186 4396 8187 4395 8187 4394 8187 4391 8188 4395 8188 4392 8188 4378 8189 4395 8189 4382 8189 4392 8190 4395 8190 4378 8190 4393 8191 4397 8191 1609 8191 4395 8192 4398 8192 4382 8192 4399 8193 4398 8193 4396 8193 4400 8194 4398 8194 4399 8194 4382 8195 4398 8195 4386 8195 4386 8196 4398 8196 4390 8196 4396 8197 4398 8197 4395 8197 4397 8198 4401 8198 1609 8198 4402 8199 4403 8199 4400 8199 4404 8200 4403 8200 4402 8200 4400 8201 4403 8201 4398 8201 4398 8202 4403 8202 4390 8202 4390 8203 4405 8203 4393 8203 4406 8204 4405 8204 4404 8204 4407 8205 4405 8205 4406 8205 4403 8206 4405 8206 4390 8206 4404 8207 4405 8207 4403 8207 4393 8208 4408 8208 4397 8208 4405 8209 4408 8209 4393 8209 4409 8210 4408 8210 4407 8210 4410 8211 4408 8211 4409 8211 4407 8212 4408 8212 4405 8212 4397 8213 4411 8213 4401 8213 4410 8214 4411 8214 4408 8214 4412 8215 4411 8215 4410 8215 4413 8216 4411 8216 4412 8216 1557 8217 4411 8217 4413 8217 1609 8218 4411 8218 1557 8218 4401 8219 4411 8219 1609 8219 4408 8220 4411 8220 4397 8220 1605 8221 3853 8221 1606 8221 1606 8222 3853 8222 4370 8222 4370 8223 3856 8223 4372 8223 3853 8224 3856 8224 4370 8224 4372 8225 3858 8225 4373 8225 3856 8226 3858 8226 4372 8226 4373 8227 3859 8227 4375 8227 4375 8228 3859 8228 4377 8228 3858 8229 3859 8229 4373 8229 3859 8230 3862 8230 4377 8230 4377 8231 3865 8231 4379 8231 4379 8232 3865 8232 4381 8232 3862 8233 3865 8233 4377 8233 3865 8234 3866 8234 4381 8234 4381 8235 3868 8235 4383 8235 4383 8236 3868 8236 4385 8236 3866 8237 3868 8237 4381 8237 3868 8238 3869 8238 4385 8238 4385 8239 3871 8239 4387 8239 3869 8240 3871 8240 4385 8240 3871 8241 3872 8241 4387 8241 4387 8242 3872 8242 4389 8242 3872 8243 3873 8243 4389 8243 4389 8244 3873 8244 4391 8244 4391 8245 3873 8245 4394 8245 3873 8246 3954 8246 4394 8246 3954 8247 3895 8247 4394 8247 4394 8248 3895 8248 4396 8248 3895 8249 3893 8249 4396 8249 4396 8250 3893 8250 4399 8250 4399 8251 3893 8251 4400 8251 3893 8252 3891 8252 4400 8252 3891 8253 3889 8253 4400 8253 4400 8254 3889 8254 4402 8254 3889 8255 3887 8255 4402 8255 4402 8256 3887 8256 4404 8256 3887 8257 3883 8257 4404 8257 4404 8258 3883 8258 4406 8258 3883 8259 3884 8259 4406 8259 4406 8260 3884 8260 4407 8260 3884 8261 3881 8261 4407 8261 4407 8262 3881 8262 4409 8262 3881 8263 3878 8263 4409 8263 4409 8264 3878 8264 4410 8264 3878 8265 3876 8265 4410 8265 4410 8266 3876 8266 4412 8266 4412 8267 3874 8267 4413 8267 3876 8268 3874 8268 4412 8268 4413 8269 1555 8269 1557 8269 3874 8270 1555 8270 4413 8270 4414 8271 4415 8271 1532 8271 4415 8272 4416 8272 1532 8272 4416 8273 4417 8273 1532 8273 4418 8274 4419 8274 1528 8274 4420 8275 4419 8275 4418 8275 4421 8276 4419 8276 4420 8276 1528 8277 4419 8277 1532 8277 1532 8278 4419 8278 4414 8278 4417 8279 4422 8279 1532 8279 4423 8280 4424 8280 4421 8280 4425 8281 4424 8281 4423 8281 4421 8282 4424 8282 4419 8282 4419 8283 4424 8283 4414 8283 4414 8284 4424 8284 4415 8284 4422 8285 4426 8285 1532 8285 4427 8286 4428 8286 4425 8286 4429 8287 4428 8287 4427 8287 4424 8288 4428 8288 4415 8288 4425 8289 4428 8289 4424 8289 4415 8290 4428 8290 4416 8290 4426 8291 4430 8291 1532 8291 4431 8292 4432 8292 4429 8292 4433 8293 4432 8293 4431 8293 4416 8294 4432 8294 4417 8294 4429 8295 4432 8295 4428 8295 4428 8296 4432 8296 4416 8296 4430 8297 4434 8297 1532 8297 4435 8298 4436 8298 4433 8298 4437 8299 4436 8299 4435 8299 4433 8300 4436 8300 4432 8300 4417 8301 4436 8301 4422 8301 4422 8302 4436 8302 4426 8302 4432 8303 4436 8303 4417 8303 4434 8304 4438 8304 1532 8304 4439 8305 4440 8305 4437 8305 4437 8306 4440 8306 4436 8306 4436 8307 4440 8307 4426 8307 4438 8308 4441 8308 1532 8308 4442 8309 4443 8309 4439 8309 4444 8310 4443 8310 4442 8310 4439 8311 4443 8311 4440 8311 4426 8312 4443 8312 4430 8312 4440 8313 4443 8313 4426 8313 4441 8314 4445 8314 1532 8314 4443 8315 4446 8315 4430 8315 4447 8316 4446 8316 4444 8316 4448 8317 4446 8317 4447 8317 4430 8318 4446 8318 4434 8318 4444 8319 4446 8319 4443 8319 4445 8320 4449 8320 1532 8320 4446 8321 4450 8321 4434 8321 4451 8322 4450 8322 4448 8322 4452 8323 4450 8323 4451 8323 4448 8324 4450 8324 4446 8324 4434 8325 4450 8325 4438 8325 4438 8326 4453 8326 4441 8326 4454 8327 4453 8327 4452 8327 4455 8328 4453 8328 4454 8328 4450 8329 4453 8329 4438 8329 4452 8330 4453 8330 4450 8330 4445 8331 4456 8331 4449 8331 4441 8332 4456 8332 4445 8332 4453 8333 4456 8333 4441 8333 4457 8334 4456 8334 4455 8334 4458 8335 4456 8335 4457 8335 4455 8336 4456 8336 4453 8336 4456 8337 4459 8337 4449 8337 4458 8338 4459 8338 4456 8338 4460 8339 4459 8339 4458 8339 4461 8340 4459 8340 4460 8340 1480 8341 4459 8341 4461 8341 1532 8342 4459 8342 1480 8342 4449 8343 4459 8343 1532 8343 1529 8344 3875 8344 1528 8344 1528 8345 3875 8345 4418 8345 4418 8346 3877 8346 4420 8346 3875 8347 3877 8347 4418 8347 4420 8348 3879 8348 4421 8348 3877 8349 3879 8349 4420 8349 4421 8350 3880 8350 4423 8350 4423 8351 3880 8351 4425 8351 3879 8352 3880 8352 4421 8352 3880 8353 3882 8353 4425 8353 4425 8354 3885 8354 4427 8354 4427 8355 3885 8355 4429 8355 3882 8356 3885 8356 4425 8356 3885 8357 3886 8357 4429 8357 4429 8358 3888 8358 4431 8358 4431 8359 3888 8359 4433 8359 3886 8360 3888 8360 4429 8360 4433 8361 3890 8361 4435 8361 3888 8362 3890 8362 4433 8362 3890 8363 3892 8363 4435 8363 3892 8364 3894 8364 4435 8364 4435 8365 3894 8365 4437 8365 3894 8366 3955 8366 4437 8366 4437 8367 3955 8367 4439 8367 3955 8368 3956 8368 4439 8368 4439 8369 3956 8369 4442 8369 3956 8370 3915 8370 4442 8370 4442 8371 3915 8371 4444 8371 4444 8372 3915 8372 4447 8372 3915 8373 3916 8373 4447 8373 3916 8374 3911 8374 4447 8374 4447 8375 3911 8375 4448 8375 3911 8376 3912 8376 4448 8376 4448 8377 3912 8377 4451 8377 3912 8378 3906 8378 4451 8378 4451 8379 3906 8379 4452 8379 3906 8380 3908 8380 4452 8380 4452 8381 3908 8381 4454 8381 4454 8382 3908 8382 4455 8382 3908 8383 3904 8383 4455 8383 3904 8384 3902 8384 4455 8384 4455 8385 3902 8385 4457 8385 3902 8386 3900 8386 4457 8386 4457 8387 3900 8387 4458 8387 3900 8388 3898 8388 4458 8388 4458 8389 3898 8389 4460 8389 4460 8390 3898 8390 4461 8390 3898 8391 3897 8391 4461 8391 4461 8392 1478 8392 1480 8392 3897 8393 1478 8393 4461 8393 1452 8394 4462 8394 1455 8394 4462 8395 4463 8395 1455 8395 4463 8396 4464 8396 1455 8396 4464 8397 4465 8397 1455 8397 4466 8398 4467 8398 1452 8398 4468 8399 4467 8399 4466 8399 4469 8400 4467 8400 4468 8400 1452 8401 4467 8401 4462 8401 4465 8402 4470 8402 1455 8402 4471 8403 4472 8403 4469 8403 4473 8404 4472 8404 4471 8404 4469 8405 4472 8405 4467 8405 4467 8406 4472 8406 4462 8406 4462 8407 4472 8407 4463 8407 4470 8408 4474 8408 1455 8408 4475 8409 4476 8409 4473 8409 4477 8410 4476 8410 4475 8410 4473 8411 4476 8411 4472 8411 4472 8412 4476 8412 4463 8412 4463 8413 4476 8413 4464 8413 4474 8414 4478 8414 1455 8414 4479 8415 4480 8415 4477 8415 4481 8416 4480 8416 4479 8416 4464 8417 4480 8417 4465 8417 4477 8418 4480 8418 4476 8418 4476 8419 4480 8419 4464 8419 4478 8420 4482 8420 1455 8420 4483 8421 4484 8421 4481 8421 4485 8422 4484 8422 4483 8422 4481 8423 4484 8423 4480 8423 4465 8424 4484 8424 4470 8424 4480 8425 4484 8425 4465 8425 4482 8426 4486 8426 1455 8426 4487 8427 4488 8427 4485 8427 4485 8428 4488 8428 4484 8428 4470 8429 4488 8429 4474 8429 4474 8430 4488 8430 4478 8430 4484 8431 4488 8431 4470 8431 4486 8432 4489 8432 1455 8432 4490 8433 4491 8433 4487 8433 4492 8434 4491 8434 4490 8434 4487 8435 4491 8435 4488 8435 4488 8436 4491 8436 4478 8436 4489 8437 4493 8437 1455 8437 4491 8438 4494 8438 4478 8438 4495 8439 4494 8439 4492 8439 4496 8440 4494 8440 4495 8440 4478 8441 4494 8441 4482 8441 4482 8442 4494 8442 4486 8442 4492 8443 4494 8443 4491 8443 4493 8444 4497 8444 1455 8444 4498 8445 4499 8445 4496 8445 4500 8446 4499 8446 4498 8446 4494 8447 4499 8447 4486 8447 4496 8448 4499 8448 4494 8448 4486 8449 4501 8449 4489 8449 4502 8450 4501 8450 4500 8450 4503 8451 4501 8451 4502 8451 4499 8452 4501 8452 4486 8452 4500 8453 4501 8453 4499 8453 4489 8454 4504 8454 4493 8454 4501 8455 4504 8455 4489 8455 4505 8456 4504 8456 4503 8456 4506 8457 4504 8457 4505 8457 4503 8458 4504 8458 4501 8458 4493 8459 4507 8459 4497 8459 4506 8460 4507 8460 4504 8460 4508 8461 4507 8461 4506 8461 4509 8462 4507 8462 4508 8462 1403 8463 4507 8463 4509 8463 1455 8464 4507 8464 1403 8464 4504 8465 4507 8465 4493 8465 4497 8466 4507 8466 1455 8466 1451 8467 3896 8467 1452 8467 1452 8468 3896 8468 4466 8468 4466 8469 3899 8469 4468 8469 3896 8470 3899 8470 4466 8470 4468 8471 3901 8471 4469 8471 3899 8472 3901 8472 4468 8472 4469 8473 3903 8473 4471 8473 4471 8474 3903 8474 4473 8474 3901 8475 3903 8475 4469 8475 3903 8476 3905 8476 4473 8476 4473 8477 3907 8477 4475 8477 4475 8478 3907 8478 4477 8478 3905 8479 3907 8479 4473 8479 3907 8480 3909 8480 4477 8480 4477 8481 3910 8481 4479 8481 4479 8482 3910 8482 4481 8482 3909 8483 3910 8483 4477 8483 3910 8484 3913 8484 4481 8484 4481 8485 3914 8485 4483 8485 3913 8486 3914 8486 4481 8486 3914 8487 3917 8487 4483 8487 4483 8488 3917 8488 4485 8488 3917 8489 3957 8489 4485 8489 4485 8490 3957 8490 4487 8490 4487 8491 3957 8491 4490 8491 3957 8492 3952 8492 4490 8492 3952 8493 3953 8493 4490 8493 4490 8494 3953 8494 4492 8494 3953 8495 3935 8495 4492 8495 4492 8496 3935 8496 4495 8496 4495 8497 3935 8497 4496 8497 3935 8498 3936 8498 4496 8498 3936 8499 3931 8499 4496 8499 4496 8500 3931 8500 4498 8500 3931 8501 3932 8501 4498 8501 4498 8502 3932 8502 4500 8502 3932 8503 3927 8503 4500 8503 4500 8504 3927 8504 4502 8504 3927 8505 3928 8505 4502 8505 4502 8506 3928 8506 4503 8506 3928 8507 3924 8507 4503 8507 4503 8508 3924 8508 4505 8508 3924 8509 3922 8509 4505 8509 4505 8510 3922 8510 4506 8510 3922 8511 3920 8511 4506 8511 4506 8512 3920 8512 4508 8512 4508 8513 3918 8513 4509 8513 3920 8514 3918 8514 4508 8514 4509 8515 1401 8515 1403 8515 3918 8516 1401 8516 4509 8516 4510 8517 4511 8517 1378 8517 4511 8518 4512 8518 1378 8518 4512 8519 4513 8519 1378 8519 4514 8520 4515 8520 1375 8520 4516 8521 4515 8521 4514 8521 4517 8522 4515 8522 4516 8522 1375 8523 4515 8523 1378 8523 1378 8524 4515 8524 4510 8524 4513 8525 4518 8525 1378 8525 4519 8526 4520 8526 4517 8526 4521 8527 4520 8527 4519 8527 4517 8528 4520 8528 4515 8528 4515 8529 4520 8529 4510 8529 4510 8530 4520 8530 4511 8530 4518 8531 4522 8531 1378 8531 4523 8532 4524 8532 4521 8532 4525 8533 4524 8533 4523 8533 4520 8534 4524 8534 4511 8534 4521 8535 4524 8535 4520 8535 4511 8536 4524 8536 4512 8536 4522 8537 4526 8537 1378 8537 4527 8538 4528 8538 4525 8538 4529 8539 4528 8539 4527 8539 4512 8540 4528 8540 4513 8540 4525 8541 4528 8541 4524 8541 4524 8542 4528 8542 4512 8542 4526 8543 4530 8543 1378 8543 4531 8544 4532 8544 4529 8544 4533 8545 4532 8545 4531 8545 4529 8546 4532 8546 4528 8546 4513 8547 4532 8547 4518 8547 4528 8548 4532 8548 4513 8548 4530 8549 4534 8549 1378 8549 4535 8550 4536 8550 4533 8550 4537 8551 4536 8551 4535 8551 4533 8552 4536 8552 4532 8552 4518 8553 4536 8553 4522 8553 4532 8554 4536 8554 4518 8554 4534 8555 4538 8555 1378 8555 4539 8556 4540 8556 4537 8556 4522 8557 4540 8557 4526 8557 4537 8558 4540 8558 4536 8558 4526 8559 4540 8559 4530 8559 4536 8560 4540 8560 4522 8560 4538 8561 4541 8561 1378 8561 4540 8562 4542 8562 4530 8562 4543 8563 4542 8563 4539 8563 4544 8564 4542 8564 4543 8564 4539 8565 4542 8565 4540 8565 4530 8566 4542 8566 4534 8566 4541 8567 4545 8567 1378 8567 4546 8568 4547 8568 4544 8568 4548 8569 4547 8569 4546 8569 4542 8570 4547 8570 4534 8570 4544 8571 4547 8571 4542 8571 4534 8572 4549 8572 4538 8572 4550 8573 4549 8573 4548 8573 4551 8574 4549 8574 4550 8574 4547 8575 4549 8575 4534 8575 4548 8576 4549 8576 4547 8576 4538 8577 4552 8577 4541 8577 4549 8578 4552 8578 4538 8578 4553 8579 4552 8579 4551 8579 4554 8580 4552 8580 4553 8580 4551 8581 4552 8581 4549 8581 4541 8582 4555 8582 4545 8582 4554 8583 4555 8583 4552 8583 4556 8584 4555 8584 4554 8584 4557 8585 4555 8585 4556 8585 1326 8586 4555 8586 4557 8586 1378 8587 4555 8587 1326 8587 4545 8588 4555 8588 1378 8588 4552 8589 4555 8589 4541 8589 1374 8590 3919 8590 1375 8590 1375 8591 3919 8591 4514 8591 4514 8592 3921 8592 4516 8592 3919 8593 3921 8593 4514 8593 4516 8594 3923 8594 4517 8594 3921 8595 3923 8595 4516 8595 4517 8596 3925 8596 4519 8596 4519 8597 3925 8597 4521 8597 3923 8598 3925 8598 4517 8598 3925 8599 3926 8599 4521 8599 4521 8600 3929 8600 4523 8600 4523 8601 3929 8601 4525 8601 3926 8602 3929 8602 4521 8602 3929 8603 3930 8603 4525 8603 4525 8604 3933 8604 4527 8604 4527 8605 3933 8605 4529 8605 3930 8606 3933 8606 4525 8606 3933 8607 3934 8607 4529 8607 4529 8608 3937 8608 4531 8608 3934 8609 3937 8609 4529 8609 3937 8610 3938 8610 4531 8610 4531 8611 3938 8611 4533 8611 3938 8612 3939 8612 4533 8612 4533 8613 3939 8613 4535 8613 4535 8614 3939 8614 4537 8614 3939 8615 3940 8615 4537 8615 3940 8616 3941 8616 4537 8616 4537 8617 3941 8617 4539 8617 3941 8618 3942 8618 4539 8618 4539 8619 3942 8619 4543 8619 4543 8620 3942 8620 4544 8620 3942 8621 3943 8621 4544 8621 3943 8622 3944 8622 4544 8622 4544 8623 3944 8623 4546 8623 3944 8624 3945 8624 4546 8624 4546 8625 3945 8625 4548 8625 3945 8626 3946 8626 4548 8626 4548 8627 3946 8627 4550 8627 3946 8628 3947 8628 4550 8628 4550 8629 3947 8629 4551 8629 3947 8630 3948 8630 4551 8630 4551 8631 3948 8631 4553 8631 3948 8632 3949 8632 4553 8632 4553 8633 3949 8633 4554 8633 3949 8634 3950 8634 4554 8634 4554 8635 3950 8635 4556 8635 4556 8636 3951 8636 4557 8636 3950 8637 3951 8637 4556 8637 4557 8638 1324 8638 1326 8638 3951 8639 1324 8639 4557 8639 1323 8640 4558 8640 1322 8640 1322 8641 4558 8641 3545 8641 3545 8642 4558 8642 3543 8642 3543 8643 4559 8643 3540 8643 4558 8644 4559 8644 3543 8644 4559 8645 4560 8645 3540 8645 3540 8646 4561 8646 3537 8646 4560 8647 4561 8647 3540 8647 3537 8648 4562 8648 3536 8648 4561 8649 4562 8649 3537 8649 3536 8650 4563 8650 3534 8650 4562 8651 4563 8651 3536 8651 3534 8652 4564 8652 3532 8652 4563 8653 4564 8653 3534 8653 3532 8654 4565 8654 3531 8654 3531 8655 4565 8655 3533 8655 4564 8656 4565 8656 3532 8656 3533 8657 4566 8657 3535 8657 4565 8658 4566 8658 3533 8658 4566 8659 4567 8659 3535 8659 4567 8660 4568 8660 3535 8660 3535 8661 4568 8661 3538 8661 4568 8662 4569 8662 3538 8662 3538 8663 4569 8663 3539 8663 4569 8664 4570 8664 3539 8664 3539 8665 4570 8665 3541 8665 4570 8666 4571 8666 3541 8666 3541 8667 4571 8667 3542 8667 4571 8668 4572 8668 3542 8668 3542 8669 4572 8669 3524 8669 4572 8670 4573 8670 3524 8670 3524 8671 4573 8671 3523 8671 3523 8672 4573 8672 3525 8672 4573 8673 4574 8673 3525 8673 4574 8674 4575 8674 3525 8674 3525 8675 4575 8675 3526 8675 4575 8676 4576 8676 3526 8676 3526 8677 4576 8677 3527 8677 4576 8678 4577 8678 3527 8678 3527 8679 4577 8679 3528 8679 4577 8680 4578 8680 3528 8680 3528 8681 4578 8681 3529 8681 4578 8682 4579 8682 3529 8682 3529 8683 4579 8683 3530 8683 4579 8684 4580 8684 3530 8684 3530 8685 4580 8685 3513 8685 3513 8686 4581 8686 3510 8686 4580 8687 4581 8687 3513 8687 3510 8688 4581 8688 1274 8688 4581 8689 1272 8689 1274 8689 1310 8690 1308 8690 1259 8690 1259 8691 1308 8691 1257 8691 1259 8692 1312 8692 1310 8692 1261 8693 1312 8693 1259 8693 1257 8694 1306 8694 1255 8694 1308 8695 1306 8695 1257 8695 1263 8696 1314 8696 1261 8696 1261 8697 1314 8697 1312 8697 1255 8698 1304 8698 1253 8698 1306 8699 1304 8699 1255 8699 1265 8700 1316 8700 1263 8700 1267 8701 1316 8701 1265 8701 1263 8702 1316 8702 1314 8702 1251 8703 1302 8703 1249 8703 1253 8704 1302 8704 1251 8704 1304 8705 1302 8705 1253 8705 1267 8706 1318 8706 1316 8706 1302 8707 1300 8707 1249 8707 1269 8708 1320 8708 1267 8708 1267 8709 1320 8709 1318 8709 1249 8710 1299 8710 1246 8710 1300 8711 1299 8711 1249 8711 1270 8712 1323 8712 1269 8712 1269 8713 1323 8713 1320 8713 1246 8714 1296 8714 1245 8714 1299 8715 1296 8715 1246 8715 4582 8716 4558 8716 1270 8716 4583 8717 4558 8717 4582 8717 1270 8718 4558 8718 1323 8718 1245 8719 1295 8719 1242 8719 1296 8720 1295 8720 1245 8720 4583 8721 4559 8721 4558 8721 1242 8722 1292 8722 1241 8722 1295 8723 1292 8723 1242 8723 4584 8724 4560 8724 4583 8724 4585 8725 4560 8725 4584 8725 4583 8726 4560 8726 4559 8726 1241 8727 1290 8727 1239 8727 1292 8728 1290 8728 1241 8728 4585 8729 4561 8729 4560 8729 1239 8730 1288 8730 1237 8730 1290 8731 1288 8731 1239 8731 4586 8732 4562 8732 4585 8732 4585 8733 4562 8733 4561 8733 1237 8734 1286 8734 1235 8734 1288 8735 1286 8735 1237 8735 4587 8736 4563 8736 4586 8736 4586 8737 4563 8737 4562 8737 1284 8738 1233 8738 1286 8738 1286 8739 1233 8739 1235 8739 4587 8740 4588 8740 4563 8740 4563 8741 4588 8741 4564 8741 4588 8742 4565 8742 4564 8742 1284 8743 1231 8743 1233 8743 1282 8744 1231 8744 1284 8744 4588 8745 4589 8745 4565 8745 4565 8746 4589 8746 4566 8746 1282 8747 1229 8747 1231 8747 1280 8748 1229 8748 1282 8748 4589 8749 4590 8749 4566 8749 1280 8750 1227 8750 1229 8750 1278 8751 1227 8751 1280 8751 4590 8752 4591 8752 4566 8752 4566 8753 4591 8753 4567 8753 1278 8754 1225 8754 1227 8754 1276 8755 1225 8755 1278 8755 4591 8756 4592 8756 4567 8756 4567 8757 4592 8757 4568 8757 4568 8758 4592 8758 4569 8758 1276 8759 1223 8759 1225 8759 1273 8760 1223 8760 1276 8760 4592 8761 4593 8761 4569 8761 1272 8762 1222 8762 1273 8762 1273 8763 1222 8763 1223 8763 4581 8764 1222 8764 1272 8764 4593 8765 4594 8765 4569 8765 4569 8766 4594 8766 4570 8766 4581 8767 4595 8767 1222 8767 4594 8768 4596 8768 4570 8768 4570 8769 4596 8769 4571 8769 4581 8770 4597 8770 4595 8770 4579 8771 4597 8771 4580 8771 4580 8772 4597 8772 4581 8772 4596 8773 4598 8773 4571 8773 4571 8774 4598 8774 4572 8774 4579 8775 4599 8775 4597 8775 4598 8776 4600 8776 4572 8776 4572 8777 4600 8777 4573 8777 4579 8778 4601 8778 4599 8778 4577 8779 4601 8779 4578 8779 4578 8780 4601 8780 4579 8780 4600 8781 4602 8781 4573 8781 4573 8782 4602 8782 4574 8782 4577 8783 4603 8783 4601 8783 4574 8784 4604 8784 4575 8784 4602 8785 4604 8785 4574 8785 4577 8786 4605 8786 4603 8786 4575 8787 4605 8787 4576 8787 4576 8788 4605 8788 4577 8788 4604 8789 4605 8789 4575 8789 1271 8790 3054 8790 1270 8790 1270 8791 3054 8791 4582 8791 4582 8792 3054 8792 4583 8792 4583 8793 3038 8793 4584 8793 3054 8794 3038 8794 4583 8794 3038 8795 3033 8795 4584 8795 4584 8796 3031 8796 4585 8796 3033 8797 3031 8797 4584 8797 4585 8798 3030 8798 4586 8798 3031 8799 3030 8799 4585 8799 4586 8800 3027 8800 4587 8800 3030 8801 3027 8801 4586 8801 4587 8802 3026 8802 4588 8802 3027 8803 3026 8803 4587 8803 4588 8804 3025 8804 4589 8804 4589 8805 3025 8805 4590 8805 3026 8806 3025 8806 4588 8806 4590 8807 3028 8807 4591 8807 3025 8808 3028 8808 4590 8808 3028 8809 3029 8809 4591 8809 3029 8810 3032 8810 4591 8810 4591 8811 3032 8811 4592 8811 3032 8812 3035 8812 4592 8812 4592 8813 3035 8813 4593 8813 3035 8814 3037 8814 4593 8814 4593 8815 3037 8815 4594 8815 3037 8816 3009 8816 4594 8816 4594 8817 3009 8817 4596 8817 3009 8818 3008 8818 4596 8818 4596 8819 3008 8819 4598 8819 3008 8820 3010 8820 4598 8820 4598 8821 3010 8821 4600 8821 4600 8822 3010 8822 4602 8822 3010 8823 3011 8823 4602 8823 3011 8824 3012 8824 4602 8824 4602 8825 3012 8825 4604 8825 3012 8826 3013 8826 4604 8826 4604 8827 3013 8827 4605 8827 3013 8828 3014 8828 4605 8828 4605 8829 3014 8829 4603 8829 3014 8830 3015 8830 4603 8830 4603 8831 3015 8831 4601 8831 3015 8832 3016 8832 4601 8832 4601 8833 3016 8833 4599 8833 3016 8834 3017 8834 4599 8834 4599 8835 3017 8835 4597 8835 4597 8836 3018 8836 4595 8836 3017 8837 3018 8837 4597 8837 4595 8838 3018 8838 1222 8838 3018 8839 1220 8839 1222 8839 1219 8840 4606 8840 1218 8840 1218 8841 4606 8841 3492 8841 3492 8842 4606 8842 3493 8842 3493 8843 4607 8843 3501 8843 4606 8844 4607 8844 3493 8844 4607 8845 4608 8845 3501 8845 3501 8846 4609 8846 3519 8846 4608 8847 4609 8847 3501 8847 3519 8848 4610 8848 3518 8848 4609 8849 4610 8849 3519 8849 3518 8850 4611 8850 3491 8850 4610 8851 4611 8851 3518 8851 3491 8852 4612 8852 3490 8852 4611 8853 4612 8853 3491 8853 3490 8854 4613 8854 3489 8854 3489 8855 4613 8855 3488 8855 4612 8856 4613 8856 3490 8856 3488 8857 4614 8857 3487 8857 4613 8858 4614 8858 3488 8858 4614 8859 4615 8859 3487 8859 4615 8860 4616 8860 3487 8860 3487 8861 4616 8861 3486 8861 4616 8862 4617 8862 3486 8862 3486 8863 4617 8863 3485 8863 4617 8864 4618 8864 3485 8864 3485 8865 4618 8865 3484 8865 4618 8866 4619 8866 3484 8866 3484 8867 4619 8867 3483 8867 4619 8868 4620 8868 3483 8868 3483 8869 4620 8869 3482 8869 4620 8870 4621 8870 3482 8870 3482 8871 4621 8871 3481 8871 3481 8872 4621 8872 3480 8872 4621 8873 4622 8873 3480 8873 4622 8874 4623 8874 3480 8874 3480 8875 4623 8875 3479 8875 4623 8876 4624 8876 3479 8876 3479 8877 4624 8877 3478 8877 4624 8878 4625 8878 3478 8878 3478 8879 4625 8879 3477 8879 4625 8880 4626 8880 3477 8880 3477 8881 4626 8881 3476 8881 4626 8882 4627 8882 3476 8882 3476 8883 4627 8883 3475 8883 4627 8884 4628 8884 3475 8884 3475 8885 4628 8885 3474 8885 3474 8886 4629 8886 3473 8886 4628 8887 4629 8887 3474 8887 3473 8888 4629 8888 1170 8888 4629 8889 1168 8889 1170 8889 1155 8890 1206 8890 1153 8890 1206 8891 1204 8891 1153 8891 1155 8892 1208 8892 1206 8892 1157 8893 1208 8893 1155 8893 1153 8894 1202 8894 1151 8894 1204 8895 1202 8895 1153 8895 1159 8896 1210 8896 1157 8896 1157 8897 1210 8897 1208 8897 1151 8898 1200 8898 1149 8898 1202 8899 1200 8899 1151 8899 1161 8900 1212 8900 1159 8900 1163 8901 1212 8901 1161 8901 1159 8902 1212 8902 1210 8902 1149 8903 1198 8903 1147 8903 1200 8904 1198 8904 1149 8904 1163 8905 1214 8905 1212 8905 1147 8906 1196 8906 1145 8906 1198 8907 1196 8907 1147 8907 1165 8908 1216 8908 1163 8908 1163 8909 1216 8909 1214 8909 1145 8910 1195 8910 1142 8910 1196 8911 1195 8911 1145 8911 1165 8912 1219 8912 1216 8912 1166 8913 1219 8913 1165 8913 1142 8914 1192 8914 1141 8914 1195 8915 1192 8915 1142 8915 1166 8916 4606 8916 1219 8916 4630 8917 4606 8917 1166 8917 1141 8918 1191 8918 1138 8918 1192 8919 1191 8919 1141 8919 4631 8920 4607 8920 4630 8920 4630 8921 4607 8921 4606 8921 1138 8922 1188 8922 1137 8922 1191 8923 1188 8923 1138 8923 4632 8924 4608 8924 4631 8924 4631 8925 4608 8925 4607 8925 1135 8926 1186 8926 1133 8926 1137 8927 1186 8927 1135 8927 1188 8928 1186 8928 1137 8928 4633 8929 4609 8929 4632 8929 4632 8930 4609 8930 4608 8930 1186 8931 1184 8931 1133 8931 4634 8932 4610 8932 4633 8932 4633 8933 4610 8933 4609 8933 1133 8934 1182 8934 1131 8934 1184 8935 1182 8935 1133 8935 4634 8936 4635 8936 4610 8936 4635 8937 4611 8937 4610 8937 1182 8938 1180 8938 1131 8938 1180 8939 1129 8939 1131 8939 4611 8940 4636 8940 4612 8940 4635 8941 4636 8941 4611 8941 1180 8942 1127 8942 1129 8942 1178 8943 1127 8943 1180 8943 4636 8944 4637 8944 4612 8944 4612 8945 4637 8945 4613 8945 4613 8946 4637 8946 4614 8946 1178 8947 1125 8947 1127 8947 1174 8948 1125 8948 1176 8948 1176 8949 1125 8949 1178 8949 4637 8950 4638 8950 4614 8950 1174 8951 1123 8951 1125 8951 4638 8952 4639 8952 4614 8952 4614 8953 4639 8953 4615 8953 1174 8954 1121 8954 1123 8954 1172 8955 1121 8955 1174 8955 4639 8956 4640 8956 4615 8956 4615 8957 4640 8957 4616 8957 4616 8958 4640 8958 4617 8958 1172 8959 1119 8959 1121 8959 1169 8960 1119 8960 1172 8960 4640 8961 4641 8961 4617 8961 4617 8962 4641 8962 4618 8962 1169 8963 1118 8963 1119 8963 1168 8964 1118 8964 1169 8964 4629 8965 1118 8965 1168 8965 4641 8966 4642 8966 4618 8966 4629 8967 4643 8967 1118 8967 4642 8968 4644 8968 4618 8968 4618 8969 4644 8969 4619 8969 4629 8970 4645 8970 4643 8970 4627 8971 4645 8971 4628 8971 4628 8972 4645 8972 4629 8972 4644 8973 4646 8973 4619 8973 4619 8974 4646 8974 4620 8974 4627 8975 4647 8975 4645 8975 4646 8976 4648 8976 4620 8976 4620 8977 4648 8977 4621 8977 4621 8978 4648 8978 4622 8978 4627 8979 4649 8979 4647 8979 4625 8980 4649 8980 4626 8980 4626 8981 4649 8981 4627 8981 4648 8982 4650 8982 4622 8982 4622 8983 4650 8983 4623 8983 4625 8984 4651 8984 4649 8984 4650 8985 4652 8985 4623 8985 4623 8986 4653 8986 4624 8986 4624 8987 4653 8987 4625 8987 4625 8988 4653 8988 4651 8988 4652 8989 4653 8989 4623 8989 1167 8990 2974 8990 1166 8990 1166 8991 2974 8991 4630 8991 4630 8992 2974 8992 4631 8992 4631 8993 2982 8993 4632 8993 2974 8994 2982 8994 4631 8994 2982 8995 2985 8995 4632 8995 4632 8996 2983 8996 4633 8996 2985 8997 2983 8997 4632 8997 4633 8998 2976 8998 4634 8998 2983 8999 2976 8999 4633 8999 4634 9000 2968 9000 4635 9000 2976 9001 2968 9001 4634 9001 4635 9002 2962 9002 4636 9002 2968 9003 2962 9003 4635 9003 4636 9004 2958 9004 4637 9004 4637 9005 2958 9005 4638 9005 2962 9006 2958 9006 4636 9006 4638 9007 2914 9007 4639 9007 2958 9008 2914 9008 4638 9008 2914 9009 2913 9009 4639 9009 2913 9010 2912 9010 4639 9010 4639 9011 2912 9011 4640 9011 2912 9012 2911 9012 4640 9012 4640 9013 2911 9013 4641 9013 2911 9014 2910 9014 4641 9014 4641 9015 2910 9015 4642 9015 2910 9016 2909 9016 4642 9016 4642 9017 2909 9017 4644 9017 2909 9018 2908 9018 4644 9018 4644 9019 2908 9019 4646 9019 2908 9020 2907 9020 4646 9020 4646 9021 2907 9021 4648 9021 4648 9022 2907 9022 4650 9022 2907 9023 2906 9023 4650 9023 2906 9024 2905 9024 4650 9024 4650 9025 2905 9025 4652 9025 2905 9026 2903 9026 4652 9026 4652 9027 2903 9027 4653 9027 2903 9028 2901 9028 4653 9028 4653 9029 2901 9029 4651 9029 2901 9030 2900 9030 4651 9030 4651 9031 2900 9031 4649 9031 2900 9032 2899 9032 4649 9032 4649 9033 2899 9033 4647 9033 2899 9034 2902 9034 4647 9034 4647 9035 2902 9035 4645 9035 4645 9036 2904 9036 4643 9036 2902 9037 2904 9037 4645 9037 4643 9038 2904 9038 1118 9038 2904 9039 1116 9039 1118 9039 3163 9040 2675 9040 2674 9040 3163 9041 2674 9041 3716 9041 2679 9042 3126 9042 3662 9042 2679 9043 3662 9043 2681 9043 3662 9044 3129 9044 3665 9044 3126 9045 3129 9045 3662 9045 3665 9046 3131 9046 3671 9046 3129 9047 3131 9047 3665 9047 3671 9048 3133 9048 3676 9048 3131 9049 3133 9049 3671 9049 3676 9050 3145 9050 3681 9050 3133 9051 3145 9051 3676 9051 3681 9052 3144 9052 3688 9052 3145 9053 3144 9053 3681 9053 3688 9054 3150 9054 3699 9054 3144 9055 3150 9055 3688 9055 3699 9056 3157 9056 3704 9056 3150 9057 3157 9057 3699 9057 3704 9058 3158 9058 3706 9058 3706 9059 3158 9059 3708 9059 3157 9060 3158 9060 3704 9060 3708 9061 3159 9061 3710 9061 3158 9062 3159 9062 3708 9062 3710 9063 3160 9063 3712 9063 3159 9064 3160 9064 3710 9064 3160 9065 3161 9065 3712 9065 3712 9066 3161 9066 3714 9066 3161 9067 3162 9067 3714 9067 3162 9068 3169 9068 3714 9068 3714 9069 3169 9069 3717 9069 3717 9070 3169 9070 3730 9070 3169 9071 3173 9071 3730 9071 3730 9072 3175 9072 3731 9072 3173 9073 3175 9073 3730 9073 3731 9074 3179 9074 3732 9074 3732 9075 3179 9075 3733 9075 3175 9076 3179 9076 3731 9076 3179 9077 3181 9077 3733 9077 3733 9078 3183 9078 3734 9078 3181 9079 3183 9079 3733 9079 3734 9080 3184 9080 3735 9080 3735 9081 3184 9081 3718 9081 3183 9082 3184 9082 3734 9082 3184 9083 3182 9083 3718 9083 3718 9084 3180 9084 3719 9084 3182 9085 3180 9085 3718 9085 3719 9086 3176 9086 3720 9086 3180 9087 3176 9087 3719 9087 3720 9088 3174 9088 3721 9088 3176 9089 3174 9089 3720 9089 3721 9090 3170 9090 3722 9090 3722 9091 3170 9091 3716 9091 3174 9092 3170 9092 3721 9092 3170 9093 3163 9093 3716 9093 3071 9094 2683 9094 2682 9094 3071 9095 2682 9095 3634 9095 3089 9096 3094 9096 3657 9096 3089 9097 3657 9097 3656 9097 3088 9098 3656 9098 3655 9098 3088 9099 3089 9099 3656 9099 3085 9100 3655 9100 3654 9100 3085 9101 3088 9101 3655 9101 3084 9102 3654 9102 3653 9102 3084 9103 3085 9103 3654 9103 3079 9104 3653 9104 3623 9104 3079 9105 3084 9105 3653 9105 3094 9106 3132 9106 3683 9106 3094 9107 3683 9107 3657 9107 3683 9108 3143 9108 3692 9108 3132 9109 3143 9109 3683 9109 3692 9110 3147 9110 3696 9110 3143 9111 3147 9111 3692 9111 3696 9112 3149 9112 3698 9112 3147 9113 3149 9113 3696 9113 3698 9114 3152 9114 3702 9114 3149 9115 3152 9115 3698 9115 3702 9116 3154 9116 3723 9116 3152 9117 3154 9117 3702 9117 3723 9118 3156 9118 3724 9118 3154 9119 3156 9119 3723 9119 3724 9120 3155 9120 3725 9120 3156 9121 3155 9121 3724 9121 3725 9122 3153 9122 3715 9122 3155 9123 3153 9123 3725 9123 3715 9124 3151 9124 3713 9124 3153 9125 3151 9125 3715 9125 3713 9126 3148 9126 3711 9126 3151 9127 3148 9127 3713 9127 3148 9128 3146 9128 3711 9128 3711 9129 3146 9129 3709 9129 3146 9130 3134 9130 3709 9130 3709 9131 3134 9131 3707 9131 3134 9132 3130 9132 3707 9132 3707 9133 3130 9133 3705 9133 3705 9134 3128 9134 3700 9134 3130 9135 3128 9135 3705 9135 3700 9136 3127 9136 3689 9136 3128 9137 3127 9137 3700 9137 3689 9138 3125 9138 3682 9138 3127 9139 3125 9139 3689 9139 3682 9140 3124 9140 3677 9140 3125 9141 3124 9141 3682 9141 3677 9142 3123 9142 3672 9142 3124 9143 3123 9143 3677 9143 3672 9144 3110 9144 3666 9144 3123 9145 3110 9145 3672 9145 3666 9146 3109 9146 3651 9146 3110 9147 3109 9147 3666 9147 3651 9148 3108 9148 3649 9148 3109 9149 3108 9149 3651 9149 3649 9150 3100 9150 3646 9150 3108 9151 3100 9151 3649 9151 3646 9152 3099 9152 3644 9152 3100 9153 3099 9153 3646 9153 3644 9154 3098 9154 3641 9154 3099 9155 3098 9155 3644 9155 3641 9156 3071 9156 3634 9156 3098 9157 3071 9157 3641 9157 2665 9158 2961 9158 3366 9158 2665 9159 3366 9159 2664 9159 2916 9160 2915 9160 3348 9160 2916 9161 3348 9161 3305 9161 2921 9162 3206 9162 3361 9162 2922 9163 2921 9163 3361 9163 2923 9164 3361 9164 3360 9164 2923 9165 2922 9165 3361 9165 2924 9166 3360 9166 3358 9166 2924 9167 2923 9167 3360 9167 2925 9168 3358 9168 3357 9168 2925 9169 2924 9169 3358 9169 2915 9170 3357 9170 3348 9170 2915 9171 2925 9171 3357 9171 3366 9172 2965 9172 3365 9172 2961 9173 2965 9173 3366 9173 3365 9174 2969 9174 3367 9174 2965 9175 2969 9175 3365 9175 3367 9176 2971 9176 3347 9176 2969 9177 2971 9177 3367 9177 3347 9178 2975 9178 3344 9178 2971 9179 2975 9179 3347 9179 3344 9180 2978 9180 3342 9180 2975 9181 2978 9181 3344 9181 3342 9182 2980 9182 3337 9182 2978 9183 2980 9183 3342 9183 3337 9184 2979 9184 3327 9184 2980 9185 2979 9185 3337 9185 3327 9186 2977 9186 3325 9186 2979 9187 2977 9187 3327 9187 3325 9188 2972 9188 3320 9188 2977 9189 2972 9189 3325 9189 3320 9190 2970 9190 3317 9190 2972 9191 2970 9191 3320 9191 2970 9192 2966 9192 3317 9192 3317 9193 2966 9193 3314 9193 2966 9194 2964 9194 3314 9194 3314 9195 2964 9195 3309 9195 2964 9196 2960 9196 3309 9196 3309 9197 2960 9197 3304 9197 3304 9198 2957 9198 3295 9198 2960 9199 2957 9199 3304 9199 3295 9200 2956 9200 3293 9200 2957 9201 2956 9201 3295 9201 3293 9202 2954 9202 3290 9202 2956 9203 2954 9203 3293 9203 3290 9204 2951 9204 3287 9204 2954 9205 2951 9205 3290 9205 3287 9206 2948 9206 3283 9206 2951 9207 2948 9207 3287 9207 3283 9208 2943 9208 3284 9208 2948 9209 2943 9209 3283 9209 3284 9210 2937 9210 3285 9210 2943 9211 2937 9211 3284 9211 3285 9212 2926 9212 3288 9212 2937 9213 2926 9213 3285 9213 3288 9214 2919 9214 3291 9214 2926 9215 2919 9215 3288 9215 3291 9216 2918 9216 3294 9216 2919 9217 2918 9217 3291 9217 3294 9218 2917 9218 3297 9218 2918 9219 2917 9219 3294 9219 3297 9220 2916 9220 3305 9220 2917 9221 2916 9221 3297 9221 3001 9222 2669 9222 2666 9222 3001 9223 2666 9223 3343 9223 2671 9224 3034 9224 3281 9224 2671 9225 3281 9225 2673 9225 3281 9226 3024 9226 3273 9226 3034 9227 3024 9227 3281 9227 3273 9228 3023 9228 3270 9228 3024 9229 3023 9229 3273 9229 3270 9230 3022 9230 3268 9230 3023 9231 3022 9231 3270 9231 3268 9232 3021 9232 3265 9232 3022 9233 3021 9233 3268 9233 3265 9234 3020 9234 3263 9234 3021 9235 3020 9235 3265 9235 3263 9236 3019 9236 3261 9236 3020 9237 3019 9237 3263 9237 3261 9238 3006 9238 3262 9238 3019 9239 3006 9239 3261 9239 3262 9240 3005 9240 3264 9240 3006 9241 3005 9241 3262 9241 3264 9242 3004 9242 3266 9242 3005 9243 3004 9243 3264 9243 3266 9244 3003 9244 3269 9244 3004 9245 3003 9245 3266 9245 3003 9246 3002 9246 3269 9246 3269 9247 3002 9247 3271 9247 3002 9248 3000 9248 3271 9248 3271 9249 3000 9249 3274 9249 3000 9250 2999 9250 3274 9250 3274 9251 2999 9251 3286 9251 3286 9252 2998 9252 3289 9252 2999 9253 2998 9253 3286 9253 3289 9254 2995 9254 3292 9254 2998 9255 2995 9255 3289 9255 3292 9256 2993 9256 3296 9256 2995 9257 2993 9257 3292 9257 3296 9258 2991 9258 3303 9258 2993 9259 2991 9259 3296 9259 3303 9260 2989 9260 3310 9260 2991 9261 2989 9261 3303 9261 3310 9262 2988 9262 3313 9262 2989 9263 2988 9263 3310 9263 3313 9264 2990 9264 3316 9264 2988 9265 2990 9265 3313 9265 3316 9266 2992 9266 3321 9266 2990 9267 2992 9267 3316 9267 3321 9268 2994 9268 3324 9268 2992 9269 2994 9269 3321 9269 3324 9270 2997 9270 3326 9270 2994 9271 2997 9271 3324 9271 3326 9272 2996 9272 3336 9272 2997 9273 2996 9273 3326 9273 3336 9274 3001 9274 3343 9274 2996 9275 3001 9275 3336 9275 1115 9276 1114 9276 3036 9276 3036 9277 3544 9277 3039 9277 1114 9278 3544 9278 3036 9278 3039 9279 3546 9279 3040 9279 3544 9280 3546 9280 3039 9280 3040 9281 3547 9281 3041 9281 3546 9282 3547 9282 3040 9282 3041 9283 3548 9283 3042 9283 3547 9284 3548 9284 3041 9284 3042 9285 3549 9285 3043 9285 3548 9286 3549 9286 3042 9286 3043 9287 3550 9287 3102 9287 3549 9288 3550 9288 3043 9288 3102 9289 3551 9289 3103 9289 3550 9290 3551 9290 3102 9290 3103 9291 3552 9291 3104 9291 3551 9292 3552 9292 3103 9292 3104 9293 3553 9293 3105 9293 3552 9294 3553 9294 3104 9294 3105 9295 3554 9295 3097 9295 3553 9296 3554 9296 3105 9296 3097 9297 3555 9297 3091 9297 3554 9298 3555 9298 3097 9298 3555 9299 3556 9299 3091 9299 3091 9300 3556 9300 3092 9300 3556 9301 3567 9301 3092 9301 3092 9302 3567 9302 3087 9302 3567 9303 3566 9303 3087 9303 3087 9304 3566 9304 3082 9304 3566 9305 3565 9305 3082 9305 3082 9306 3565 9306 3077 9306 3565 9307 3564 9307 3077 9307 3077 9308 3564 9308 3078 9308 3564 9309 3563 9309 3078 9309 3563 9310 3561 9310 3078 9310 3078 9311 3561 9311 3074 9311 3074 9312 3561 9312 3075 9312 3561 9313 3562 9313 3075 9313 3562 9314 3560 9314 3075 9314 3075 9315 3560 9315 3080 9315 3080 9316 3560 9316 3061 9316 3560 9317 3559 9317 3061 9317 3061 9318 3559 9318 3062 9318 3559 9319 3558 9319 3062 9319 3558 9320 3557 9320 3062 9320 3062 9321 3557 9321 3063 9321 3063 9322 3557 9322 1068 9322 3557 9323 1066 9323 1068 9323 1065 9324 1064 9324 3064 9324 3064 9325 3568 9325 3065 9325 1064 9326 3568 9326 3064 9326 3065 9327 3569 9327 3066 9327 3568 9328 3569 9328 3065 9328 3066 9329 3570 9329 3067 9329 3569 9330 3570 9330 3066 9330 3067 9331 3571 9331 3068 9331 3570 9332 3571 9332 3067 9332 3068 9333 3572 9333 3069 9333 3571 9334 3572 9334 3068 9334 3069 9335 3573 9335 3135 9335 3572 9336 3573 9336 3069 9336 3135 9337 3574 9337 3136 9337 3573 9338 3574 9338 3135 9338 3136 9339 3575 9339 3137 9339 3574 9340 3575 9340 3136 9340 3137 9341 3576 9341 3138 9341 3575 9342 3576 9342 3137 9342 3138 9343 3577 9343 3139 9343 3576 9344 3577 9344 3138 9344 3139 9345 3578 9345 3140 9345 3577 9346 3578 9346 3139 9346 3578 9347 3579 9347 3140 9347 3140 9348 3579 9348 3141 9348 3579 9349 3580 9349 3141 9349 3141 9350 3580 9350 3142 9350 3580 9351 3581 9351 3142 9351 3142 9352 3581 9352 3164 9352 3581 9353 3582 9353 3164 9353 3164 9354 3582 9354 3165 9354 3582 9355 3583 9355 3165 9355 3165 9356 3583 9356 3166 9356 3583 9357 3584 9357 3166 9357 3584 9358 3585 9358 3166 9358 3166 9359 3585 9359 3167 9359 3167 9360 3585 9360 3168 9360 3585 9361 3586 9361 3168 9361 3586 9362 3587 9362 3168 9362 3168 9363 3587 9363 3172 9363 3172 9364 3587 9364 3178 9364 3587 9365 3588 9365 3178 9365 3178 9366 3588 9366 3186 9366 3588 9367 3589 9367 3186 9367 3589 9368 3590 9368 3186 9368 3186 9369 3590 9369 3187 9369 3187 9370 3590 9370 1018 9370 3590 9371 1016 9371 1018 9371</p>
        </triangles>
      </mesh>
    </geometry>
  </library_geometries>
  <library_materials>
    <material id="mat_Mesh005" name="Mesh005">
      <instance_effect url="#effect_Mesh005"/>
    </material>
  </library_materials>
  <library_visual_scenes>
    <visual_scene id="myscene">
      <node id="node0" name="node0">
        <instance_geometry url="#geometry0">
          <bind_material>
            <technique_common>
              <instance_material symbol="ref_Mesh005" target="#mat_Mesh005"/>
            </technique_common>
          </bind_material>
        </instance_geometry>
      </node>
    </visual_scene>
  </library_visual_scenes>
  <scene>
    <instance_visual_scene url="#myscene"/>
  </scene>
</COLLADA>
